kampagne;omkostning;klik;visninger;konverteringer;konv_vaerdi;dato;currency
Havehjornet_Search_NonBrand_Havesaeson_202206;33726.87;3754;148421;129;71506.28;04-06-2022;DKK
HAVEHJ_Search_Brand_Alm_202502;2541.11;372;7400;11;8725.93;18-02-2025;DKK
HH_Search_NonBrand_Alm_202408_kopi;11042.36;1273;37381;32;27725.79;23-08-2024;DKK
HH_Search_NonBrand_Alm_202209_kopi;5092.98;944;13964;18;10881.94;13-09-2022;DKK
Havehjornet_Search_NonBrand_Alm_202502;7419.03;1170;22483;23;22780.01;18-02-2025;DKK
HH_Search_Brand_Havesaeson_202405;9681.89;1193;44889;43;27433.96;20-05-2024;DKK
HH_Search_NonBrand_Alm_202408;13799.32;2010;66023;49;30903.73;12-08-2024;DKK
HH_Search_Brand_Alm_202510;4029.01;659;10934;19;12813.06;19-10-2025;DKK
HH_Search_NonBrand_Alm_202208_kopi;11155.16;1464;43666;33;22477.04;13-08-2022;DKK
Havehjornet_Search_NonBrand_Alm_202310;7869.43;1866;39502;24;17479.73;17-10-2023;DKK
hh_dk_Search_Brand_Alm_202201;4513.50;691;15545;22;12504.69;14-01-2022;DKK
hh_dk_Search_Brand_Alm_202301;9647.24;2149;26191;50;32623.36;08-01-2023;DKK
HAVEHJ_Search_NonBrand_Alm_202208;3882.80;918;13570;14;9233.87;20-08-2022;DKK
HAVEHJ_Search_Brand_Alm_202502;13624.36;2495;69763;70;40216.57;04-02-2025;DKK
Havehjornet_Search_Brand_Havesaeson_202306;8259.23;1596;28751;40;25158.36;18-06-2023;DKK
hh_dk_Search_NonBrand_Alm_202401;11162.91;2702;45102;35;20764.10;10-01-2024;DKK
HH_Search_NonBrand_Alm_202403;20738.68;3508;59177;62;38206.10;16-03-2024;DKK
HH_Search_NonBrand_BlackFriday_202411_kopi;11493.79;2129;65949;34;16772.09;01-11-2024;DKK
Havehjornet_Search_Brand_Alm_202410;873.00;940;19553;30;3212.34;19-10-2024;EUR
HAVEHJ_Search_Brand_Alm_202502;4888.11;1041;18985;24;15849.02;17-02-2025;DKK
HH_Search_Brand_Alm_202308_kopi;5712.07;773;24795;27;16191.90;19-08-2023;DKK
hh_dk_Search_NonBrand_Alm_202503;9977.65;1119;39329;30;26708.59;26-03-2025;DKK
HAVEHJ_Search_NonBrand_Alm_202310;8854.70;1839;36098;26;23679.05;10-10-2023;DKK
HAVEHJ_Search_NonBrand_Havesaeson_202405;25135.82;3484;123947;98;54297.35;20-05-2024;DKK
HH_Search_NonBrand_Havesaeson_202505;44143.11;8734;193127;160;99180.23;03-05-2025;DKK
Havehjornet_Search_NonBrand_BlackFriday_202511;13266.50;1696;41916;41;26077.22;13-11-2025;DKK
HAVEHJ_Search_NonBrand_Alm_202510;8618.98;1184;53091;28;16130.08;30-10-2025;DKK
HAVEHJ_Search_Brand_Alm_202402;4062.03;957;18493;17;11201.15;10-02-2024;DKK
Havehjornet_Search_Brand_BlackFriday_202511;10681.21;1306;46622;43;32465.63;19-11-2025;DKK
HAVEHJ_Search_Brand_BlackFriday_202211;5279.78;947;18270;26;15430.76;19-11-2022;DKK
HH_Search_NonBrand_Havesaeson_202205;7335.05;1328;42420;23;17811.95;11-05-2022;DKK
Havehjornet_Search_NonBrand_Alm_202209_kopi;6596.43;820;28980;21;14850.21;20-09-2022;DKK
Havehjornet_Search_Brand_BlackFriday_202311_kopi;786.62;1058;19223;27;2256.46;06-11-2023;EUR
Havehjornet_Search_NonBrand_Alm_202408;18518.01;2204;47970;68;29460.56;30-08-2024;DKK
hh_dk_Search_Brand_Alm_202401;2476.39;507;7185;13;8324.17;24-01-2024;DKK
HH_Search_Brand_Alm_202503;4498.86;585;21646;19;15311.05;23-03-2025;DKK
hh_dk_Search_NonBrand_BlackFriday_202211_kopi;2629.56;2740;69717;69;6434.14;11-11-2022;EUR
hh_dk_Search_NonBrand_Havesaeson_202205;25111.18;4924;86028;95;47514.99;24-05-2022;DKK
HAVEHJ_Search_Brand_Alm_202202;5439.23;857;16968;23;22498.20;08-02-2022;DKK
HAVEHJ_Search_Brand_Alm_202503;4207.17;558;22051;22;10592.76;17-03-2025;DKK
Havehjornet_Search_Brand_Alm_202308;4021.71;497;16917;20;12980.13;15-08-2023;DKK
Havehjornet_Search_NonBrand_Alm_202408_kopi;4381.01;1078;20072;17;10721.47;02-08-2024;DKK
hh_dk_Search_Brand_Alm_202503;17419.98;3516;50306;72;58755.59;03-03-2025;DKK
hh_dk_Search_Brand_Alm_202201;1443.45;196;5490;7;3286.12;11-01-2022;DKK
Havehjornet_Search_NonBrand_Alm_202207;5861.97;744;16798;22;11550.46;10-07-2022;DKK
HAVEHJ_Search_Brand_Havesaeson_202506_kopi;10459.81;2140;29263;53;43298.37;18-06-2025;DKK
HAVEHJ_Search_Brand_Havesaeson_202304;4577.32;674;12743;24;11380.64;05-04-2023;DKK
HAVEHJ_Search_Brand_Alm_202403;7006.75;1040;30090;32;17591.49;11-03-2024;DKK
HH_Search_Brand_Alm_202310;13283.04;1486;35741;58;31372.22;30-10-2023;DKK
HH_Search_NonBrand_Alm_202310;4315.66;541;26042;13;10021.36;13-10-2023;DKK
HH_Search_NonBrand_Havesaeson_202505;19215.04;2454;107109;56;33506.17;04-05-2025;DKK
HAVEHJ_Search_Brand_Alm_202210;4288.30;870;16957;21;8639.21;23-10-2022;DKK
HH_Search_Brand_Alm_202402;16691.82;2611;76003;87;44060.89;06-02-2024;DKK
hh_dk_Search_Brand_Alm_202402;2659.24;375;6957;12;7174.22;12-02-2024;DKK
hh_dk_Search_NonBrand_Alm_202310;15318.31;2622;40776;52;34656.39;07-10-2023;DKK
HH_Search_NonBrand_Alm_202402;8735.55;1710;38111;28;22618.33;02-02-2024;DKK
Havehjornet_Search_Brand_Alm_202403;552.87;579;26819;17;1742.64;21-03-2024;EUR
hh_dk_Search_Brand_Havesaeson_202206;12942.85;1478;34200;59;34469.69;26-06-2022;DKK
HAVEHJ_Search_Brand_Alm_202407;5453.16;1201;15035;23;16072.43;13-07-2024;DKK
Havehjornet_Search_Brand_Jul_202412_kopi;9143.41;1786;54068;40;28226.51;23-12-2024;DKK
HAVEHJ_Search_NonBrand_Havesaeson_202304;8824.59;1102;23847;31;22912.66;02-04-2023;DKK
HH_Search_NonBrand_BlackFriday_202511;4205.26;802;13282;14;10568.26;04-11-2025;DKK
HAVEHJ_Search_Brand_Havesaeson_202504;6599.99;779;22752;34;18984.81;13-04-2025;DKK
Havehjornet_Search_NonBrand_Alm_202202;4902.25;644;24603;15;11993.69;26-02-2022;DKK
Havehjornet_Search_Brand_Jul_202412;721.05;971;30954;22;1975.71;21-12-2024;EUR
hh_dk_Search_Brand_Havesaeson_202206;6528.33;913;16321;35;15438.28;27-06-2022;DKK
hh_dk_Search_NonBrand_BlackFriday_202411;3795.35;4238;71007;83;7004.13;21-11-2024;EUR
HAVEHJ_Search_NonBrand_Alm_202507;713.66;622;14306;21;1689.63;11-07-2025;EUR
Havehjornet_Search_Brand_Jul_202312;7762.66;1251;25661;39;26910.40;10-12-2023;DKK
HAVEHJ_Search_Brand_Alm_202203_kopi;1291.01;2109;37646;50;4085.97;20-03-2022;EUR
HH_Search_NonBrand_Havesaeson_202506;30672.30;4875;122958;97;57994.74;24-06-2025;DKK
Havehjornet_Search_NonBrand_Alm_202503;14424.25;1695;61704;42;36106.10;06-03-2025;DKK
HAVEHJ_Search_NonBrand_Alm_202303;10314.72;2061;66143;35;22690.76;14-03-2023;DKK
hh_dk_Search_NonBrand_Alm_202402_kopi;463.34;437;8697;13;750.53;01-02-2024;EUR
HAVEHJ_Search_NonBrand_Havesaeson_202406;50580.37;8496;248383;149;118974.83;27-06-2024;DKK
HH_Search_NonBrand_Havesaeson_202406;23960.51;5189;70114;81;55959.32;29-06-2024;DKK
HH_Search_Brand_Havesaeson_202306;2882.18;322;7209;14;12349.38;10-06-2023;DKK
HAVEHJ_Search_NonBrand_Havesaeson_202406;12000.14;2650;62209;45;21725.81;19-06-2024;DKK
hh_dk_Search_Brand_Alm_202209;1370.68;1219;31342;51;4450.56;21-09-2022;EUR
HAVEHJ_Search_NonBrand_Alm_202203;18533.01;3599;114908;60;48231.27;05-03-2022;DKK
HAVEHJ_Search_NonBrand_Alm_202309;5219.55;899;14054;20;9392.79;09-09-2023;DKK
HH_Search_NonBrand_Alm_202502;6325.46;1057;19782;22;11567.29;26-02-2025;DKK
HH_Search_NonBrand_Alm_202202;6997.96;814;38854;25;14111.41;17-02-2022;DKK
HH_Search_Brand_Alm_202302;8162.78;1406;45099;39;26950.29;17-02-2023;DKK
HH_Search_NonBrand_BlackFriday_202311_kopi;5753.36;1044;20177;17;13481.98;19-11-2023;DKK
Havehjornet_Search_Brand_Alm_202403;4727.17;1017;14173;20;12644.63;24-03-2024;DKK
hh_dk_Search_Brand_Havesaeson_202406;2721.88;474;8912;14;9110.09;24-06-2024;DKK
hh_dk_Search_Brand_Havesaeson_202504;6359.04;1177;20885;26;18359.39;22-04-2025;DKK
HAVEHJ_Search_NonBrand_Jul_202412;38373.83;5258;98134;133;81786.33;15-12-2024;DKK
hh_dk_Search_Brand_Alm_202303;7932.20;1603;23522;32;16052.11;01-03-2023;DKK
hh_dk_Search_Brand_Havesaeson_202204;8669.41;1438;39588;39;27579.94;10-04-2022;DKK
HH_Search_Brand_Alm_202502_kopi;2891.98;397;11613;13;8334.66;20-02-2025;DKK
HAVEHJ_Search_Brand_Alm_202310;560.74;516;22078;20;1672.80;06-10-2023;EUR
Havehjornet_Search_NonBrand_Alm_202509_kopi;5855.24;953;22080;22;10868.40;06-09-2025;DKK
hh_dk_Search_Brand_Alm_202402;1876.66;228;5873;9;6096.94;20-02-2024;DKK
HAVEHJ_Search_Brand_Alm_202207;6227.25;700;27400;30;18557.17;04-07-2022;DKK
Havehjornet_Search_NonBrand_Havesaeson_202305;43343.72;10120;141367;156;87833.52;10-05-2023;DKK
HAVEHJ_Search_Brand_Havesaeson_202305;5500.88;1083;35831;24;18306.77;30-05-2023;DKK
hh_dk_Search_NonBrand_Alm_202208;8635.47;1755;26249;33;17712.66;25-08-2022;DKK
HH_Search_Brand_Alm_202402;11873.59;1811;51772;53;33246.61;16-02-2024;DKK
Havehjornet_Search_Brand_Alm_202501;5123.09;871;22800;21;14575.60;25-01-2025;DKK
Havehjornet_Search_Brand_Alm_202308;8503.39;1722;35707;46;26222.96;25-08-2023;DKK
hh_dk_Search_NonBrand_Havesaeson_202404;36907.04;5288;138950;125;103926.31;30-04-2024;DKK
hh_dk_Search_Brand_Havesaeson_202406;3265.44;715;19299;17;8185.88;15-06-2024;DKK
Havehjornet_Search_Brand_Alm_202208;1730.12;198;4703;9;5312.14;30-08-2022;DKK
Havehjornet_Search_Brand_Alm_202601;2570.76;610;9521;11;10556.00;03-01-2026;DKK
HAVEHJ_Search_NonBrand_Havesaeson_202404;41309.01;5075;124888;147;100190.16;28-04-2024;DKK
HH_Search_Brand_Alm_202203;2566.28;400;7521;14;10445.01;29-03-2022;DKK
hh_dk_Search_Brand_Alm_202202;1496.15;2044;60638;47;5729.95;25-02-2022;EUR
HAVEHJ_Search_Brand_Alm_202408;3355.12;457;11612;15;8377.80;07-08-2024;DKK
HAVEHJ_Search_Brand_BlackFriday_202211;1143.64;1653;33932;40;3758.93;17-11-2022;EUR
hh_dk_Search_Brand_Jul_202312_kopi;9777.93;1511;26602;49;33581.79;28-12-2023;DKK
hh_dk_Search_Brand_Alm_202410;5908.09;841;21615;24;17614.20;20-10-2024;DKK
HH_Search_NonBrand_Alm_202302;8444.36;1057;24152;30;19405.09;09-02-2023;DKK
HAVEHJ_Search_Brand_Havesaeson_202205_kopi;5799.91;1047;19149;24;20645.05;17-05-2022;DKK
HH_Search_Brand_Alm_202207;6584.74;742;30789;33;20673.20;05-07-2022;DKK
Havehjornet_Search_NonBrand_Alm_202502;2203.02;334;5707;8;3348.25;22-02-2025;DKK
Havehjornet_Search_NonBrand_Alm_202310;10833.87;1308;27297;34;20450.29;11-10-2023;DKK
hh_dk_Search_Brand_Havesaeson_202304;694.57;1168;32449;22;2035.91;18-04-2023;EUR
HH_Search_NonBrand_Alm_202501;10861.32;1210;29867;35;20647.50;30-01-2025;DKK
HH_Search_NonBrand_Jul_202212;29936.26;5017;121891;107;68150.43;20-12-2022;DKK
HH_Search_Brand_Alm_202408_kopi;2122.50;310;9395;11;5694.30;06-08-2024;DKK
HH_Search_NonBrand_Alm_202403_kopi;27470.64;3269;100537;107;67829.66;24-03-2024;DKK
HH_Search_NonBrand_Alm_202410;6921.38;1225;38467;21;12593.98;24-10-2024;DKK
Havehjornet_Search_Brand_BlackFriday_202511_kopi;7054.96;893;32489;30;23541.92;15-11-2025;DKK
Havehjornet_Search_Brand_Havesaeson_202505;9994.28;1672;53033;52;25843.58;11-05-2025;DKK
HH_Search_NonBrand_Alm_202401;5706.73;651;17008;18;10457.88;17-01-2024;DKK
HAVEHJ_Search_Brand_Havesaeson_202204;919.64;943;43338;35;2175.46;28-04-2022;EUR
HH_Search_NonBrand_Alm_202508;11631.56;2184;51280;43;23627.73;20-08-2025;DKK
HAVEHJ_Search_NonBrand_Alm_202408;10032.45;1693;30563;29;22288.26;22-08-2024;DKK
HAVEHJ_Search_NonBrand_Alm_202208;13484.36;1765;75315;51;29994.12;01-08-2022;DKK
Havehjornet_Search_NonBrand_Alm_202201;5861.66;981;26278;20;11189.96;31-01-2022;DKK
HAVEHJ_Search_Brand_BlackFriday_202411;9036.01;1694;28525;36;28892.55;03-11-2024;DKK
HAVEHJ_Search_Brand_Havesaeson_202305;10317.64;1291;47911;43;30255.10;02-05-2023;DKK
hh_dk_Search_NonBrand_Havesaeson_202406;35245.03;6710;179438;118;55361.11;24-06-2024;DKK
hh_dk_Search_NonBrand_Jul_202212;11775.28;2074;34958;43;23899.69;27-12-2022;DKK
HH_Search_NonBrand_Alm_202403;5178.63;636;16580;16;10084.89;03-03-2024;DKK
Havehjornet_Search_NonBrand_Havesaeson_202304;47295.67;7943;164328;174;104179.63;24-04-2023;DKK
hh_dk_Search_Brand_Havesaeson_202405;13201.35;2149;52071;59;37726.75;11-05-2024;DKK
Havehjornet_Search_NonBrand_BlackFriday_202511;27656.96;4390;163756;92;72236.11;18-11-2025;DKK
HH_Search_NonBrand_Havesaeson_202206;41645.20;9122;169410;129;104102.63;18-06-2022;DKK
HAVEHJ_Search_Brand_Havesaeson_202206;9410.74;1461;29495;48;38745.60;19-06-2022;DKK
HAVEHJ_Search_NonBrand_Alm_202302;9457.68;1362;38441;31;21389.71;06-02-2023;DKK
hh_dk_Search_NonBrand_Havesaeson_202204;78011.64;15531;232314;285;183789.08;26-04-2022;DKK
Havehjornet_Search_NonBrand_Havesaeson_202304;39721.41;9413;99688;149;76925.48;09-04-2023;DKK
HH_Search_Brand_Jul_202512;6730.72;757;20683;29;17341.94;04-12-2025;DKK
HAVEHJ_Search_Brand_Alm_202409;4739.20;771;15149;24;16404.32;25-09-2024;DKK
HAVEHJ_Search_Brand_Alm_202303;7696.61;1327;23246;33;18296.18;04-03-2023;DKK
HAVEHJ_Search_NonBrand_Alm_202210;3968.51;462;12548;12;6087.79;11-10-2022;DKK
HH_Search_Brand_Havesaeson_202305;2834.71;385;17520;12;8158.49;27-05-2023;DKK
HH_Search_NonBrand_Havesaeson_202305;38064.24;5519;140763;136;71320.20;19-05-2023;DKK
HH_Search_NonBrand_Havesaeson_202505_kopi;37751.64;8224;248816;148;80300.06;05-05-2025;DKK
HAVEHJ_Search_NonBrand_Havesaeson_202305;39094.71;9737;166370;144;94579.96;13-05-2023;DKK
Havehjornet_Search_NonBrand_Jul_202512;18177.11;3987;90695;66;40212.58;20-12-2025;DKK
HH_Search_NonBrand_Havesaeson_202304_kopi;42372.36;4999;151928;126;58189.42;10-04-2023;DKK
Havehjornet_Search_NonBrand_Alm_202508;10950.87;1456;46618;35;24669.02;18-08-2025;DKK
hh_dk_Search_NonBrand_Alm_202201;5380.52;805;20763;17;12013.84;14-01-2022;DKK
Havehjornet_Search_NonBrand_Havesaeson_202304;66464.88;14294;173257;225;216513.06;26-04-2023;DKK
HH_Search_NonBrand_Havesaeson_202406;38857.28;5828;122573;145;103930.47;25-06-2024;DKK
hh_dk_Search_Brand_Alm_202210;2222.14;361;9627;11;8511.09;27-10-2022;DKK
HH_Search_NonBrand_Alm_202209;7321.64;923;40952;25;17195.52;19-09-2022;DKK
HAVEHJ_Search_Brand_Havesaeson_202204_kopi;9889.91;1606;58306;44;37500.74;26-04-2022;DKK
HAVEHJ_Search_NonBrand_Havesaeson_202405;33023.09;3983;122457;97;72183.78;16-05-2024;DKK
HH_Search_Brand_Alm_202303;750.69;905;33311;26;2528.91;19-03-2023;EUR
Havehjornet_Search_NonBrand_Alm_202401;9198.07;1545;55012;28;18834.75;13-01-2024;DKK
hh_dk_Search_Brand_Havesaeson_202206;668.17;757;20858;23;1764.86;13-06-2022;EUR
Havehjornet_Search_NonBrand_Alm_202309;16707.22;2518;45698;59;45463.01;22-09-2023;DKK
hh_dk_Search_Brand_Jul_202512;8707.24;1362;39631;36;19216.02;31-12-2025;DKK
hh_dk_Search_Brand_Alm_202309_kopi;2506.42;360;8422;12;8026.20;04-09-2023;DKK
HAVEHJ_Search_NonBrand_Alm_202409;4766.93;581;18266;17;9830.95;07-09-2024;DKK
hh_dk_Search_Brand_Alm_202308;2767.50;322;9457;13;8149.33;03-08-2023;DKK
HAVEHJ_Search_Brand_Havesaeson_202204;4997.16;1070;15357;27;15255.97;09-04-2022;DKK
HH_Search_NonBrand_Alm_202407;4664.03;799;19069;16;8195.19;18-07-2024;DKK
Havehjornet_Search_Brand_Alm_202508;6082.24;685;18711;28;14269.15;13-08-2025;DKK
HAVEHJ_Search_NonBrand_Jul_202412;3651.92;457;14962;14;7593.98;05-12-2024;DKK
hh_dk_Search_Brand_Alm_202508;5241.45;859;13593;21;13544.06;06-08-2025;DKK
Havehjornet_Search_Brand_Alm_202408_kopi;5276.32;1233;13659;28;17699.00;01-08-2024;DKK
Havehjornet_Search_NonBrand_Alm_202502;3074.54;455;10154;12;6816.64;28-02-2025;DKK
HAVEHJ_Search_Brand_Alm_202308;6339.62;811;41466;32;16532.21;16-08-2023;DKK
HAVEHJ_Search_Brand_Alm_202310;6734.32;866;19899;29;19506.53;28-10-2023;DKK
hh_dk_Search_NonBrand_Havesaeson_202304_kopi;32462.15;3998;111433;114;83666.86;28-04-2023;DKK
HH_Search_Brand_Alm_202407_kopi;4747.86;553;17852;25;18236.66;06-07-2024;DKK
HAVEHJ_Search_NonBrand_BlackFriday_202411;5811.84;1295;19772;20;14798.28;09-11-2024;DKK
Havehjornet_Search_Brand_Alm_202403;2749.94;498;14203;15;10808.41;29-03-2024;DKK
hh_dk_Search_Brand_Alm_202303;2853.31;657;7547;14;7074.89;24-03-2023;DKK
hh_dk_Search_Brand_Havesaeson_202205;1007.61;1437;23298;40;2922.60;16-05-2022;EUR
Havehjornet_Search_NonBrand_Alm_202401;9473.23;1113;56782;30;23295.49;15-01-2024;DKK
hh_dk_Search_NonBrand_Alm_202509;1188.88;1929;29384;27;2878.64;23-09-2025;EUR
HH_Search_Brand_Alm_202209;2713.78;677;13466;13;7528.03;20-09-2022;DKK
hh_dk_Search_NonBrand_Havesaeson_202205_kopi;43388.83;7343;202761;137;93558.20;20-05-2022;DKK
HH_Search_NonBrand_Alm_202409;5662.11;949;14456;18;12120.13;13-09-2024;DKK
HH_Search_Brand_Alm_202410;6069.26;1090;18759;26;22213.48;02-10-2024;DKK
HH_Search_Brand_Jul_202412;21801.16;5321;72414;99;61302.00;08-12-2024;DKK
Havehjornet_Search_Brand_Alm_202507;1421.37;216;3755;7;5055.56;22-07-2025;DKK
hh_dk_Search_Brand_Alm_202303;7932.20;1603;23522;32;16052.11;01-03-2023;DKK
Havehjornet_Search_NonBrand_BlackFriday_202511;65363.51;11371;188907;242;137054.83;28-11-2025;DKK
HH_Search_NonBrand_Alm_202503;13500.42;2517;45914;47;30138.94;20-03-2025;DKK
hh_dk_Search_NonBrand_Havesaeson_202504;22996.13;2829;75566;86;43054.99;07-04-2025;DKK
HH_Search_NonBrand_Alm_202207;29356.13;3571;169859;93;67030.67;01-07-2022;DKK
HAVEHJ_Search_NonBrand_Havesaeson_202406;2905.13;4770;73483;77;6124.11;05-06-2024;EUR
hh_dk_Search_NonBrand_Alm_202201_kopi;6467.00;1186;18851;19;18113.62;26-01-2022;DKK
HAVEHJ_Search_NonBrand_Alm_202408;5427.94;1296;24916;18;13543.60;14-08-2024;DKK
Havehjornet_Search_NonBrand_Alm_202503_kopi;9588.58;1504;40719;37;20456.97;31-03-2025;DKK
HH_Search_NonBrand_Alm_202301;5306.36;1271;31582;16;10649.19;20-01-2023;DKK
hh_dk_Search_NonBrand_Havesaeson_202306;5861.74;7733;260772;152;9895.56;02-06-2023;EUR
hh_dk_Search_Brand_BlackFriday_202311;19721.42;3491;98867;90;58684.32;11-11-2023;DKK
HAVEHJ_Search_Brand_Alm_202302;7525.05;1238;32152;31;29161.14;25-02-2023;DKK
hh_dk_Search_NonBrand_Alm_202509_kopi;1694.37;1691;47803;46;3088.48;11-09-2025;EUR
Havehjornet_Search_NonBrand_Alm_202409;7386.15;1338;27055;25;16921.53;08-09-2024;DKK
HAVEHJ_Search_Brand_Alm_202303;6092.38;735;21406;32;14675.15;29-03-2023;DKK
HAVEHJ_Search_NonBrand_Alm_202309;5915.93;732;20644;22;12365.01;17-09-2023;DKK
HH_Search_NonBrand_Alm_202207;11114.20;2577;37360;43;18701.90;19-07-2022;DKK
HH_Search_NonBrand_Alm_202203;10043.14;2427;37732;33;21771.77;07-03-2022;DKK
Havehjornet_Search_Brand_BlackFriday_202411;3503.25;447;14143;15;8473.24;10-11-2024;DKK
hh_dk_Search_NonBrand_Alm_202501;9151.41;1229;56860;28;17795.37;05-01-2025;DKK
HH_Search_NonBrand_BlackFriday_202511;5424.32;5570;133843;121;9092.11;22-11-2025;EUR
hh_dk_Search_NonBrand_Alm_202303;11413.09;1290;63941;43;24553.35;31-03-2023;DKK
HAVEHJ_Search_NonBrand_Alm_202408;15295.85;2895;46001;48;39168.57;28-08-2024;DKK
HH_Search_NonBrand_Alm_202508;9623.76;2111;47667;37;20780.49;19-08-2025;DKK
Havehjornet_Search_NonBrand_Alm_202510;10621.43;1253;35981;41;24777.18;18-10-2025;DKK
Havehjornet_Search_Brand_Jul_202212;3825.31;429;18709;19;10779.00;03-12-2022;DKK
Havehjornet_Search_NonBrand_Alm_202509;1268.98;1447;48999;37;2649.13;26-09-2025;EUR
HAVEHJ_Search_NonBrand_Jul_202212;45248.68;9324;158223;160;101531.15;24-12-2022;DKK
hh_dk_Search_Brand_Havesaeson_202205;4317.50;612;11601;23;10922.51;21-05-2022;DKK
hh_dk_Search_Brand_Havesaeson_202505_kopi;12520.04;1822;58301;63;45179.16;22-05-2025;DKK
Havehjornet_Search_Brand_Alm_202509;6721.84;763;41197;28;20018.52;07-09-2025;DKK
HAVEHJ_Search_NonBrand_Alm_202508;20275.65;4051;94260;75;56541.36;08-08-2025;DKK
Havehjornet_Search_Brand_Alm_202501_kopi;4081.17;587;12499;20;8625.84;12-01-2025;DKK
Havehjornet_Search_NonBrand_Jul_202412;11532.32;2000;29971;43;26800.15;28-12-2024;DKK
Havehjornet_Search_NonBrand_Alm_202503;6036.78;842;16963;21;14087.30;29-03-2025;DKK
HAVEHJ_Search_NonBrand_Alm_202503;6977.79;855;45260;25;14227.60;09-03-2025;DKK
HH_Search_NonBrand_Jul_202312;10824.25;1482;41477;41;22390.76;26-12-2023;DKK
HH_Search_Brand_Alm_202301;7591.96;1125;43610;41;25340.11;05-01-2023;DKK
Havehjornet_Search_Brand_Alm_202209;10256.57;1356;36892;50;30624.19;23-09-2022;DKK
Havehjornet_Search_Brand_Alm_202503;2158.72;515;5994;11;6629.86;15-03-2025;DKK
HH_Search_Brand_Alm_202207;6399.36;1035;21620;27;21416.76;23-07-2022;DKK
Havehjornet_Search_NonBrand_Havesaeson_202306;50347.88;9239;218962;196;108986.86;13-06-2023;DKK
hh_dk_Search_Brand_Alm_202203_kopi;3917.95;784;16580;20;13076.52;08-03-2022;DKK
hh_dk_Search_Brand_BlackFriday_202511;10758.98;1487;29064;44;29903.20;18-11-2025;DKK
HAVEHJ_Search_Brand_Alm_202203;4903.75;842;14152;25;17428.29;26-03-2022;DKK
HAVEHJ_Search_NonBrand_BlackFriday_202411;6227.04;1055;41243;23;16206.57;08-11-2024;DKK
Havehjornet_Search_Brand_Alm_202307;4706.77;629;28939;23;10680.71;20-07-2023;DKK
hh_dk_Search_NonBrand_Jul_202512;36223.39;5798;97304;123;78614.60;18-12-2025;DKK
hh_dk_Search_Brand_BlackFriday_202211;5608.14;1276;16594;23;15553.05;08-11-2022;DKK
HAVEHJ_Search_NonBrand_Alm_202201_kopi;6831.68;851;35182;22;15719.81;11-01-2022;DKK
HAVEHJ_Search_NonBrand_BlackFriday_202211;4158.14;7554;84381;99;7945.05;21-11-2022;EUR
hh_dk_Search_Brand_Alm_202309;808.70;846;17312;31;2551.56;17-09-2023;EUR
HAVEHJ_Search_Brand_Havesaeson_202206_kopi;8217.96;1121;26471;41;20937.02;24-06-2022;DKK
HAVEHJ_Search_NonBrand_Alm_202403;749.68;803;27151;18;1325.59;05-03-2024;EUR
Havehjornet_Search_Brand_Alm_202203;12204.34;1445;66252;59;34269.66;05-03-2022;DKK
HAVEHJ_Search_Brand_Alm_202503;2889.90;545;13567;12;8883.80;21-03-2025;DKK
hh_dk_Search_Brand_Alm_202203;3040.18;358;11276;14;11607.05;21-03-2022;DKK
HAVEHJ_Search_Brand_Havesaeson_202404;1898.03;219;7830;10;4201.62;16-04-2024;DKK
Havehjornet_Search_Brand_Havesaeson_202205;5924.95;1158;34902;29;15328.99;30-05-2022;DKK
HH_Search_Brand_Alm_202308;4093.02;819;11902;19;11538.27;20-08-2023;DKK
HAVEHJ_Search_Brand_Alm_202308;3877.26;738;19094;17;9150.39;08-08-2023;DKK
Havehjornet_Search_Brand_Havesaeson_202404;1600.20;293;7796;7;4571.28;06-04-2024;DKK
HH_Search_Brand_Havesaeson_202404;9749.64;1193;40765;47;23258.86;24-04-2024;DKK
Havehjornet_Search_NonBrand_Alm_202301;18376.82;4258;50721;71;45295.32;26-01-2023;DKK
Havehjornet_Search_Brand_Alm_202303;5745.03;971;22809;27;18422.20;10-03-2023;DKK
HH_Search_NonBrand_Alm_202303;12175.74;2380;37978;44;26146.14;28-03-2023;DKK
HH_Search_NonBrand_Alm_202409;4247.27;798;12614;16;6160.07;04-09-2024;DKK
Havehjornet_Search_Brand_Alm_202202;7340.87;907;22923;32;22603.21;11-02-2022;DKK
HAVEHJ_Search_Brand_Havesaeson_202205;607.00;664;16399;25;1765.46;03-05-2022;EUR
Havehjornet_Search_NonBrand_Alm_202302;11986.70;1813;44426;41;20356.71;07-02-2023;DKK
Havehjornet_Search_NonBrand_Alm_202409;8357.68;1488;30837;33;20075.68;20-09-2024;DKK
HAVEHJ_Search_NonBrand_Havesaeson_202205;19239.71;2380;60046;67;43429.93;28-05-2022;DKK
Havehjornet_Search_Brand_Alm_202410;7426.06;871;27097;32;22874.71;12-10-2024;DKK
Havehjornet_Search_Brand_Alm_202210;1710.95;262;5745;8;5129.70;18-10-2022;DKK
Havehjornet_Search_Brand_BlackFriday_202211;6536.31;1097;24761;27;17220.99;13-11-2022;DKK
HAVEHJ_Search_NonBrand_Alm_202208;3340.06;412;13629;10;8040.87;21-08-2022;DKK
hh_dk_Search_NonBrand_Alm_202302_kopi;13573.15;2125;50426;48;24457.69;16-02-2023;DKK
Havehjornet_Search_NonBrand_BlackFriday_202411_kopi;22344.81;3606;80818;82;55860.82;18-11-2024;DKK
Havehjornet_Search_Brand_Havesaeson_202504;6685.58;1434;34549;30;21129.03;12-04-2025;DKK
hh_dk_Search_Brand_Alm_202307;3450.09;430;9492;15;9928.94;21-07-2023;DKK
HAVEHJ_Search_Brand_Alm_202209;3763.24;857;13388;17;13172.79;15-09-2022;DKK
Havehjornet_Search_NonBrand_Alm_202410_kopi;14037.41;3444;44025;46;36157.73;19-10-2024;DKK
hh_dk_Search_Brand_Alm_202402;7066.96;1656;32663;30;20450.22;03-02-2024;DKK
Havehjornet_Search_Brand_Havesaeson_202305;8871.14;1090;23312;41;31795.98;21-05-2023;DKK
Havehjornet_Search_Brand_Alm_202308;3691.44;628;12296;20;11736.17;09-08-2023;DKK
hh_dk_Search_Brand_Alm_202409;7081.38;1147;28128;34;23414.73;02-09-2024;DKK
hh_dk_Search_NonBrand_Alm_202309;13377.03;1925;37858;40;26728.14;13-09-2023;DKK
HH_Search_NonBrand_Jul_202312;53414.86;7629;271487;191;146587.02;02-12-2023;DKK
HH_Search_Brand_Alm_202401;4587.46;701;12937;24;15955.77;26-01-2024;DKK
HAVEHJ_Search_NonBrand_Alm_202501;1092.45;1629;22856;30;3023.84;02-01-2025;EUR
Havehjornet_Search_NonBrand_Havesaeson_202405;7708.83;8647;146392;167;15154.16;13-05-2024;EUR
HH_Search_Brand_Alm_202208;2253.76;435;7466;12;7959.21;04-08-2022;DKK
Havehjornet_Search_NonBrand_Havesaeson_202505;41812.29;10043;273074;143;79425.17;26-05-2025;DKK
Havehjornet_Search_Brand_BlackFriday_202511;1682.94;2309;50042;61;3995.65;24-11-2025;EUR
Havehjornet_Search_Brand_Havesaeson_202306;4970.91;825;19153;25;15810.99;30-06-2023;DKK
HH_Search_NonBrand_Alm_202402;18428.41;2827;87060;72;46776.90;12-02-2024;DKK
HAVEHJ_Search_NonBrand_Alm_202207_kopi;6674.05;1357;20339;22;16137.34;22-07-2022;DKK
Havehjornet_Search_NonBrand_Alm_202310_kopi;9593.96;1299;24457;30;16733.59;21-10-2023;DKK
Havehjornet_Search_NonBrand_Alm_202207;1105.89;1993;22116;25;2116.25;23-07-2022;EUR
HAVEHJ_Search_NonBrand_Alm_202502;21137.57;2839;54893;72;59872.34;21-02-2025;DKK
hh_dk_Search_Brand_Havesaeson_202305;8600.75;1244;32950;41;24046.41;12-05-2023;DKK
hh_dk_Search_NonBrand_Alm_202408;6847.73;984;23007;23;12507.89;19-08-2024;DKK
HAVEHJ_Search_NonBrand_BlackFriday_202211;7426.10;1852;22593;28;14635.98;14-11-2022;DKK
HAVEHJ_Search_Brand_Alm_202510;6427.04;1084;18085;26;21221.72;28-10-2025;DKK
HAVEHJ_Search_Brand_Alm_202407;1218.05;192;5148;6;3834.04;27-07-2024;DKK
hh_dk_Search_NonBrand_Alm_202401;6526.87;849;18189;23;14063.01;28-01-2024;DKK
HAVEHJ_Search_Brand_Alm_202409;11169.87;1554;51134;49;32460.77;06-09-2024;DKK
Havehjornet_Search_NonBrand_Havesaeson_202504;36531.04;5141;128832;128;79101.28;15-04-2025;DKK
hh_dk_Search_NonBrand_Havesaeson_202305;24933.59;5197;106510;78;41385.34;26-05-2023;DKK
hh_dk_Search_Brand_Havesaeson_202405;13018.03;1581;45704;65;40203.01;29-05-2024;DKK
HH_Search_NonBrand_Alm_202203;19055.56;3626;55058;56;53732.95;15-03-2022;DKK
HAVEHJ_Search_NonBrand_Alm_202301;19050.02;3519;100170;64;45141.51;27-01-2023;DKK
HH_Search_Brand_Alm_202501;11319.76;1770;39469;54;38930.99;05-01-2025;DKK
hh_dk_Search_Brand_Alm_202508;11909.55;2030;45854;54;33156.45;14-08-2025;DKK
Havehjornet_Search_NonBrand_Havesaeson_202506;36747.30;4183;180999;120;65407.69;12-06-2025;DKK
Havehjornet_Search_Brand_Alm_202307;6506.68;897;16294;27;25355.85;07-07-2023;DKK
HH_Search_NonBrand_Alm_202403;16891.46;3209;54156;57;27958.58;13-03-2024;DKK
Havehjornet_Search_NonBrand_Alm_202507;18007.27;2121;113253;66;33419.27;07-07-2025;DKK
Havehjornet_Search_Brand_Havesaeson_202304;12818.13;2203;53684;56;37513.81;15-04-2023;DKK
hh_dk_Search_NonBrand_BlackFriday_202411;32545.11;3720;159744;105;70315.02;28-11-2024;DKK
Havehjornet_Search_NonBrand_Alm_202407;9804.32;1496;29868;30;19189.01;27-07-2024;DKK
Havehjornet_Search_NonBrand_Alm_202403;19714.76;2283;97954;72;33631.90;09-03-2024;DKK
hh_dk_Search_Brand_Havesaeson_202406;8503.15;1126;21326;42;22699.16;27-06-2024;DKK
HH_Search_Brand_Alm_202403;4406.21;943;18775;19;11236.77;23-03-2024;DKK
Havehjornet_Search_NonBrand_Alm_202303;8425.34;2018;25095;25;19012.71;05-03-2023;DKK
HH_Search_Brand_Alm_202401;4196.17;752;12878;19;16189.99;23-01-2024;DKK
HAVEHJ_Search_NonBrand_Alm_202507;14205.30;1633;54374;49;28051.03;16-07-2025;DKK
hh_dk_Search_NonBrand_Alm_202308;14133.23;1623;40401;42;33936.18;23-08-2023;DKK
Havehjornet_Search_Brand_Alm_202210;2158.49;458;6677;9;6406.84;19-10-2022;DKK
HH_Search_Brand_Havesaeson_202306;4022.44;849;24462;17;13549.30;11-06-2023;DKK
hh_dk_Search_NonBrand_Alm_202509;5267.88;848;13961;20;12700.31;21-09-2025;DKK
HH_Search_NonBrand_Alm_202508;5404.88;680;14453;19;12715.45;25-08-2025;DKK
Havehjornet_Search_NonBrand_Alm_202303;14759.33;2892;63330;43;29211.18;01-03-2023;DKK
Havehjornet_Search_NonBrand_Alm_202302;9940.41;1505;30541;33;13202.16;27-02-2023;DKK
Havehjornet_Search_NonBrand_Alm_202510;2807.54;410;15648;9;6933.07;07-10-2025;DKK
HH_Search_NonBrand_Alm_202307;19829.54;2814;50921;74;51611.48;24-07-2023;DKK
hh_dk_Search_Brand_Havesaeson_202406;12393.10;1994;40879;56;27837.87;23-06-2024;DKK
hh_dk_Search_NonBrand_Alm_202508;11965.74;2385;70871;36;21774.67;09-08-2025;DKK
Havehjornet_Search_Brand_Alm_202202;5211.49;610;18774;27;12532.25;10-02-2022;DKK
hh_dk_Search_NonBrand_Havesaeson_202406;26522.00;6209;69344;94;55861.97;18-06-2024;DKK
HH_Search_NonBrand_Havesaeson_202504;16283.10;2651;61704;62;35973.86;11-04-2025;DKK
HAVEHJ_Search_NonBrand_BlackFriday_202211;7573.93;1707;26452;23;16593.77;16-11-2022;DKK
hh_dk_Search_NonBrand_Alm_202301;7025.24;939;44241;23;21227.74;10-01-2023;DKK
HH_Search_Brand_Jul_202312;9882.93;2116;27893;45;24620.38;27-12-2023;DKK
hh_dk_Search_Brand_Havesaeson_202505_kopi;6534.19;938;36003;30;21251.37;10-05-2025;DKK
hh_dk_Search_NonBrand_Havesaeson_202306;36763.93;4355;94430;142;69991.85;15-06-2023;DKK
HAVEHJ_Search_NonBrand_Alm_202502;3557.81;501;10030;12;7705.79;01-02-2025;DKK
HAVEHJ_Search_NonBrand_Havesaeson_202406;27978.93;4719;99739;103;50364.89;01-06-2024;DKK
HH_Search_NonBrand_Havesaeson_202305;25153.94;5116;65697;74;57907.68;20-05-2023;DKK
Havehjornet_Search_Brand_Havesaeson_202504;8313.53;1158;43135;36;27283.09;30-04-2025;DKK
HAVEHJ_Search_NonBrand_Havesaeson_202406;42338.61;5245;111637;129;109910.46;14-06-2024;DKK
hh_dk_Search_Brand_Alm_202201;11159.91;1490;56474;53;31938.18;04-01-2022;DKK
hh_dk_Search_NonBrand_Alm_202403;16221.13;2691;40712;53;30531.41;10-03-2024;DKK
Havehjornet_Search_NonBrand_Havesaeson_202204;4221.87;483;12352;14;6971.60;03-04-2022;DKK
hh_dk_Search_NonBrand_Havesaeson_202205_kopi;61445.83;13693;172734;180;124605.48;29-05-2022;DKK
hh_dk_Search_NonBrand_Alm_202302;15452.66;1727;53252;51;34396.94;04-02-2023;DKK
HAVEHJ_Search_Brand_Alm_202409;13286.80;3065;44317;63;32860.35;05-09-2024;DKK
HH_Search_Brand_Alm_202409;5098.56;660;14270;27;15972.50;07-09-2024;DKK
hh_dk_Search_Brand_Havesaeson_202406_kopi;4167.24;776;16886;21;11816.61;05-06-2024;DKK
hh_dk_Search_Brand_Havesaeson_202304;2979.41;387;16774;14;10017.87;01-04-2023;DKK
HAVEHJ_Search_Brand_Alm_202302;22451.73;2890;87256;119;62822.69;18-02-2023;DKK
hh_dk_Search_NonBrand_Havesaeson_202505;46907.52;7942;194646;180;81676.05;06-05-2025;DKK
HAVEHJ_Search_Brand_BlackFriday_202411;4782.73;614;21534;24;17378.27;24-11-2024;DKK
HH_Search_Brand_Alm_202503;4573.76;537;27187;18;14898.29;29-03-2025;DKK
hh_dk_Search_NonBrand_Alm_202407;991.91;842;23110;28;1639.30;23-07-2024;EUR
hh_dk_Search_NonBrand_Alm_202310;3354.30;385;12083;11;7039.90;20-10-2023;DKK
HH_Search_NonBrand_Havesaeson_202204;17785.14;4401;98690;60;40022.02;21-04-2022;DKK
HH_Search_NonBrand_Havesaeson_202404;73536.52;9204;471885;213;177295.03;11-04-2024;DKK
Havehjornet_Search_NonBrand_Alm_202310;10602.79;1877;47144;35;24299.58;08-10-2023;DKK
HAVEHJ_Search_NonBrand_Alm_202310_kopi;5085.91;928;14503;15;11164.29;30-10-2023;DKK
HH_Search_NonBrand_Havesaeson_202205_kopi;47933.39;7928;186172;148;101417.54;02-05-2022;DKK
HAVEHJ_Search_Brand_Havesaeson_202505;1653.54;1987;38806;56;4567.73;07-05-2025;EUR
HH_Search_Brand_Alm_202209_kopi;6503.40;881;21291;27;16549.27;09-09-2022;DKK
Havehjornet_Search_NonBrand_Havesaeson_202206;49959.45;7484;285089;178;124657.74;23-06-2022;DKK
hh_dk_Search_NonBrand_Jul_202312;15117.91;3070;83864;49;35383.93;09-12-2023;DKK
hh_dk_Search_Brand_Alm_202502_kopi;4311.85;630;12661;17;11307.27;03-02-2025;DKK
hh_dk_Search_Brand_Alm_202303_kopi;4814.98;563;20314;24;13890.91;07-03-2023;DKK
hh_dk_Search_Brand_Jul_202212;11016.40;1695;31664;58;44638.08;24-12-2022;DKK
HH_Search_NonBrand_Alm_202301;10025.96;1878;26697;38;24838.15;18-01-2023;DKK
HAVEHJ_Search_NonBrand_Alm_202208;13099.63;3229;35318;49;25509.11;02-08-2022;DKK
HH_Search_NonBrand_Alm_202201;1146.10;1340;26459;25;2465.25;10-01-2022;EUR
HAVEHJ_Search_Brand_Alm_202210;21007.39;4399;60361;112;68513.99;01-10-2022;DKK
HH_Search_NonBrand_Alm_202401;12114.47;1809;32903;44;24366.98;11-01-2024;DKK
HH_Search_Brand_Havesaeson_202405;10507.19;1252;60470;44;29966.37;04-05-2024;DKK
HAVEHJ_Search_NonBrand_Alm_202508;4025.95;797;17431;12;9537.99;07-08-2025;DKK
hh_dk_Search_Brand_Alm_202502;3918.61;732;11019;18;9135.91;26-02-2025;DKK
Havehjornet_Search_NonBrand_Alm_202210;7726.01;1003;26916;26;14146.11;25-10-2022;DKK
HH_Search_NonBrand_Havesaeson_202404;29802.79;5268;116809;110;56410.59;05-04-2024;DKK
Havehjornet_Search_NonBrand_Havesaeson_202305;59704.70;12233;332818;184;119927.33;08-05-2023;DKK
Havehjornet_Search_NonBrand_BlackFriday_202211;4653.30;655;23961;16;11555.04;17-11-2022;DKK
HH_Search_Brand_Alm_202310;5838.87;1088;33451;32;21180.48;07-10-2023;DKK
Havehjornet_Search_NonBrand_Havesaeson_202204_kopi;23749.25;4620;136829;83;65731.33;22-04-2022;DKK
Havehjornet_Search_Brand_Alm_202503;483.04;518;12957;19;1576.58;13-03-2025;EUR
hh_dk_Search_Brand_Alm_202202;7760.02;1066;24481;31;20884.55;15-02-2022;DKK
Havehjornet_Search_Brand_Havesaeson_202406;10044.32;2217;47102;45;26448.37;01-06-2024;DKK
hh_dk_Search_Brand_Alm_202501;8477.56;949;40397;38;23274.34;28-01-2025;DKK
HAVEHJ_Search_Brand_Havesaeson_202404;5152.60;595;13930;24;13273.50;01-04-2024;DKK
hh_dk_Search_NonBrand_Alm_202207;1081.12;921;24330;26;1800.66;27-07-2022;EUR
Havehjornet_Search_NonBrand_Alm_202410_kopi;9376.51;1521;36746;32;19636.99;17-10-2024;DKK
HH_Search_NonBrand_Havesaeson_202206;61604.31;11279;211310;184;139032.37;08-06-2022;DKK
HH_Search_NonBrand_Alm_202210;9369.75;1667;43694;30;21333.15;17-10-2022;DKK
HH_Search_NonBrand_Alm_202309_kopi;17036.18;2841;99224;63;31859.93;25-09-2023;DKK
HAVEHJ_Search_Brand_Havesaeson_202504;8476.30;1076;46895;42;23263.04;24-04-2025;DKK
hh_dk_Search_Brand_Alm_202301;3524.35;442;10300;18;10875.47;06-01-2023;DKK
HH_Search_NonBrand_Alm_202208;9908.98;1641;46182;34;18400.42;03-08-2022;DKK
HH_Search_NonBrand_Jul_202412;1106.84;1227;38886;26;2427.77;06-12-2024;EUR
Havehjornet_Search_Brand_Alm_202209;9446.94;1417;48959;50;30900.92;25-09-2022;DKK
HH_Search_Brand_Alm_202410;2773.76;395;7826;13;7525.74;11-10-2024;DKK
hh_dk_Search_Brand_Alm_202508;4276.84;718;13034;23;15382.11;18-08-2025;DKK
HH_Search_NonBrand_Alm_202409;8670.81;1394;22341;30;23678.57;28-09-2024;DKK
HAVEHJ_Search_NonBrand_Alm_202202_kopi;9515.88;2046;24596;31;19903.68;01-02-2022;DKK
HH_Search_Brand_Alm_202207;5949.65;809;17830;30;14051.31;27-07-2022;DKK
HH_Search_NonBrand_Alm_202210_kopi;480.85;486;10967;12;877.19;08-10-2022;EUR
HAVEHJ_Search_NonBrand_Alm_202310;4711.87;927;20193;16;11389.53;09-10-2023;DKK
HAVEHJ_Search_NonBrand_Havesaeson_202204_kopi;66926.12;8702;295050;194;132207.36;18-04-2022;DKK
hh_dk_Search_NonBrand_Havesaeson_202506;73816.57;15634;231372;273;155069.99;09-06-2025;DKK
hh_dk_Search_NonBrand_Alm_202202;9985.16;1395;49248;29;28152.50;24-02-2022;DKK
hh_dk_Search_NonBrand_Alm_202502;14416.62;1968;82626;43;30588.46;04-02-2025;DKK
hh_dk_Search_Brand_Alm_202409;4403.48;520;24401;22;17827.10;17-09-2024;DKK
HH_Search_Brand_Jul_202312;7545.30;1747;49881;38;26135.93;08-12-2023;DKK
HH_Search_NonBrand_Alm_202302;8947.07;1834;24355;26;24281.31;17-02-2023;DKK
HAVEHJ_Search_NonBrand_Havesaeson_202505;8157.03;10424;266668;184;23291.49;31-05-2025;EUR
HH_Search_Brand_Alm_202301;6764.31;1099;35952;36;21041.37;03-01-2023;DKK
HAVEHJ_Search_Brand_Alm_202210;8097.44;1165;26210;41;25915.57;03-10-2022;DKK
HAVEHJ_Search_Brand_BlackFriday_202311_kopi;10911.12;1587;35014;48;31279.04;08-11-2023;DKK
HAVEHJ_Search_Brand_Alm_202501;16956.77;1923;88715;85;45344.09;04-01-2025;DKK
HAVEHJ_Search_NonBrand_Alm_202510;1150.40;1407;43339;26;2776.12;25-10-2025;EUR
hh_dk_Search_NonBrand_BlackFriday_202411;41653.93;5582;156497;146;89708.05;27-11-2024;DKK
HH_Search_Brand_Havesaeson_202504;5268.32;952;19137;24;12762.71;20-04-2025;DKK
hh_dk_Search_NonBrand_Jul_202412;6875.70;6547;216962;184;21477.77;22-12-2024;EUR
HH_Search_NonBrand_Alm_202409;1880.79;326;5748;6;3708.49;12-09-2024;DKK
Havehjornet_Search_Brand_Alm_202307;5523.18;898;18662;27;23952.22;27-07-2023;DKK
HAVEHJ_Search_Brand_BlackFriday_202311;916.38;780;21986;33;3230.36;29-11-2023;EUR
HAVEHJ_Search_Brand_Havesaeson_202406;6062.79;920;18513;25;16029.60;18-06-2024;DKK
hh_dk_Search_Brand_Havesaeson_202204;6900.39;788;37741;35;16642.17;06-04-2022;DKK
HAVEHJ_Search_Brand_BlackFriday_202211;6916.47;829;21130;35;24794.19;23-11-2022;DKK
hh_dk_Search_NonBrand_Alm_202310;10327.03;1873;31727;32;21722.29;03-10-2023;DKK
hh_dk_Search_Brand_Alm_202508;8046.05;1006;29519;34;22035.05;24-08-2025;DKK
Havehjornet_Search_Brand_Alm_202510_kopi;10534.93;1347;29485;48;26077.90;13-10-2025;DKK
Havehjornet_Search_NonBrand_BlackFriday_202411;8896.23;1096;25093;29;18888.88;13-11-2024;DKK
HAVEHJ_Search_NonBrand_Jul_202212;1652.15;2464;68487;36;3039.45;07-12-2022;EUR
Havehjornet_Search_Brand_Alm_202403;4093.35;986;14215;19;11403.37;19-03-2024;DKK
HH_Search_Brand_Alm_202301;6173.86;1198;20219;30;18244.42;01-01-2023;DKK
hh_dk_Search_NonBrand_Alm_202503;5506.68;1003;34638;18;11639.47;12-03-2025;DKK
Havehjornet_Search_Brand_Havesaeson_202506_kopi;10681.92;1238;42231;44;32614.77;03-06-2025;DKK
Havehjornet_Search_NonBrand_Alm_202303;1475.72;2333;30022;33;3458.34;23-03-2023;EUR
hh_dk_Search_Brand_Alm_202303;755.91;669;16508;23;2115.98;15-03-2023;EUR
Havehjornet_Search_NonBrand_Alm_202503;9644.00;1391;46747;29;19264.26;03-03-2025;DKK
HAVEHJ_Search_NonBrand_Alm_202407;6224.18;824;23566;23;12934.90;26-07-2024;DKK
HH_Search_Brand_Alm_202209;7162.05;1295;40546;35;23654.58;30-09-2022;DKK
HAVEHJ_Search_Brand_Alm_202209_kopi;5024.28;874;17729;23;18607.46;12-09-2022;DKK
hh_dk_Search_Brand_Alm_202410;3496.98;590;10081;16;8360.15;27-10-2024;DKK
Havehjornet_Search_NonBrand_Havesaeson_202406;45863.60;7088;127924;139;118147.09;10-06-2024;DKK
HAVEHJ_Search_NonBrand_BlackFriday_202411;22128.96;4224;110982;72;47182.64;23-11-2024;DKK
HH_Search_NonBrand_Alm_202510;7569.48;960;25875;23;13362.74;02-10-2025;DKK
HH_Search_NonBrand_Havesaeson_202506;40223.24;8581;256743;137;83687.77;10-06-2025;DKK
Havehjornet_Search_Brand_Alm_202209;11129.13;1451;30703;58;33760.67;07-09-2022;DKK
hh_dk_Search_Brand_Alm_202308;8105.99;1269;33950;34;20435.56;27-08-2023;DKK
Havehjornet_Search_Brand_Alm_202409;6018.14;710;29001;32;25238.75;09-09-2024;DKK
HH_Search_Brand_Alm_202301;7135.08;1230;32858;37;22426.98;13-01-2023;DKK
Havehjornet_Search_Brand_Havesaeson_202205;8152.00;934;28669;37;23606.90;14-05-2022;DKK
HH_Search_NonBrand_Alm_202410;11162.89;2122;35300;37;22107.19;05-10-2024;DKK
Havehjornet_Search_NonBrand_Jul_202512;44358.74;7469;221712;144;71807.01;19-12-2025;DKK
Havehjornet_Search_NonBrand_BlackFriday_202311;17120.15;2929;107977;61;31718.39;11-11-2023;DKK
Havehjornet_Search_Brand_Alm_202402;835.36;723;16746;28;3779.73;18-02-2024;EUR
hh_dk_Search_Brand_Alm_202508;5203.34;1137;19936;21;14478.08;26-08-2025;DKK
hh_dk_Search_Brand_BlackFriday_202211_kopi;4604.05;585;19741;19;9732.63;10-11-2022;DKK
hh_dk_Search_NonBrand_Alm_202502;2786.06;3655;62004;80;5941.39;23-02-2025;EUR
HAVEHJ_Search_NonBrand_Havesaeson_202505;43923.16;6237;141108;152;79469.63;27-05-2025;DKK
hh_dk_Search_Brand_Havesaeson_202305_kopi;10710.79;1609;27749;46;30363.27;29-05-2023;DKK
Havehjornet_Search_Brand_Alm_202203_kopi;4733.29;549;12058;25;15771.49;09-03-2022;DKK
HH_Search_NonBrand_Alm_202308;7054.53;899;23781;21;17184.67;11-08-2023;DKK
HAVEHJ_Search_NonBrand_Alm_202408;8405.60;1261;36499;25;14662.82;27-08-2024;DKK
HAVEHJ_Search_NonBrand_Havesaeson_202204;27529.54;3984;79082;101;72442.38;06-04-2022;DKK
Havehjornet_Search_Brand_Alm_202408;3486.93;393;8919;16;10408.13;11-08-2024;DKK
hh_dk_Search_NonBrand_Alm_202403;10493.13;1446;54803;34;23504.14;01-03-2024;DKK
hh_dk_Search_NonBrand_Alm_202409;10629.64;1554;57673;36;25367.70;16-09-2024;DKK
hh_dk_Search_NonBrand_Havesaeson_202404;21535.24;2804;67624;77;46195.79;25-04-2024;DKK
Havehjornet_Search_NonBrand_Alm_202410;4527.78;637;21267;16;8736.05;10-10-2024;DKK
hh_dk_Search_Brand_Jul_202312;4581.11;1040;11808;23;18372.00;24-12-2023;DKK
hh_dk_Search_NonBrand_Alm_202507;32652.90;3835;94524;106;59236.15;05-07-2025;DKK
HH_Search_Brand_Alm_202508_kopi;2279.28;456;13788;10;5717.48;08-08-2025;DKK
hh_dk_Search_Brand_Jul_202412_kopi;10015.51;1349;31336;47;33571.49;29-12-2024;DKK
Havehjornet_Search_NonBrand_Havesaeson_202405;45446.93;6716;231890;155;101433.41;15-05-2024;DKK
Havehjornet_Search_Brand_Havesaeson_202404;11236.78;1547;47910;46;27940.42;19-04-2024;DKK
hh_dk_Search_Brand_Alm_202409;6910.65;1482;26164;31;21482.22;29-09-2024;DKK
hh_dk_Search_Brand_Havesaeson_202506;3667.97;754;10263;19;12091.74;25-06-2025;DKK
HH_Search_Brand_BlackFriday_202511;5158.54;693;15421;28;16524.83;01-11-2025;DKK
HAVEHJ_Search_Brand_Havesaeson_202405;11204.77;1481;52401;52;41845.09;30-05-2024;DKK
HH_Search_NonBrand_Havesaeson_202205;18683.28;2082;59566;69;48397.94;27-05-2022;DKK
Havehjornet_Search_Brand_Havesaeson_202305;1063.13;1341;51873;39;3956.50;16-05-2023;EUR
hh_dk_Search_Brand_BlackFriday_202411;4808.39;1007;21743;21;14553.64;07-11-2024;DKK
Havehjornet_Search_NonBrand_Alm_202601;8201.22;950;22371;26;20409.79;01-01-2026;DKK
Havehjornet_Search_Brand_Alm_202208;4721.99;612;18685;23;11889.09;21-08-2022;DKK
hh_dk_Search_NonBrand_Alm_202308;4477.08;536;20561;15;10947.71;27-08-2023;DKK
HAVEHJ_Search_NonBrand_Havesaeson_202505;25024.31;4023;101014;73;44386.45;21-05-2025;DKK
hh_dk_Search_NonBrand_BlackFriday_202411;4568.56;564;11853;13;10163.45;10-11-2024;DKK
hh_dk_Search_NonBrand_Alm_202408;10867.48;1426;31897;42;23311.99;21-08-2024;DKK
Havehjornet_Search_Brand_Alm_202508;3722.33;626;11620;19;12004.38;23-08-2025;DKK
HH_Search_Brand_Alm_202507;8060.62;1043;50262;39;21409.21;04-07-2025;DKK
HH_Search_Brand_Havesaeson_202504;12827.72;2192;64847;61;37112.42;16-04-2025;DKK
Havehjornet_Search_Brand_Alm_202508;2432.23;472;7001;10;8101.04;03-08-2025;DKK
hh_dk_Search_NonBrand_Alm_202407;6440.59;834;22084;19;16922.90;03-07-2024;DKK
HAVEHJ_Search_NonBrand_Alm_202509;874.98;1055;24943;24;1810.99;29-09-2025;EUR
hh_dk_Search_NonBrand_BlackFriday_202211;9565.67;2069;35569;30;21733.85;09-11-2022;DKK
HH_Search_Brand_Alm_202409;18784.45;2267;50842;88;60111.90;12-09-2024;DKK
HH_Search_NonBrand_Havesaeson_202504_kopi;51531.53;7342;269496;187;118288.04;20-04-2025;DKK
hh_dk_Search_Brand_Alm_202307;5065.01;578;12931;22;12761.63;24-07-2023;DKK
HAVEHJ_Search_NonBrand_Alm_202210;10729.58;2460;65068;31;19088.64;22-10-2022;DKK
HH_Search_NonBrand_Havesaeson_202404;49976.44;6720;148784;185;113200.45;21-04-2024;DKK
HAVEHJ_Search_NonBrand_Jul_202212;24710.38;5027;78520;76;52928.52;22-12-2022;DKK
HH_Search_Brand_Havesaeson_202405;6767.02;1181;32877;34;26862.25;17-05-2024;DKK
Havehjornet_Search_NonBrand_Alm_202509;8968.81;2119;35481;29;18640.40;13-09-2025;DKK
HAVEHJ_Search_NonBrand_Alm_202209;6252.40;1430;30083;21;11195.60;10-09-2022;DKK
HH_Search_Brand_Havesaeson_202506_kopi;7592.64;926;26044;39;21954.18;09-06-2025;DKK
HAVEHJ_Search_NonBrand_Alm_202502;8274.76;991;35061;28;18200.27;13-02-2025;DKK
Havehjornet_Search_NonBrand_Jul_202312;36754.74;6090;107342;141;100596.51;21-12-2023;DKK
HH_Search_NonBrand_Havesaeson_202206;46700.72;5191;203137;169;120374.56;30-06-2022;DKK
Havehjornet_Search_NonBrand_Alm_202203;12915.80;1759;42647;40;26040.62;23-03-2022;DKK
Havehjornet_Search_NonBrand_Havesaeson_202404;52006.51;9269;212843;159;144487.52;23-04-2024;DKK
hh_dk_Search_Brand_Alm_202510;7423.31;1023;28581;36;17237.72;22-10-2025;DKK
hh_dk_Search_NonBrand_Alm_202402_kopi;29255.80;4113;156974;87;54463.30;29-02-2024;DKK
HH_Search_NonBrand_Jul_202312;10980.65;1345;31153;32;25377.11;27-12-2023;DKK
Havehjornet_Search_NonBrand_Havesaeson_202304;37151.88;7483;167007;139;94169.92;21-04-2023;DKK
HH_Search_Brand_Jul_202312;3592.97;461;11442;17;10540.27;30-12-2023;DKK
hh_dk_Search_NonBrand_Alm_202507;1327.41;1912;26178;34;2640.72;27-07-2025;EUR
hh_dk_Search_Brand_Alm_202310;6021.93;1447;35377;32;11991.29;03-10-2023;DKK
HAVEHJ_Search_Brand_BlackFriday_202311;9423.81;1947;30189;44;35382.32;28-11-2023;DKK
HAVEHJ_Search_Brand_Alm_202409;3726.80;753;10340;17;13952.21;18-09-2024;DKK
HH_Search_Brand_Havesaeson_202405_kopi;8882.62;1057;26192;48;25042.78;24-05-2024;DKK
HH_Search_NonBrand_Havesaeson_202305;57860.55;11119;220870;215;142193.75;24-05-2023;DKK
hh_dk_Search_Brand_Alm_202503;779.28;822;28947;29;2503.76;22-03-2025;EUR
HAVEHJ_Search_NonBrand_Alm_202507;16328.78;2821;84751;50;35355.46;03-07-2025;DKK
HH_Search_NonBrand_Alm_202202;6151.15;1129;16614;20;15122.45;23-02-2022;DKK
HAVEHJ_Search_Brand_Havesaeson_202404;23383.64;2771;129245;111;96904.82;20-04-2024;DKK
hh_dk_Search_Brand_Alm_202509;9831.49;1638;35040;46;32414.12;14-09-2025;DKK
HH_Search_NonBrand_Alm_202503;15994.10;1850;47103;63;41712.69;19-03-2025;DKK
HAVEHJ_Search_NonBrand_Jul_202512;8740.83;1280;22853;28;23890.79;26-12-2025;DKK
hh_dk_Search_NonBrand_Alm_202207;7463.88;1495;20400;27;15483.90;09-07-2022;DKK
HAVEHJ_Search_Brand_Alm_202303_kopi;3922.77;442;11166;16;13674.79;03-03-2023;DKK
hh_dk_Search_Brand_Havesaeson_202506;3647.99;413;11254;20;9922.61;10-06-2025;DKK
HH_Search_NonBrand_Alm_202510;5550.85;990;17118;20;10376.10;19-10-2025;DKK
HH_Search_Brand_Alm_202407;262.52;245;7747;9;750.30;18-07-2024;EUR
hh_dk_Search_Brand_Alm_202403;4761.04;860;14668;21;13734.14;18-03-2024;DKK
hh_dk_Search_NonBrand_Alm_202509;4071.75;615;14779;13;12054.38;01-09-2025;DKK
HAVEHJ_Search_Brand_Jul_202412;6768.60;1090;22148;28;23685.87;30-12-2024;DKK
Havehjornet_Search_Brand_BlackFriday_202311;1300.12;313;3917;5;4893.78;03-11-2023;DKK
HAVEHJ_Search_Brand_Jul_202312;17365.08;1997;56685;71;66267.33;21-12-2023;DKK
hh_dk_Search_NonBrand_Alm_202210;8741.18;978;43978;32;18383.97;03-10-2022;DKK
hh_dk_Search_Brand_Alm_202407;1866.10;343;7779;8;6796.11;16-07-2024;DKK
HAVEHJ_Search_NonBrand_Alm_202507;1392.56;1451;32232;38;3033.25;09-07-2025;EUR
HAVEHJ_Search_NonBrand_Alm_202401;10903.79;2587;38632;39;18696.76;25-01-2024;DKK
hh_dk_Search_NonBrand_Alm_202303;7737.49;1340;23684;29;18383.58;03-03-2023;DKK
Havehjornet_Search_Brand_Alm_202202_kopi;2228.53;270;7492;9;8341.38;04-02-2022;DKK
hh_dk_Search_Brand_Alm_202502;7210.22;1298;42557;30;23886.02;16-02-2025;DKK
Havehjornet_Search_NonBrand_Alm_202309;4160.33;727;19039;15;8489.53;12-09-2023;DKK
Havehjornet_Search_Brand_Alm_202407;4571.37;534;18424;21;15375.37;12-07-2024;DKK
hh_dk_Search_NonBrand_Alm_202303_kopi;18437.08;3065;52295;61;37185.57;06-03-2023;DKK
Havehjornet_Search_Brand_Havesaeson_202405;6056.34;1014;23782;26;17246.93;26-05-2024;DKK
Havehjornet_Search_Brand_Alm_202507;6390.76;815;24592;32;19453.13;09-07-2025;DKK
HH_Search_Brand_BlackFriday_202411;4098.36;480;12461;20;11348.65;11-11-2024;DKK
hh_dk_Search_Brand_Alm_202407;1760.25;205;5960;8;5890.95;20-07-2024;DKK
hh_dk_Search_Brand_Alm_202503;4500.03;631;19575;21;13444.79;04-03-2025;DKK
HH_Search_NonBrand_Jul_202512;37803.44;5445;147579;118;72738.57;15-12-2025;DKK
Havehjornet_Search_NonBrand_Havesaeson_202405;26121.28;4531;83678;81;59216.66;07-05-2024;DKK
Havehjornet_Search_Brand_Alm_202208;3554.00;702;16061;19;16060.48;08-08-2022;DKK
HH_Search_Brand_Alm_202507;587.46;1006;22757;20;1761.46;05-07-2025;EUR
Havehjornet_Search_NonBrand_Havesaeson_202306;12070.06;2030;33119;39;26650.76;16-06-2023;DKK
hh_dk_Search_Brand_Alm_202408_kopi;712.86;668;14085;27;2190.44;05-08-2024;EUR
HH_Search_Brand_Alm_202501_kopi;5003.30;1189;13719;23;18111.27;18-01-2025;DKK
Havehjornet_Search_Brand_Havesaeson_202306;13898.48;2311;38795;74;40253.70;09-06-2023;DKK
hh_dk_Search_NonBrand_Jul_202412;21472.55;2599;63386;62;45716.25;01-12-2024;DKK
HH_Search_Brand_BlackFriday_202411;1912.46;2684;73730;73;4771.92;08-11-2024;EUR
HH_Search_NonBrand_Jul_202412_kopi;16293.16;2038;64091;60;27027.12;24-12-2024;DKK
HAVEHJ_Search_NonBrand_Jul_202412;13403.28;2266;50456;49;31006.61;13-12-2024;DKK
HH_Search_Brand_Alm_202207;1334.48;276;5050;6;4071.54;19-07-2022;DKK
HAVEHJ_Search_NonBrand_Alm_202409;7450.33;855;42035;24;16872.51;03-09-2024;DKK
HAVEHJ_Search_Brand_Havesaeson_202305;4540.14;873;22395;20;13145.81;03-05-2023;DKK
Havehjornet_Search_NonBrand_Havesaeson_202504;37747.52;5259;213512;122;69076.41;17-04-2025;DKK
HAVEHJ_Search_NonBrand_Alm_202202;12798.69;2536;44806;48;32138.63;21-02-2022;DKK
HH_Search_Brand_Havesaeson_202204;9763.08;1958;45853;51;31454.81;30-04-2022;DKK
HAVEHJ_Search_NonBrand_Alm_202208;9981.50;1347;59273;29;19018.64;17-08-2022;DKK
hh_dk_Search_NonBrand_Alm_202509;7081.22;818;26710;25;23822.79;14-09-2025;DKK
HAVEHJ_Search_Brand_Alm_202202;8170.02;1292;21590;35;31762.70;12-02-2022;DKK
HH_Search_Brand_Alm_202501;6944.70;1002;26352;34;26306.85;13-01-2025;DKK
HAVEHJ_Search_NonBrand_BlackFriday_202211;65801.99;11986;300405;214;134251.55;27-11-2022;DKK
Havehjornet_Search_NonBrand_Alm_202502;7603.54;1074;27113;27;16466.52;05-02-2025;DKK
hh_dk_Search_NonBrand_Alm_202302;17688.01;2190;54176;61;45008.27;21-02-2023;DKK
HAVEHJ_Search_Brand_Alm_202308;5882.59;664;17393;25;18706.74;14-08-2023;DKK
HH_Search_Brand_BlackFriday_202411;9880.27;1108;29185;51;33039.90;15-11-2024;DKK
hh_dk_Search_NonBrand_Alm_202202;22665.26;2850;131584;87;58006.31;27-02-2022;DKK
HAVEHJ_Search_NonBrand_Havesaeson_202206;24856.04;4516;70202;76;72572.58;15-06-2022;DKK
hh_dk_Search_NonBrand_Alm_202503;1418.28;1895;30803;32;2947.50;04-03-2025;EUR
HH_Search_Brand_Havesaeson_202406;12795.11;1611;34138;65;38845.05;28-06-2024;DKK
HH_Search_NonBrand_Alm_202301;1714.39;194;5146;6;3355.65;03-01-2023;DKK
hh_dk_Search_NonBrand_Alm_202409_kopi;12393.90;1657;46194;45;23897.38;24-09-2024;DKK
hh_dk_Search_Brand_Jul_202212;10478.74;1511;27641;54;30175.87;05-12-2022;DKK
HAVEHJ_Search_Brand_Alm_202209;6488.74;1190;40941;29;25221.85;17-09-2022;DKK
HH_Search_Brand_Havesaeson_202505;10096.40;1623;29222;51;38077.82;27-05-2025;DKK
Havehjornet_Search_Brand_Alm_202510;986.88;1590;25880;32;2768.62;15-10-2025;EUR
HH_Search_Brand_Alm_202410_kopi;7754.93;1015;28290;37;27563.51;18-10-2024;DKK
Havehjornet_Search_NonBrand_Alm_202207;8677.75;1796;37471;29;21915.10;05-07-2022;DKK
HH_Search_NonBrand_Havesaeson_202204;60459.82;10931;218719;208;131090.48;24-04-2022;DKK
hh_dk_Search_NonBrand_Havesaeson_202404;36312.21;6834;101865;127;70593.74;08-04-2024;DKK
HH_Search_Brand_Havesaeson_202305;507.45;617;18765;20;1985.70;08-05-2023;EUR
hh_dk_Search_NonBrand_Alm_202307;53756.28;8217;155953;201;123268.61;01-07-2023;DKK
Havehjornet_Search_NonBrand_Alm_202509;5650.14;1055;14955;20;10254.38;28-09-2025;DKK
HH_Search_NonBrand_Havesaeson_202505;3280.55;3137;61688;96;8274.35;30-05-2025;EUR
HH_Search_Brand_Havesaeson_202504;9680.24;1203;44094;42;33460.66;08-04-2025;DKK
HH_Search_Brand_Alm_202510;5144.28;819;14103;27;14865.54;05-10-2025;DKK
HAVEHJ_Search_NonBrand_Alm_202208;7642.05;945;29906;23;17572.67;04-08-2022;DKK
hh_dk_Search_NonBrand_Alm_202210;10174.21;1879;32151;30;23576.05;19-10-2022;DKK
HH_Search_NonBrand_Alm_202203;8002.63;1297;40864;24;20432.42;02-03-2022;DKK
Havehjornet_Search_Brand_Alm_202502;6483.04;1282;29000;30;22492.78;01-02-2025;DKK
HH_Search_Brand_Havesaeson_202406;5452.95;1020;28569;25;17114.35;04-06-2024;DKK
Havehjornet_Search_NonBrand_Havesaeson_202404;19670.29;2464;73765;61;36274.50;02-04-2024;DKK
HH_Search_NonBrand_Jul_202212_kopi;29149.25;3837;106681;107;60457.92;25-12-2022;DKK
HH_Search_Brand_Alm_202408;4647.43;580;29064;19;17312.85;22-08-2024;DKK
HH_Search_NonBrand_Alm_202209;18539.09;2084;89916;70;42575.94;26-09-2022;DKK
HAVEHJ_Search_NonBrand_Alm_202509;16798.13;2016;73281;63;41288.77;22-09-2025;DKK
Havehjornet_Search_Brand_Alm_202410;866.55;1206;22710;35;2224.58;29-10-2024;EUR
HAVEHJ_Search_Brand_Alm_202503;1433.47;186;5632;8;4021.93;31-03-2025;DKK
HH_Search_Brand_BlackFriday_202411;6362.71;1060;17369;32;17184.85;06-11-2024;DKK
Havehjornet_Search_NonBrand_Alm_202203;17497.95;1994;45307;51;28893.42;25-03-2022;DKK
HAVEHJ_Search_Brand_Alm_202307;3108.21;514;12105;15;11118.50;16-07-2023;DKK
HAVEHJ_Search_NonBrand_Alm_202510;10022.57;1160;39734;30;20203.41;14-10-2025;DKK
HH_Search_NonBrand_Alm_202408_kopi;1618.30;291;9002;5;3067.71;13-08-2024;DKK
HAVEHJ_Search_Brand_Alm_202410;5196.60;733;18218;23;15341.64;14-10-2024;DKK
HH_Search_NonBrand_Alm_202408;13781.29;3016;36908;47;30401.56;26-08-2024;DKK
HH_Search_NonBrand_Jul_202412;8158.42;1573;35709;24;17148.57;14-12-2024;DKK
Havehjornet_Search_Brand_BlackFriday_202211;12669.71;2319;43991;64;27886.86;21-11-2022;DKK
hh_dk_Search_Brand_Jul_202512;9977.45;1508;40531;45;34451.08;21-12-2025;DKK
HH_Search_NonBrand_BlackFriday_202511;6878.18;1103;31790;20;19578.25;08-11-2025;DKK
Havehjornet_Search_Brand_BlackFriday_202511;4123.17;550;14033;17;12074.25;02-11-2025;DKK
Havehjornet_Search_NonBrand_Jul_202312;10208.08;1603;67969;34;19137.19;23-12-2023;DKK
Havehjornet_Search_Brand_Alm_202502;4858.42;841;29960;21;16989.19;02-02-2025;DKK
HH_Search_Brand_Havesaeson_202204;6324.25;711;18412;29;20786.94;08-04-2022;DKK
Havehjornet_Search_NonBrand_Alm_202310;3717.67;583;20050;13;7096.30;04-10-2023;DKK
Havehjornet_Search_NonBrand_Alm_202501;16963.36;2510;71732;50;37861.18;22-01-2025;DKK
HAVEHJ_Search_Brand_Alm_202507;3889.27;825;13379;21;10652.33;20-07-2025;DKK
hh_dk_Search_NonBrand_BlackFriday_202511;32311.32;5623;96793;97;60670.60;29-11-2025;DKK
Havehjornet_Search_Brand_Alm_202401;5150.81;822;16064;22;16208.06;10-01-2024;DKK
hh_dk_Search_NonBrand_Alm_202207;8497.41;1266;23618;25;19509.36;13-07-2022;DKK
HAVEHJ_Search_Brand_Havesaeson_202405;8547.79;1360;28413;43;25997.98;18-05-2024;DKK
HH_Search_Brand_BlackFriday_202211;12936.87;1499;44713;69;42918.62;22-11-2022;DKK
HAVEHJ_Search_NonBrand_Havesaeson_202306_kopi;28649.94;5469;77572;101;47995.45;03-06-2023;DKK
Havehjornet_Search_NonBrand_Havesaeson_202405;49657.71;9203;155794;150;102062.21;30-05-2024;DKK
Havehjornet_Search_Brand_Havesaeson_202505;12368.20;1996;34076;60;28886.65;13-05-2025;DKK
HH_Search_Brand_Alm_202508;2761.30;332;9783;14;9462.27;10-08-2025;DKK
hh_dk_Search_Brand_Havesaeson_202405;10952.04;1523;55588;44;33535.54;12-05-2024;DKK
hh_dk_Search_NonBrand_Havesaeson_202306;102414.97;13316;281937;321;193401.81;14-06-2023;DKK
Havehjornet_Search_NonBrand_Jul_202212;33776.99;4692;105737;104;61259.73;04-12-2022;DKK
HH_Search_Brand_Havesaeson_202404;10576.60;2492;26854;46;24502.58;30-04-2024;DKK
HAVEHJ_Search_Brand_BlackFriday_202511;5045.86;1183;12943;24;12555.00;23-11-2025;DKK
hh_dk_Search_NonBrand_Havesaeson_202506;38021.35;4514;145649;127;112348.34;17-06-2025;DKK
HH_Search_NonBrand_BlackFriday_202311;46017.56;10455;124108;171;106186.20;21-11-2023;DKK
HH_Search_NonBrand_Havesaeson_202405;29570.55;5845;99405;107;72712.50;29-05-2024;DKK
HAVEHJ_Search_NonBrand_Alm_202203;1250.14;1289;61385;30;2676.44;01-03-2022;EUR
hh_dk_Search_NonBrand_Havesaeson_202504;46218.79;9262;266700;167;109360.15;29-04-2025;DKK
Havehjornet_Search_Brand_Jul_202512;6871.07;1499;22467;30;22347.50;26-12-2025;DKK
hh_dk_Search_Brand_Alm_202410;1309.84;148;8343;7;4455.97;08-10-2024;DKK
HH_Search_Brand_Havesaeson_202304;2619.72;315;7731;12;6758.48;04-04-2023;DKK
HH_Search_NonBrand_Alm_202303;18653.54;3645;56913;57;37872.99;02-03-2023;DKK
HH_Search_NonBrand_Alm_202502;11346.11;1486;38520;44;26841.07;08-02-2025;DKK
HAVEHJ_Search_NonBrand_Alm_202508;15649.61;2074;52744;51;46321.84;14-08-2025;DKK
HH_Search_NonBrand_Alm_202501;7404.75;868;42106;23;18572.53;12-01-2025;DKK
HAVEHJ_Search_NonBrand_Havesaeson_202304;23551.48;3551;70731;83;49725.03;08-04-2023;DKK
Havehjornet_Search_NonBrand_Havesaeson_202505;31521.46;3974;184130;107;63261.36;12-05-2025;DKK
Havehjornet_Search_Brand_Alm_202208_kopi;4857.95;881;29490;20;16397.60;01-08-2022;DKK
HH_Search_Brand_Alm_202401;4714.81;1150;19346;24;13456.73;06-01-2024;DKK
hh_dk_Search_NonBrand_Alm_202310;2332.21;2548;53367;51;6070.14;18-10-2023;EUR
HH_Search_Brand_Jul_202412;2066.16;1836;53421;72;5011.39;06-12-2024;EUR
HAVEHJ_Search_Brand_Alm_202507;3815.69;643;16814;19;11641.23;17-07-2025;DKK
hh_dk_Search_Brand_Alm_202301_kopi;3582.14;470;18880;16;7100.84;18-01-2023;DKK
Havehjornet_Search_NonBrand_Alm_202207;1328.79;1418;35627;29;3316.28;30-07-2022;EUR
HAVEHJ_Search_Brand_Alm_202509;4335.14;483;13479;23;16140.98;08-09-2025;DKK
HH_Search_Brand_Havesaeson_202305;16847.98;3469;58527;69;53642.00;15-05-2023;DKK
Havehjornet_Search_NonBrand_Alm_202303;13473.19;1526;57370;41;24275.90;21-03-2023;DKK
Havehjornet_Search_NonBrand_Alm_202310;13265.19;1797;78474;44;28194.13;15-10-2023;DKK
hh_dk_Search_NonBrand_Alm_202301;19931.97;3840;59198;58;51667.75;01-01-2023;DKK
hh_dk_Search_Brand_Alm_202207;840.46;1009;36207;25;2260.89;01-07-2022;EUR
hh_dk_Search_Brand_Alm_202507;4998.26;556;16698;20;16447.22;26-07-2025;DKK
hh_dk_Search_Brand_Alm_202301;3189.75;591;11009;15;9246.95;27-01-2023;DKK
HH_Search_NonBrand_Alm_202307;8576.47;1081;27568;28;18820.34;11-07-2023;DKK
HH_Search_NonBrand_Alm_202302;5113.62;992;13620;16;9367.89;02-02-2023;DKK
HAVEHJ_Search_NonBrand_Alm_202310;5273.12;1220;13656;20;10621.85;28-10-2023;DKK
Havehjornet_Search_NonBrand_Alm_202402;12044.56;2547;41041;47;27055.39;03-02-2024;DKK
hh_dk_Search_Brand_Jul_202312;20971.65;4767;56357;111;88068.80;12-12-2023;DKK
hh_dk_Search_Brand_BlackFriday_202511;13697.83;1775;50393;74;45513.35;13-11-2025;DKK
HAVEHJ_Search_NonBrand_Jul_202412;10956.17;1366;36191;33;24587.83;17-12-2024;DKK
hh_dk_Search_NonBrand_Alm_202407_kopi;3107.04;359;14677;9;6039.16;20-07-2024;DKK
hh_dk_Search_NonBrand_Alm_202510_kopi;5808.49;838;18341;19;11892.32;06-10-2025;DKK
HH_Search_Brand_Havesaeson_202505;8789.10;1516;58416;47;18315.81;20-05-2025;DKK
HH_Search_Brand_Alm_202408;2979.28;448;9913;14;9807.22;09-08-2024;DKK
hh_dk_Search_Brand_Havesaeson_202305;3810.73;432;9691;18;10137.06;19-05-2023;DKK
hh_dk_Search_NonBrand_Alm_202209;15311.20;3474;55307;59;35876.74;07-09-2022;DKK
hh_dk_Search_NonBrand_Havesaeson_202204;50081.47;5777;327209;165;108394.85;23-04-2022;DKK
hh_dk_Search_Brand_Alm_202210;6604.97;1097;18793;34;20574.36;25-10-2022;DKK
Havehjornet_Search_NonBrand_Alm_202403;14037.81;3041;36780;42;28851.46;20-03-2024;DKK
hh_dk_Search_NonBrand_Alm_202302;2728.23;371;15696;9;5577.32;28-02-2023;DKK
HH_Search_NonBrand_Havesaeson_202306;5516.65;4638;184018;146;10682.22;26-06-2023;EUR
hh_dk_Search_NonBrand_Alm_202303;8621.80;1164;29520;26;20831.70;09-03-2023;DKK
Havehjornet_Search_NonBrand_Havesaeson_202405;74483.83;11324;203422;250;127848.79;02-05-2024;DKK
Havehjornet_Search_Brand_Alm_202507;2383.70;317;10931;10;7283.43;24-07-2025;DKK
hh_dk_Search_Brand_Jul_202512;6191.69;711;34852;30;20045.90;24-12-2025;DKK
Havehjornet_Search_NonBrand_Alm_202309;8914.95;1470;54979;28;16371.76;27-09-2023;DKK
HH_Search_NonBrand_Alm_202501;10847.79;1463;55019;40;26959.40;09-01-2025;DKK
HAVEHJ_Search_Brand_Havesaeson_202406;8770.60;1205;25040;45;32443.61;11-06-2024;DKK
Havehjornet_Search_NonBrand_Jul_202212;9649.84;2003;39795;37;24991.83;10-12-2022;DKK
Havehjornet_Search_NonBrand_Jul_202212;992.32;1418;37054;28;2272.10;28-12-2022;EUR
HH_Search_Brand_Alm_202303;8977.17;1425;27935;37;26095.11;08-03-2023;DKK
HAVEHJ_Search_NonBrand_Havesaeson_202406;24950.72;4963;65110;73;48755.07;11-06-2024;DKK
HAVEHJ_Search_NonBrand_Alm_202503;23438.76;3941;93456;82;60401.66;08-03-2025;DKK
Havehjornet_Search_Brand_Havesaeson_202405;4638.57;670;24787;20;13275.41;28-05-2024;DKK
HH_Search_NonBrand_Alm_202601;10216.80;2516;41910;36;16732.41;04-01-2026;DKK
HH_Search_Brand_Alm_202207;674.38;835;14795;24;1646.15;25-07-2022;EUR
HAVEHJ_Search_NonBrand_Havesaeson_202505;60227.73;10231;316191;196;136754.18;18-05-2025;DKK
hh_dk_Search_Brand_Alm_202201_kopi;2618.41;381;7311;13;7050.93;24-01-2022;DKK
hh_dk_Search_Brand_Alm_202202;15301.01;1941;38402;66;54483.96;23-02-2022;DKK
HH_Search_NonBrand_Alm_202403_kopi;9820.77;1175;49120;35;21796.72;04-03-2024;DKK
Havehjornet_Search_Brand_Havesaeson_202404;5354.03;684;18645;26;16181.89;14-04-2024;DKK
HH_Search_Brand_Havesaeson_202204;10394.07;2054;37147;56;27063.67;27-04-2022;DKK
Havehjornet_Search_NonBrand_Jul_202512;8776.77;1102;34242;34;18669.02;06-12-2025;DKK
Havehjornet_Search_NonBrand_Havesaeson_202504;6318.16;1470;33126;24;18593.28;05-04-2025;DKK
HAVEHJ_Search_NonBrand_Havesaeson_202305;33732.48;6169;182236;117;66731.12;04-05-2023;DKK
hh_dk_Search_Brand_Alm_202507;5635.83;960;26503;28;15813.74;03-07-2025;DKK
HAVEHJ_Search_Brand_Jul_202412;2103.24;2325;43939;63;5784.99;01-12-2024;EUR
hh_dk_Search_NonBrand_Alm_202210_kopi;12471.62;2312;39758;46;25472.50;30-10-2022;DKK
hh_dk_Search_NonBrand_Alm_202301;6539.39;1525;31509;19;12348.69;12-01-2023;DKK
HAVEHJ_Search_Brand_Jul_202512;6559.33;1501;40007;33;20074.30;12-12-2025;DKK
hh_dk_Search_NonBrand_Alm_202307;23828.83;3008;64044;74;55866.59;03-07-2023;DKK
HAVEHJ_Search_NonBrand_BlackFriday_202211;17672.91;2144;85877;64;46295.29;15-11-2022;DKK
HAVEHJ_Search_Brand_Alm_202501_kopi;5415.73;904;25643;22;16228.71;24-01-2025;DKK
Havehjornet_Search_Brand_Alm_202307;986.60;205;3568;5;3463.95;30-07-2023;DKK
HH_Search_NonBrand_Alm_202309;9725.95;1387;32242;32;20225.32;19-09-2023;DKK
HAVEHJ_Search_NonBrand_BlackFriday_202411;14267.13;3410;58760;51;27719.87;07-11-2024;DKK
Havehjornet_Search_Brand_Havesaeson_202204;2231.28;365;5760;12;6581.09;03-04-2022;DKK
hh_dk_Search_NonBrand_Havesaeson_202505;74028.54;17710;352526;224;148160.40;22-05-2025;DKK
hh_dk_Search_Brand_Alm_202403;5393.21;796;33068;24;13417.67;17-03-2024;DKK
HAVEHJ_Search_NonBrand_Alm_202210;2725.82;496;17723;9;5420.47;26-10-2022;DKK
Havehjornet_Search_NonBrand_Alm_202501;12910.24;1488;42426;46;19319.04;06-01-2025;DKK
Havehjornet_Search_NonBrand_Jul_202212;31742.55;5518;89737;98;81093.66;18-12-2022;DKK
HAVEHJ_Search_Brand_Alm_202503;13058.75;2028;48719;66;42605.85;19-03-2025;DKK
Havehjornet_Search_Brand_BlackFriday_202211;6061.51;684;21389;25;16138.27;01-11-2022;DKK
HAVEHJ_Search_NonBrand_Havesaeson_202306;12631.13;1451;43069;41;33864.81;09-06-2023;DKK
HAVEHJ_Search_Brand_BlackFriday_202511;1735.15;1656;54312;52;4659.64;22-11-2025;EUR
Havehjornet_Search_Brand_Havesaeson_202304;7272.11;1543;30924;30;33126.25;22-04-2023;DKK
HAVEHJ_Search_NonBrand_Alm_202410;9090.50;1701;26151;28;26787.58;01-10-2024;DKK
hh_dk_Search_Brand_Alm_202402;11547.23;2572;48479;49;36458.12;21-02-2024;DKK
HH_Search_NonBrand_Alm_202403;6363.57;1336;21254;20;14618.26;26-03-2024;DKK
hh_dk_Search_NonBrand_Jul_202212;45668.60;5969;209401;154;77560.89;17-12-2022;DKK
hh_dk_Search_Brand_Alm_202203_kopi;7073.64;869;19508;30;23480.74;18-03-2022;DKK
Havehjornet_Search_Brand_BlackFriday_202511;11147.80;2650;31521;49;33998.66;26-11-2025;DKK
HAVEHJ_Search_Brand_BlackFriday_202411;2560.30;345;8186;13;9621.01;01-11-2024;DKK
hh_dk_Search_NonBrand_Alm_202209;7139.88;1528;39211;23;14964.05;12-09-2022;DKK
Havehjornet_Search_Brand_Jul_202412_kopi;7166.32;1609;20441;36;19330.76;04-12-2024;DKK
hh_dk_Search_Brand_Alm_202401;4313.08;611;12798;20;11513.96;30-01-2024;DKK
hh_dk_Search_Brand_BlackFriday_202211;9828.07;1510;34752;43;30879.64;16-11-2022;DKK
Havehjornet_Search_Brand_Havesaeson_202306;2176.59;1996;61720;66;6334.62;20-06-2023;EUR
hh_dk_Search_NonBrand_BlackFriday_202511_kopi;1893.07;351;11431;7;5043.63;03-11-2025;DKK
hh_dk_Search_NonBrand_Alm_202503;15262.68;2384;100173;53;36081.37;23-03-2025;DKK
HH_Search_Brand_Alm_202202;2944.68;545;13205;14;7911.34;09-02-2022;DKK
HAVEHJ_Search_Brand_Havesaeson_202305;834.10;1065;34104;30;2405.84;23-05-2023;EUR
HH_Search_NonBrand_Alm_202302;10253.66;1259;36869;31;18171.07;20-02-2023;DKK
HAVEHJ_Search_NonBrand_Alm_202310;4318.71;541;12765;13;9456.23;29-10-2023;DKK
HH_Search_NonBrand_Alm_202210;10216.11;1532;32751;34;23561.42;09-10-2022;DKK
HH_Search_NonBrand_BlackFriday_202411;14521.36;1650;42645;48;32254.92;26-11-2024;DKK
HH_Search_NonBrand_Alm_202509;14631.22;2113;68533;47;24130.21;09-09-2025;DKK
Havehjornet_Search_Brand_Alm_202308;3406.56;427;22005;17;10301.37;28-08-2023;DKK
hh_dk_Search_NonBrand_BlackFriday_202511;43471.83;7856;209510;146;96999.15;23-11-2025;DKK
HH_Search_Brand_Alm_202502;1013.14;1578;25207;40;3377.90;07-02-2025;EUR
HH_Search_Brand_BlackFriday_202411;11352.84;1565;48078;51;31384.13;19-11-2024;DKK
HAVEHJ_Search_Brand_Alm_202510;6022.41;1138;17097;28;20172.52;26-10-2025;DKK
Havehjornet_Search_NonBrand_Havesaeson_202504;33905.44;4101;93396;125;71390.04;10-04-2025;DKK
HH_Search_NonBrand_Alm_202402_kopi;6595.46;738;24110;23;14425.60;04-02-2024;DKK
HH_Search_NonBrand_Jul_202412;5143.32;598;15207;18;10059.24;04-12-2024;DKK
hh_dk_Search_Brand_Alm_202308;542.79;689;15776;18;1704.05;13-08-2023;EUR
HH_Search_NonBrand_Alm_202510;10607.75;1701;30412;38;23399.98;04-10-2025;DKK
HAVEHJ_Search_Brand_Jul_202512;2805.86;669;7250;12;9279.94;18-12-2025;DKK
Havehjornet_Search_NonBrand_Alm_202410;4453.33;575;11631;14;9777.25;30-10-2024;DKK
Havehjornet_Search_NonBrand_Alm_202203_kopi;15060.45;3429;77246;44;39260.68;31-03-2022;DKK
HH_Search_Brand_Alm_202307;3467.83;439;12893;19;7879.55;06-07-2023;DKK
hh_dk_Search_NonBrand_Alm_202407;8073.27;1031;20732;26;13402.43;19-07-2024;DKK
HH_Search_Brand_Havesaeson_202204;3584.34;532;10374;19;10857.47;05-04-2022;DKK
Havehjornet_Search_Brand_Alm_202508;11247.22;1970;34110;48;43367.38;20-08-2025;DKK
hh_dk_Search_NonBrand_Havesaeson_202305;29288.33;3774;94776;85;64161.84;14-05-2023;DKK
hh_dk_Search_NonBrand_BlackFriday_202311;19572.31;3313;62922;65;49177.35;01-11-2023;DKK
HH_Search_NonBrand_Havesaeson_202205;22088.44;2945;60692;69;38212.36;14-05-2022;DKK
Havehjornet_Search_Brand_Alm_202408_kopi;904.13;1646;22618;35;2292.13;19-08-2024;EUR
hh_dk_Search_NonBrand_BlackFriday_202311;5440.30;1067;29213;18;12748.89;18-11-2023;DKK
hh_dk_Search_Brand_Jul_202312;2051.59;3076;41301;80;4633.59;29-12-2023;EUR
hh_dk_Search_Brand_Havesaeson_202404_kopi;8005.79;993;21551;36;29735.57;26-04-2024;DKK
Havehjornet_Search_Brand_Alm_202408;728.37;788;14089;25;2203.90;29-08-2024;EUR
hh_dk_Search_Brand_BlackFriday_202411;13255.92;2850;43694;56;38461.23;22-11-2024;DKK
Havehjornet_Search_Brand_Alm_202408_kopi;865.77;864;16707;33;2819.33;25-08-2024;EUR
Havehjornet_Search_Brand_Alm_202503;6339.64;1370;37583;27;21345.49;27-03-2025;DKK
HH_Search_Brand_Alm_202307;6595.62;764;17180;26;19129.08;09-07-2023;DKK
hh_dk_Search_Brand_Alm_202601;4514.38;763;14158;18;14375.78;04-01-2026;DKK
hh_dk_Search_NonBrand_Alm_202403;3356.46;802;12340;12;5484.91;23-03-2024;DKK
HAVEHJ_Search_NonBrand_Havesaeson_202305;35586.90;6844;164981;130;67129.83;11-05-2023;DKK
HAVEHJ_Search_Brand_Alm_202201_kopi;3594.93;623;11288;16;9606.95;26-01-2022;DKK
HAVEHJ_Search_NonBrand_Alm_202403;5086.60;830;23655;17;11542.11;12-03-2024;DKK
hh_dk_Search_Brand_Alm_202208;4413.24;491;18970;20;10401.06;10-08-2022;DKK
HH_Search_Brand_Alm_202309;17283.80;3183;71165;89;63119.34;23-09-2023;DKK
Havehjornet_Search_Brand_Alm_202307;2868.96;358;7469;16;10568.82;15-07-2023;DKK
hh_dk_Search_Brand_Jul_202412;2316.02;281;7431;9;8285.98;09-12-2024;DKK
Havehjornet_Search_NonBrand_Havesaeson_202204;13769.31;2161;63209;44;31410.30;30-04-2022;DKK
HH_Search_NonBrand_Jul_202412_kopi;24626.76;4744;105725;76;60224.02;16-12-2024;DKK
hh_dk_Search_NonBrand_Alm_202508;7798.47;1634;23317;27;18912.03;15-08-2025;DKK
HAVEHJ_Search_NonBrand_Alm_202201;1477.74;2541;54296;34;3045.89;12-01-2022;EUR
Havehjornet_Search_Brand_Alm_202303;6068.06;747;28654;29;17459.70;05-03-2023;DKK
Havehjornet_Search_Brand_Alm_202409;8986.83;1419;24556;39;25640.30;01-09-2024;DKK
hh_dk_Search_NonBrand_Alm_202207;4793.89;1024;14332;14;10423.99;28-07-2022;DKK
Havehjornet_Search_Brand_Alm_202307;2956.90;697;9753;15;8604.82;18-07-2023;DKK
HH_Search_Brand_Alm_202307;6918.26;1186;43058;29;26847.13;12-07-2023;DKK
HH_Search_Brand_Havesaeson_202304;4543.48;1124;22908;24;12217.58;20-04-2023;DKK
hh_dk_Search_Brand_Alm_202203_kopi;4049.78;822;12656;18;14679.55;19-03-2022;DKK
Havehjornet_Search_NonBrand_Alm_202308_kopi;14253.35;2154;68061;49;28429.90;08-08-2023;DKK
HH_Search_NonBrand_Alm_202409;5290.33;859;20567;18;12639.90;01-09-2024;DKK
Havehjornet_Search_Brand_Havesaeson_202304;18084.52;2926;67822;88;45270.17;23-04-2023;DKK
Havehjornet_Search_NonBrand_Alm_202208;19970.86;3246;103150;58;43352.10;23-08-2022;DKK
hh_dk_Search_Brand_Alm_202501;4574.20;620;13513;20;13809.46;29-01-2025;DKK
Havehjornet_Search_NonBrand_Alm_202401;8936.73;1507;25567;29;22886.07;20-01-2024;DKK
hh_dk_Search_NonBrand_Alm_202402;10892.30;1543;44807;35;22561.58;06-02-2024;DKK
hh_dk_Search_Brand_Alm_202310;3489.83;409;16956;16;11173.53;14-10-2023;DKK
HAVEHJ_Search_Brand_Alm_202408;5894.19;846;32154;26;14940.63;13-08-2024;DKK
hh_dk_Search_NonBrand_Jul_202512;10815.91;2031;53011;32;23157.76;22-12-2025;DKK
hh_dk_Search_Brand_Alm_202409;11711.39;1444;33277;51;27648.85;27-09-2024;DKK
Havehjornet_Search_Brand_Havesaeson_202206;14643.99;2643;41833;62;32152.19;22-06-2022;DKK
HAVEHJ_Search_NonBrand_Jul_202512;5910.55;702;23218;23;11454.13;07-12-2025;DKK
hh_dk_Search_NonBrand_Alm_202301;16544.36;3533;48498;54;32231.89;16-01-2023;DKK
hh_dk_Search_Brand_Alm_202407;1855.01;258;10454;8;5310.41;22-07-2024;DKK
Havehjornet_Search_NonBrand_Havesaeson_202404;40443.48;6953;155481;129;86135.10;24-04-2024;DKK
Havehjornet_Search_Brand_Jul_202512;10253.65;2482;34247;50;34408.35;06-12-2025;DKK
HH_Search_Brand_Alm_202408;2800.74;332;7760;14;9794.13;30-08-2024;DKK
HAVEHJ_Search_Brand_Alm_202507;3979.86;539;10424;21;12345.97;28-07-2025;DKK
hh_dk_Search_Brand_Alm_202309;7812.45;1622;40294;33;29430.52;20-09-2023;DKK
hh_dk_Search_NonBrand_Havesaeson_202504;12552.80;2383;33041;38;24771.88;04-04-2025;DKK
HH_Search_Brand_Alm_202501;425.55;574;12634;15;1204.43;23-01-2025;EUR
HH_Search_Brand_Alm_202307;4533.20;600;12743;19;12135.30;11-07-2023;DKK
HH_Search_NonBrand_Alm_202202;10759.66;1262;33357;38;24581.13;04-02-2022;DKK
Havehjornet_Search_NonBrand_Jul_202312;12989.61;1633;51260;43;39575.40;28-12-2023;DKK
Havehjornet_Search_NonBrand_Havesaeson_202405;49597.01;6649;147350;172;102693.60;26-05-2024;DKK
HAVEHJ_Search_NonBrand_BlackFriday_202511_kopi;16610.64;1930;91505;63;46545.66;01-11-2025;DKK
HH_Search_NonBrand_Alm_202408_kopi;6657.70;1013;31209;19;11991.67;20-08-2024;DKK
Havehjornet_Search_NonBrand_Alm_202503;220.13;203;6820;6;428.58;07-03-2025;EUR
HAVEHJ_Search_NonBrand_Alm_202508;8397.88;1051;36288;31;15280.61;21-08-2025;DKK
HAVEHJ_Search_Brand_Alm_202301;3022.19;640;16927;12;9974.63;20-01-2023;DKK
hh_dk_Search_Brand_Alm_202407;2242.85;360;7774;10;6747.82;21-07-2024;DKK
hh_dk_Search_NonBrand_Alm_202507;24376.50;3239;91260;74;49481.41;17-07-2025;DKK
hh_dk_Search_Brand_BlackFriday_202511;19121.19;2185;85356;91;58757.72;12-11-2025;DKK
HAVEHJ_Search_Brand_Havesaeson_202206;9918.99;1415;25939;53;32272.91;05-06-2022;DKK
HAVEHJ_Search_NonBrand_Jul_202412;2346.96;3870;46069;53;6049.68;27-12-2024;EUR
HH_Search_Brand_Havesaeson_202304;4994.83;1172;21629;21;16642.80;28-04-2023;DKK
Havehjornet_Search_Brand_Alm_202207;2579.56;380;13314;12;8039.29;21-07-2022;DKK
HH_Search_NonBrand_Alm_202310;7233.40;872;35133;21;12856.46;24-10-2023;DKK
HH_Search_NonBrand_Alm_202201;5143.24;806;13847;19;10142.78;16-01-2022;DKK
HAVEHJ_Search_Brand_Alm_202207_kopi;1445.42;253;4190;6;3524.13;30-07-2022;DKK
HH_Search_NonBrand_BlackFriday_202511;15976.20;2985;57769;53;41306.76;06-11-2025;DKK
Havehjornet_Search_NonBrand_Havesaeson_202305;41429.16;8485;116412;141;70446.95;23-05-2023;DKK
HAVEHJ_Search_NonBrand_Alm_202502;4491.51;846;16093;15;12408.53;19-02-2025;DKK
HH_Search_Brand_Jul_202512;10346.09;2096;28307;54;34062.72;30-12-2025;DKK
HAVEHJ_Search_Brand_Alm_202210_kopi;4299.17;701;22272;23;13200.07;22-10-2022;DKK
HH_Search_Brand_Havesaeson_202204;5059.85;1062;15637;23;14964.22;24-04-2022;DKK
HH_Search_Brand_Havesaeson_202304;9011.25;1417;34368;41;24435.32;25-04-2023;DKK
Havehjornet_Search_NonBrand_Alm_202201;9169.82;1549;27513;35;21517.09;28-01-2022;DKK
HAVEHJ_Search_Brand_Alm_202307;3875.86;453;10549;18;15033.56;05-07-2023;DKK
HH_Search_NonBrand_Jul_202512;855.26;1045;23533;20;1789.25;03-12-2025;EUR
HAVEHJ_Search_Brand_Alm_202307;1204.19;179;3594;5;4176.41;02-07-2023;DKK
hh_dk_Search_NonBrand_Alm_202208;9521.73;2132;40299;30;16607.09;10-08-2022;DKK
hh_dk_Search_Brand_Alm_202409;3100.77;680;8648;13;10421.05;30-09-2024;DKK
HH_Search_NonBrand_Alm_202601;11652.59;2104;31132;40;18990.80;03-01-2026;DKK
hh_dk_Search_NonBrand_BlackFriday_202411;10959.66;1293;64878;33;21871.98;11-11-2024;DKK
HH_Search_Brand_Havesaeson_202206;22242.36;2949;56056;106;48878.19;11-06-2022;DKK
Havehjornet_Search_NonBrand_Alm_202307;7122.39;875;44718;22;14629.32;21-07-2023;DKK
Havehjornet_Search_Brand_BlackFriday_202311;6285.64;784;35087;32;17600.16;25-11-2023;DKK
hh_dk_Search_Brand_Jul_202212;513.13;567;24967;16;1617.94;14-12-2022;EUR
Havehjornet_Search_Brand_Alm_202509;5013.40;737;28518;22;14030.00;16-09-2025;DKK
HH_Search_NonBrand_Alm_202301;12925.82;1749;78117;40;28350.06;31-01-2023;DKK
HH_Search_NonBrand_Alm_202309;13801.82;2545;48770;42;27058.29;24-09-2023;DKK
hh_dk_Search_NonBrand_Alm_202508;2207.52;390;5653;6;4798.83;27-08-2025;DKK
hh_dk_Search_Brand_Alm_202309;2277.42;318;14618;11;6068.76;08-09-2023;DKK
HH_Search_Brand_Havesaeson_202406;4190.76;856;25192;18;10929.96;03-06-2024;DKK
HAVEHJ_Search_NonBrand_Alm_202502;11741.46;1970;36125;36;27496.35;06-02-2025;DKK
HH_Search_Brand_Alm_202301;5978.34;809;16046;30;13684.69;14-01-2023;DKK
hh_dk_Search_NonBrand_Alm_202301;11443.81;1296;48679;41;20410.13;17-01-2023;DKK
HH_Search_Brand_Havesaeson_202206;13638.60;3334;38160;56;41790.30;15-06-2022;DKK
HAVEHJ_Search_NonBrand_BlackFriday_202311;7799.82;916;22041;28;13655.98;09-11-2023;DKK
HAVEHJ_Search_NonBrand_BlackFriday_202511;10299.25;1801;30082;32;19086.00;07-11-2025;DKK
hh_dk_Search_NonBrand_Alm_202508;6326.87;855;21399;20;10830.38;13-08-2025;DKK
hh_dk_Search_Brand_Alm_202201;1835.47;371;7138;10;5304.17;07-01-2022;DKK
HAVEHJ_Search_Brand_Alm_202201;6047.78;1370;17315;27;17216.24;31-01-2022;DKK
Havehjornet_Search_Brand_BlackFriday_202311;15309.49;1990;88789;80;35404.49;30-11-2023;DKK
HH_Search_NonBrand_Jul_202412;2394.46;3508;67775;54;5295.20;08-12-2024;EUR
HH_Search_NonBrand_Alm_202302;15838.79;2696;44496;52;31245.15;11-02-2023;DKK
hh_dk_Search_Brand_Alm_202210;6283.44;1113;21856;30;19700.34;09-10-2022;DKK
Havehjornet_Search_Brand_Alm_202210;6383.60;864;18594;27;21484.83;11-10-2022;DKK
HAVEHJ_Search_NonBrand_Alm_202501;6753.00;1011;19888;20;10563.83;17-01-2025;DKK
Havehjornet_Search_Brand_Alm_202310;6039.82;1473;25106;26;21903.84;09-10-2023;DKK
hh_dk_Search_Brand_Havesaeson_202506;9435.17;1283;41913;49;38450.94;26-06-2025;DKK
hh_dk_Search_Brand_Havesaeson_202506_kopi;12363.34;2056;59060;52;48761.56;21-06-2025;DKK
HH_Search_Brand_Alm_202501_kopi;3183.55;778;11455;13;7929.47;01-01-2025;DKK
HH_Search_Brand_Jul_202412;10895.72;1303;39348;50;35740.74;27-12-2024;DKK
hh_dk_Search_Brand_BlackFriday_202411;6648.19;1173;16825;32;15330.62;26-11-2024;DKK
hh_dk_Search_Brand_Havesaeson_202305;11015.30;1855;29243;46;35476.19;26-05-2023;DKK
Havehjornet_Search_Brand_Alm_202210;1114.02;136;3169;4;2985.38;16-10-2022;DKK
HH_Search_NonBrand_Alm_202303;25408.19;2998;79846;84;52380.13;26-03-2023;DKK
Havehjornet_Search_Brand_Alm_202508;5071.63;1191;14260;25;19948.71;29-08-2025;DKK
Havehjornet_Search_NonBrand_Jul_202212_kopi;34031.01;5487;109768;111;74987.65;16-12-2022;DKK
HAVEHJ_Search_NonBrand_Alm_202403_kopi;2299.32;2122;70750;54;5054.03;21-03-2024;EUR
HH_Search_Brand_Alm_202307;1983.86;236;12104;9;5021.45;28-07-2023;DKK
HH_Search_NonBrand_Alm_202201;9478.16;1313;31995;36;20589.11;21-01-2022;DKK
HAVEHJ_Search_NonBrand_Alm_202402;15478.56;2907;82257;58;29009.82;22-02-2024;DKK
Havehjornet_Search_NonBrand_Alm_202410;1236.96;1641;38339;30;2877.02;03-10-2024;EUR
HAVEHJ_Search_Brand_BlackFriday_202511;534.65;497;19392;19;1736.41;07-11-2025;EUR
Havehjornet_Search_Brand_Havesaeson_202504;4779.57;555;28740;20;15520.33;02-04-2025;DKK
Havehjornet_Search_NonBrand_Alm_202201;5957.72;804;25694;20;16799.42;08-01-2022;DKK
HH_Search_NonBrand_Alm_202502_kopi;11368.22;2007;53994;39;30606.29;12-02-2025;DKK
HH_Search_Brand_Alm_202508;710.13;100;2050;3;2048.34;30-08-2025;DKK
HAVEHJ_Search_NonBrand_Havesaeson_202206;38489.42;6336;152394;114;86652.03;20-06-2022;DKK
HAVEHJ_Search_Brand_Alm_202509_kopi;8664.07;2145;26272;41;27690.86;30-09-2025;DKK
Havehjornet_Search_Brand_Alm_202208;1398.36;333;4880;7;4951.43;03-08-2022;DKK
HH_Search_Brand_Havesaeson_202406;3037.20;420;9313;12;7194.69;26-06-2024;DKK
hh_dk_Search_NonBrand_Havesaeson_202205;36639.56;4171;121282;130;76783.23;17-05-2022;DKK
HAVEHJ_Search_Brand_Alm_202303;7696.61;1327;23246;33;18296.18;04-03-2023;DKK
hh_dk_Search_NonBrand_Alm_202408;3160.56;690;12237;12;5565.62;10-08-2024;DKK
HAVEHJ_Search_Brand_Havesaeson_202305;4954.93;606;26207;22;19463.11;04-05-2023;DKK
HAVEHJ_Search_NonBrand_Alm_202510;8290.49;1602;28019;27;20675.12;28-10-2025;DKK
HAVEHJ_Search_NonBrand_Havesaeson_202305;32148.79;5181;145542;95;78986.00;16-05-2023;DKK
Havehjornet_Search_NonBrand_Alm_202307;2915.84;406;8060;9;6957.47;08-07-2023;DKK
hh_dk_Search_Brand_Alm_202507;2448.88;492;8092;11;9199.10;27-07-2025;DKK
hh_dk_Search_Brand_Alm_202407;3237.90;419;14356;14;9395.33;07-07-2024;DKK
HH_Search_Brand_Alm_202301_kopi;9289.36;1964;27381;47;23838.38;30-01-2023;DKK
Havehjornet_Search_Brand_Jul_202512;6421.44;859;26586;31;15222.57;20-12-2025;DKK
HH_Search_NonBrand_BlackFriday_202411;52864.28;9018;136012;154;123936.82;30-11-2024;DKK
hh_dk_Search_NonBrand_Alm_202209;5513.53;1064;25172;22;10877.26;23-09-2022;DKK
HH_Search_Brand_Alm_202309;5944.86;858;28884;27;15724.96;24-09-2023;DKK
HAVEHJ_Search_NonBrand_Havesaeson_202206;40612.41;4708;105230;140;93650.83;01-06-2022;DKK
hh_dk_Search_NonBrand_Havesaeson_202206;34375.36;4174;120061;121;52574.78;27-06-2022;DKK
Havehjornet_Search_NonBrand_Alm_202301;5640.21;1020;24606;17;9522.63;29-01-2023;DKK
hh_dk_Search_Brand_Jul_202412;15082.58;1747;64334;70;40187.77;24-12-2024;DKK
HH_Search_NonBrand_Havesaeson_202306;35016.92;3973;151239;122;86186.70;23-06-2023;DKK
HAVEHJ_Search_Brand_Alm_202203;5962.59;803;27587;26;17178.25;01-03-2022;DKK
HAVEHJ_Search_Brand_Havesaeson_202506;2333.62;327;6572;10;6113.74;01-06-2025;DKK
HAVEHJ_Search_NonBrand_Havesaeson_202504;65227.70;7754;425354;241;179446.85;21-04-2025;DKK
HH_Search_Brand_Alm_202402;750.52;1036;37164;27;2230.78;04-02-2024;EUR
HH_Search_Brand_BlackFriday_202511;5583.92;1285;28899;29;15194.18;21-11-2025;DKK
HAVEHJ_Search_Brand_Alm_202203;6763.53;870;26941;29;19382.27;15-03-2022;DKK
hh_dk_Search_Brand_Alm_202309_kopi;837.92;1022;31084;26;2206.02;11-09-2023;EUR
HAVEHJ_Search_NonBrand_Alm_202509_kopi;14118.78;2806;89669;47;32589.83;19-09-2025;DKK
HAVEHJ_Search_NonBrand_Havesaeson_202306;57472.61;12230;216457;193;139695.52;05-06-2023;DKK
Havehjornet_Search_Brand_Havesaeson_202506;11001.59;2195;48840;59;32564.43;06-06-2025;DKK
HH_Search_Brand_Alm_202407;733.53;1298;31437;25;2148.34;24-07-2024;EUR
HAVEHJ_Search_NonBrand_Alm_202401;8218.06;1161;20699;24;18273.15;02-01-2024;DKK
HH_Search_Brand_Havesaeson_202306_kopi;5449.39;886;22898;24;21465.30;04-06-2023;DKK
hh_dk_Search_Brand_Alm_202401;6703.48;998;20809;33;19372.40;02-01-2024;DKK
hh_dk_Search_NonBrand_Alm_202501;11268.03;1261;57599;40;27754.74;18-01-2025;DKK
HAVEHJ_Search_NonBrand_Alm_202510;14857.25;2352;37546;44;36735.56;22-10-2025;DKK
Havehjornet_Search_Brand_Alm_202509;6206.93;1498;39564;32;12630.99;03-09-2025;DKK
hh_dk_Search_NonBrand_Alm_202207;6785.49;7916;333024;146;13979.05;03-07-2022;EUR
hh_dk_Search_Brand_BlackFriday_202311;4435.67;818;13346;21;12928.00;10-11-2023;DKK
HAVEHJ_Search_NonBrand_BlackFriday_202511;5055.37;784;22924;20;14667.32;05-11-2025;DKK
hh_dk_Search_NonBrand_Alm_202301;375.64;402;8630;11;791.85;05-01-2023;EUR
Havehjornet_Search_NonBrand_Alm_202203;8664.10;1224;43533;27;15175.96;14-03-2022;DKK
Havehjornet_Search_NonBrand_Alm_202309;6254.38;929;31393;20;10178.92;26-09-2023;DKK
hh_dk_Search_Brand_BlackFriday_202211;7551.16;1418;27348;33;28698.61;05-11-2022;DKK
HAVEHJ_Search_NonBrand_Alm_202208;5383.90;1293;23121;16;11879.28;22-08-2022;DKK
HH_Search_NonBrand_Havesaeson_202404;57221.79;6472;233577;223;136665.34;19-04-2024;DKK
HAVEHJ_Search_Brand_Havesaeson_202404;12570.85;2779;34393;65;44291.94;12-04-2024;DKK
hh_dk_Search_NonBrand_Havesaeson_202405;33240.14;4208;196400;98;70086.60;27-05-2024;DKK
HAVEHJ_Search_NonBrand_Alm_202409;9240.29;1094;42377;29;17836.80;19-09-2024;DKK
Havehjornet_Search_NonBrand_Havesaeson_202405;56331.33;9567;192099;174;99447.88;17-05-2024;DKK
Havehjornet_Search_NonBrand_Alm_202209;3925.51;573;13861;12;9311.56;14-09-2022;DKK
hh_dk_Search_Brand_Alm_202408;4611.84;934;11729;24;13247.26;08-08-2024;DKK
HH_Search_NonBrand_Havesaeson_202404;16641.64;3194;56493;48;37118.51;20-04-2024;DKK
HH_Search_NonBrand_Alm_202210_kopi;17400.01;2648;47377;67;39375.59;23-10-2022;DKK
Havehjornet_Search_NonBrand_Alm_202507;21558.01;3323;64279;70;42253.52;01-07-2025;DKK
HH_Search_Brand_Havesaeson_202406;3037.20;420;9313;12;7194.69;26-06-2024;DKK
hh_dk_Search_NonBrand_Alm_202410;12309.32;2883;40495;35;25802.89;14-10-2024;DKK
HAVEHJ_Search_NonBrand_Havesaeson_202205;11443.50;1801;33334;41;24402.58;25-05-2022;DKK
HAVEHJ_Search_NonBrand_Alm_202502;1193.62;1152;26894;30;2855.91;02-02-2025;EUR
HH_Search_Brand_Alm_202203_kopi;3378.69;776;15782;14;10221.06;06-03-2022;DKK
Havehjornet_Search_NonBrand_Alm_202207;11527.34;1774;45080;38;19824.80;20-07-2022;DKK
HH_Search_Brand_Havesaeson_202305;5250.46;646;19687;27;17818.22;20-05-2023;DKK
hh_dk_Search_NonBrand_Alm_202401;8777.27;1027;26893;31;23328.61;06-01-2024;DKK
hh_dk_Search_Brand_Alm_202203;419.73;520;14569;16;1359.48;17-03-2022;EUR
HAVEHJ_Search_NonBrand_Alm_202402;12349.57;2539;31033;39;24291.69;18-02-2024;DKK
hh_dk_Search_Brand_Alm_202307;2868.66;495;7843;15;10882.35;19-07-2023;DKK
Havehjornet_Search_NonBrand_Alm_202308;6210.99;1103;23350;23;17548.52;17-08-2023;DKK
HH_Search_NonBrand_Havesaeson_202204;41736.11;7401;145784;133;101174.46;15-04-2022;DKK
Havehjornet_Search_Brand_Alm_202403;9816.45;2102;27326;53;29262.30;16-03-2024;DKK
HH_Search_NonBrand_Alm_202408;5016.44;587;17326;16;12920.98;31-08-2024;DKK
hh_dk_Search_Brand_Alm_202210;3388.85;825;20668;15;9381.81;10-10-2022;DKK
HH_Search_NonBrand_Havesaeson_202206;25371.09;4529;98615;76;50037.24;24-06-2022;DKK
Havehjornet_Search_Brand_Havesaeson_202405;8602.76;1023;38363;37;19622.38;08-05-2024;DKK
Havehjornet_Search_Brand_BlackFriday_202511;13227.09;1596;42314;56;38941.79;27-11-2025;DKK
hh_dk_Search_NonBrand_Alm_202503;14380.56;1621;77595;55;32865.60;15-03-2025;DKK
HAVEHJ_Search_Brand_Alm_202507;1474.29;187;4303;7;4353.96;14-07-2025;DKK
hh_dk_Search_Brand_Alm_202207;5838.70;1356;35093;31;13894.08;03-07-2022;DKK
Havehjornet_Search_Brand_Alm_202403;5743.49;959;30239;24;13690.61;20-03-2024;DKK
HAVEHJ_Search_Brand_Alm_202501;13120.75;2143;42933;55;33422.09;06-01-2025;DKK
HAVEHJ_Search_NonBrand_Alm_202507;8958.93;1119;32460;35;22149.43;15-07-2025;DKK
HAVEHJ_Search_Brand_Jul_202412;14352.71;1851;87330;66;50865.33;19-12-2024;DKK
HAVEHJ_Search_NonBrand_Alm_202401;12740.40;2447;71863;45;35367.98;22-01-2024;DKK
HAVEHJ_Search_Brand_Havesaeson_202405;5626.80;672;30724;24;21729.46;10-05-2024;DKK
HAVEHJ_Search_NonBrand_Jul_202512;66334.31;15544;362122;256;151602.97;10-12-2025;DKK
HAVEHJ_Search_Brand_Alm_202203;6604.75;1142;24328;32;15546.23;28-03-2022;DKK
Havehjornet_Search_Brand_Alm_202309;10955.86;2337;58057;59;32714.83;06-09-2023;DKK
HAVEHJ_Search_NonBrand_Alm_202510;10875.75;1384;32685;34;16048.55;17-10-2025;DKK
HH_Search_NonBrand_Alm_202507;13364.69;2545;43814;51;31641.06;26-07-2025;DKK
HAVEHJ_Search_Brand_Alm_202501;6087.52;997;18016;31;19167.87;14-01-2025;DKK
HH_Search_Brand_Jul_202512;10576.71;1176;50779;56;35529.91;13-12-2025;DKK
HAVEHJ_Search_NonBrand_BlackFriday_202511;21779.06;2598;60440;68;43342.79;25-11-2025;DKK
Havehjornet_Search_Brand_Havesaeson_202204_kopi;9640.46;1420;24336;51;34304.92;16-04-2022;DKK
HAVEHJ_Search_NonBrand_Havesaeson_202504;62316.80;14039;274640;230;120871.49;27-04-2025;DKK
HAVEHJ_Search_Brand_Alm_202209;7439.59;1034;30270;32;28442.43;14-09-2022;DKK
Havehjornet_Search_NonBrand_Alm_202210;6886.03;774;20749;25;10083.69;06-10-2022;DKK
HAVEHJ_Search_Brand_Alm_202209;3266.94;427;8264;13;9962.63;02-09-2022;DKK
hh_dk_Search_NonBrand_Alm_202307_kopi;9987.97;1386;34204;33;23390.83;10-07-2023;DKK
Havehjornet_Search_NonBrand_BlackFriday_202311;7639.43;10905;244970;199;17242.48;28-11-2023;EUR
HAVEHJ_Search_Brand_Alm_202402;6475.45;1050;19761;34;21332.61;28-02-2024;DKK
Havehjornet_Search_Brand_Alm_202309;5026.69;1029;27513;24;18431.02;29-09-2023;DKK
HAVEHJ_Search_Brand_BlackFriday_202411;17086.63;3776;46259;72;42671.43;17-11-2024;DKK
HAVEHJ_Search_NonBrand_Alm_202201_kopi;12386.76;1434;37248;47;26025.74;27-01-2022;DKK
HH_Search_NonBrand_Alm_202402;9863.08;1137;25609;35;24153.75;08-02-2024;DKK
Havehjornet_Search_Brand_Havesaeson_202506;1057.10;936;40511;37;3473.61;12-06-2025;EUR
HAVEHJ_Search_Brand_Alm_202202;6655.54;1306;26468;30;19021.58;27-02-2022;DKK
hh_dk_Search_NonBrand_Alm_202301;10364.04;1172;42875;37;21838.51;22-01-2023;DKK
HH_Search_Brand_Alm_202307;3179.15;682;10733;14;12998.39;10-07-2023;DKK
Havehjornet_Search_Brand_Alm_202507_kopi;3491.21;463;15136;14;11785.22;25-07-2025;DKK
HAVEHJ_Search_Brand_Alm_202303;5836.72;853;15516;27;20831.49;31-03-2023;DKK
HAVEHJ_Search_Brand_Alm_202309;4223.93;759;11699;20;15903.53;21-09-2023;DKK
HAVEHJ_Search_NonBrand_Alm_202208;9571.64;1215;31616;34;18832.83;09-08-2022;DKK
HH_Search_Brand_Alm_202503;7716.23;987;38540;34;21562.73;16-03-2025;DKK
Havehjornet_Search_NonBrand_Alm_202507;4132.35;483;17242;13;9013.56;25-07-2025;DKK
hh_dk_Search_NonBrand_Alm_202309;9321.02;1660;48226;27;18214.51;07-09-2023;DKK
hh_dk_Search_NonBrand_Alm_202208;6617.14;1199;21228;22;17652.94;31-08-2022;DKK
HH_Search_Brand_Alm_202507;902.54;205;3311;5;2477.05;15-07-2025;DKK
HAVEHJ_Search_NonBrand_Alm_202502;2434.11;3423;118152;65;6329.90;10-02-2025;EUR
HAVEHJ_Search_Brand_Havesaeson_202306;1422.18;1999;37471;43;4160.51;01-06-2023;EUR
HAVEHJ_Search_Brand_Alm_202208;2885.44;502;8010;15;11911.55;14-08-2022;DKK
Havehjornet_Search_NonBrand_Alm_202501;5923.00;782;23319;20;13864.30;15-01-2025;DKK
HH_Search_Brand_Alm_202309;5737.56;836;33252;24;15235.73;05-09-2023;DKK
HAVEHJ_Search_Brand_Alm_202301;6808.53;902;22610;30;21937.89;15-01-2023;DKK
HAVEHJ_Search_Brand_Alm_202209;9532.62;1733;63435;38;29043.71;16-09-2022;DKK
hh_dk_Search_Brand_Alm_202309;9880.51;2138;36243;51;31153.10;19-09-2023;DKK
Havehjornet_Search_NonBrand_Jul_202312_kopi;32057.37;5324;204924;110;72330.60;17-12-2023;DKK
HAVEHJ_Search_NonBrand_Alm_202210;6479.61;796;20802;24;13082.02;21-10-2022;DKK
HH_Search_NonBrand_Alm_202202;10797.25;1422;34865;34;32329.65;14-02-2022;DKK
HH_Search_NonBrand_Jul_202312;15505.99;3550;49250;50;36982.49;03-12-2023;DKK
Havehjornet_Search_Brand_Havesaeson_202305_kopi;1466.49;1351;71835;49;4013.08;28-05-2023;EUR
HAVEHJ_Search_Brand_Havesaeson_202405;14628.10;2764;49372;76;40491.87;25-05-2024;DKK
HAVEHJ_Search_NonBrand_Alm_202402;2138.91;1939;72010;55;4784.02;21-02-2024;EUR
Havehjornet_Search_NonBrand_Jul_202312;12375.18;2158;53755;37;34409.05;08-12-2023;DKK
HAVEHJ_Search_Brand_Alm_202401_kopi;4055.08;651;13877;19;14936.03;08-01-2024;DKK
HAVEHJ_Search_NonBrand_Alm_202207;10305.99;1315;43149;40;22618.84;16-07-2022;DKK
HH_Search_Brand_Alm_202507;3478.47;535;11769;14;10746.60;06-07-2025;DKK
Havehjornet_Search_NonBrand_Havesaeson_202205;88509.64;11547;242107;343;260714.14;21-05-2022;DKK
HAVEHJ_Search_NonBrand_BlackFriday_202411;18636.90;2605;57773;58;45190.81;14-11-2024;DKK
HH_Search_Brand_Havesaeson_202405;3670.32;652;11632;15;12041.06;07-05-2024;DKK
HAVEHJ_Search_NonBrand_Havesaeson_202306;54573.78;10460;190246;169;114556.12;11-06-2023;DKK
Havehjornet_Search_NonBrand_Alm_202308;17559.64;2886;47998;61;35263.54;31-08-2023;DKK
Havehjornet_Search_Brand_Havesaeson_202206;251.66;292;8575;10;726.49;10-06-2022;EUR
HAVEHJ_Search_NonBrand_Alm_202501;7055.88;1275;41897;24;11966.34;11-01-2025;DKK
HAVEHJ_Search_Brand_Alm_202302;20229.20;2695;71688;90;58153.76;26-02-2023;DKK
HAVEHJ_Search_NonBrand_Jul_202212_kopi;4748.40;7834;89352;105;10942.72;23-12-2022;EUR
hh_dk_Search_Brand_Alm_202210_kopi;9129.21;2268;37496;45;22347.03;07-10-2022;DKK
HAVEHJ_Search_NonBrand_Havesaeson_202405;36944.83;6122;189372;109;89773.57;12-05-2024;DKK
hh_dk_Search_NonBrand_Alm_202502;7562.49;997;28627;22;13203.32;20-02-2025;DKK
HH_Search_NonBrand_Havesaeson_202506;48710.79;9448;131337;155;113433.72;28-06-2025;DKK
Havehjornet_Search_Brand_Havesaeson_202206;3323.21;383;9979;16;9269.65;20-06-2022;DKK
HH_Search_Brand_Alm_202201;8036.70;1281;28569;39;24598.83;06-01-2022;DKK
HH_Search_Brand_Havesaeson_202306;10630.96;1649;28577;54;29229.22;03-06-2023;DKK
HAVEHJ_Search_NonBrand_Jul_202212;39599.05;4751;152946;150;81678.74;02-12-2022;DKK
Havehjornet_Search_NonBrand_Alm_202203;13120.80;1494;41999;44;25016.46;10-03-2022;DKK
HH_Search_Brand_Havesaeson_202506;4257.66;487;21664;20;15405.48;17-06-2025;DKK
HAVEHJ_Search_NonBrand_Alm_202207;10606.78;2149;29527;39;26903.07;11-07-2022;DKK
Havehjornet_Search_NonBrand_Havesaeson_202504;64327.99;7318;414028;201;114869.59;09-04-2025;DKK
HH_Search_NonBrand_BlackFriday_202311;773.35;779;16175;19;1934.52;15-11-2023;EUR
Havehjornet_Search_Brand_Havesaeson_202406;1628.28;2529;55589;53;4368.77;10-06-2024;EUR
HH_Search_Brand_Alm_202502;7616.87;1404;28773;38;28075.40;28-02-2025;DKK
Havehjornet_Search_Brand_Alm_202208;2008.72;228;5786;10;5323.67;13-08-2022;DKK
HAVEHJ_Search_NonBrand_BlackFriday_202311;7343.98;7771;144953;164;14421.51;23-11-2023;EUR
Havehjornet_Search_Brand_Havesaeson_202504;2773.44;328;13020;13;7504.07;19-04-2025;DKK
HAVEHJ_Search_NonBrand_Alm_202403;6673.29;1570;37079;24;11901.15;17-03-2024;DKK
HH_Search_NonBrand_Alm_202308;9348.53;1978;45003;27;27451.27;25-08-2023;DKK
Havehjornet_Search_NonBrand_Jul_202512;14905.28;3466;99044;43;31161.71;23-12-2025;DKK
Havehjornet_Search_NonBrand_Alm_202410;6729.02;955;21409;24;17592.69;02-10-2024;DKK
HAVEHJ_Search_NonBrand_Havesaeson_202405;55378.60;6659;291773;203;107604.83;14-05-2024;DKK
Havehjornet_Search_Brand_Alm_202303;5189.82;594;18204;27;13133.72;06-03-2023;DKK
HAVEHJ_Search_NonBrand_Havesaeson_202204;6104.82;6769;229465;134;12061.96;12-04-2022;EUR
Havehjornet_Search_Brand_Alm_202302;5245.32;914;13997;21;11296.00;16-02-2023;DKK
hh_dk_Search_NonBrand_Alm_202407;7901.35;1087;39082;27;16858.49;21-07-2024;DKK
HH_Search_NonBrand_Jul_202212_kopi;6697.46;7535;175806;145;16414.15;13-12-2022;EUR
HAVEHJ_Search_Brand_Alm_202309;3674.37;463;9548;17;11895.66;28-09-2023;DKK
HAVEHJ_Search_Brand_Alm_202508;2132.83;309;12104;9;7872.21;11-08-2025;DKK
Havehjornet_Search_Brand_BlackFriday_202211;6699.06;1633;19099;32;21519.74;09-11-2022;DKK
HH_Search_Brand_Alm_202301;2926.96;383;10071;16;7588.09;22-01-2023;DKK
Havehjornet_Search_Brand_BlackFriday_202511;6775.24;795;19893;30;20450.79;06-11-2025;DKK
HAVEHJ_Search_NonBrand_Alm_202308;2549.41;438;12394;9;4750.06;29-08-2023;DKK
Havehjornet_Search_NonBrand_Alm_202403;3823.28;4910;80089;101;8625.64;15-03-2024;EUR
HH_Search_Brand_Alm_202303;4520.36;777;27175;19;16836.06;27-03-2023;DKK
HH_Search_NonBrand_Havesaeson_202205;26891.08;3384;83040;80;72756.95;07-05-2022;DKK
Havehjornet_Search_Brand_Alm_202203;9273.13;1620;48691;48;28264.46;04-03-2022;DKK
HH_Search_Brand_Havesaeson_202406;14275.78;1699;40309;60;45130.86;17-06-2024;DKK
Havehjornet_Search_NonBrand_Alm_202407;8129.57;1029;41589;27;15951.18;24-07-2024;DKK
HH_Search_Brand_BlackFriday_202511;7780.16;870;29299;36;26515.29;10-11-2025;DKK
Havehjornet_Search_Brand_Jul_202312;7694.86;1709;40683;33;21734.59;03-12-2023;DKK
hh_dk_Search_Brand_Havesaeson_202205;14285.63;2789;64310;58;54017.60;20-05-2022;DKK
HH_Search_Brand_Havesaeson_202206;16866.75;3154;81448;74;52553.81;09-06-2022;DKK
hh_dk_Search_NonBrand_Havesaeson_202205_kopi;46540.99;9138;128981;172;113447.10;19-05-2022;DKK
HAVEHJ_Search_NonBrand_Alm_202407;12897.52;1611;32756;51;23659.09;10-07-2024;DKK
hh_dk_Search_NonBrand_Alm_202509;12584.14;1939;55732;48;31001.38;27-09-2025;DKK
Havehjornet_Search_NonBrand_Alm_202201;7667.59;1905;48907;24;15432.60;19-01-2022;DKK
HAVEHJ_Search_Brand_Alm_202402;5971.01;1373;17362;30;15736.97;08-02-2024;DKK
Havehjornet_Search_NonBrand_Alm_202202;2049.96;2917;40287;49;3923.19;06-02-2022;EUR
hh_dk_Search_NonBrand_Alm_202201;7858.96;1100;20410;25;11517.92;17-01-2022;DKK
hh_dk_Search_Brand_Alm_202203;2334.72;510;13265;10;5969.34;03-03-2022;DKK
Havehjornet_Search_Brand_Alm_202507;863.49;885;31894;34;2780.63;13-07-2025;EUR
HAVEHJ_Search_Brand_Alm_202409;22803.93;2910;81177;94;71734.53;03-09-2024;DKK
Havehjornet_Search_Brand_Jul_202312;16004.39;2150;44892;84;37685.24;19-12-2023;DKK
HAVEHJ_Search_NonBrand_Havesaeson_202205;30184.05;6714;156584;105;56605.87;30-05-2022;DKK
Havehjornet_Search_NonBrand_Havesaeson_202405;21392.55;2772;93227;69;44690.70;04-05-2024;DKK
hh_dk_Search_Brand_Havesaeson_202306;7450.54;1022;42281;36;19552.29;13-06-2023;DKK
HAVEHJ_Search_Brand_Jul_202212;16207.21;4046;106501;81;50487.73;27-12-2022;DKK
Havehjornet_Search_Brand_Havesaeson_202205;13509.53;1558;46683;59;38905.59;05-05-2022;DKK
HH_Search_NonBrand_Alm_202308;2155.90;2244;55053;62;4629.00;10-08-2023;EUR
Havehjornet_Search_Brand_Alm_202207;2272.32;385;10359;9;7577.94;17-07-2022;DKK
HAVEHJ_Search_Brand_Alm_202202_kopi;7111.86;1421;27772;29;18924.73;18-02-2022;DKK
hh_dk_Search_NonBrand_BlackFriday_202311;1640.48;1483;41317;47;4015.19;05-11-2023;EUR
HH_Search_Brand_Havesaeson_202205;6304.07;1304;24363;34;18135.73;19-05-2022;DKK
HAVEHJ_Search_NonBrand_Havesaeson_202506;29393.06;3889;106843;95;53627.60;18-06-2025;DKK
hh_dk_Search_Brand_Havesaeson_202204;4271.96;652;12892;17;13559.38;04-04-2022;DKK
Havehjornet_Search_NonBrand_Alm_202307;790.92;752;25654;18;1576.79;13-07-2023;EUR
HAVEHJ_Search_Brand_Alm_202403;11294.02;2524;48879;48;28848.84;07-03-2024;DKK
HH_Search_NonBrand_Jul_202412;18172.23;4471;83593;65;32124.61;11-12-2024;DKK
HAVEHJ_Search_Brand_Havesaeson_202505;12981.56;3114;36613;58;44733.58;24-05-2025;DKK
Havehjornet_Search_Brand_Alm_202509;3545.14;489;9776;14;10977.90;10-09-2025;DKK
Havehjornet_Search_NonBrand_Alm_202209;4540.97;633;15917;16;11869.78;01-09-2022;DKK
Havehjornet_Search_NonBrand_BlackFriday_202311;8538.23;1015;21443;33;25352.26;13-11-2023;DKK
hh_dk_Search_NonBrand_Havesaeson_202205_kopi;3078.98;4384;68724;67;6986.34;31-05-2022;EUR
Havehjornet_Search_NonBrand_Havesaeson_202206;82838.05;15440;398704;280;140711.62;06-06-2022;DKK
hh_dk_Search_NonBrand_Jul_202412;9533.59;1894;40193;30;32371.91;03-12-2024;DKK
HH_Search_Brand_Alm_202209;1234.86;1868;28041;39;2998.41;19-09-2022;EUR
Havehjornet_Search_Brand_Alm_202408;13346.31;1812;80240;54;43296.74;28-08-2024;DKK
HH_Search_Brand_Alm_202309;5380.33;962;15999;22;19978.78;14-09-2023;DKK
HH_Search_NonBrand_Jul_202312;15202.44;2127;92459;50;24911.20;29-12-2023;DKK
HAVEHJ_Search_NonBrand_Alm_202207;4355.04;544;13220;13;9780.33;24-07-2022;DKK
hh_dk_Search_NonBrand_BlackFriday_202411;10396.93;2136;28506;31;26573.25;16-11-2024;DKK
HH_Search_NonBrand_Havesaeson_202506;40199.56;4543;102998;121;79612.04;01-06-2025;DKK
HH_Search_Brand_Alm_202409;14214.69;1624;64367;60;57628.32;13-09-2024;DKK
HH_Search_Brand_Havesaeson_202204;1205.32;1076;25790;38;3800.58;18-04-2022;EUR
HAVEHJ_Search_NonBrand_Alm_202410;14190.09;2965;41693;46;33924.17;27-10-2024;DKK
hh_dk_Search_NonBrand_Havesaeson_202504;25273.06;3732;76874;99;52110.50;25-04-2025;DKK
HH_Search_NonBrand_BlackFriday_202311;6901.67;896;32434;22;11809.70;02-11-2023;DKK
HH_Search_Brand_Alm_202401_kopi;11957.38;2471;33127;52;35374.52;04-01-2024;DKK
hh_dk_Search_NonBrand_BlackFriday_202211;6624.65;768;19842;21;12703.90;05-11-2022;DKK
Havehjornet_Search_NonBrand_Alm_202401;6308.50;1447;18179;19;13577.06;21-01-2024;DKK
HH_Search_NonBrand_Alm_202301;4158.20;613;24904;16;6037.21;11-01-2023;DKK
Havehjornet_Search_Brand_Havesaeson_202304;313.27;69;883;1;1016.73;02-04-2023;DKK
hh_dk_Search_NonBrand_Alm_202202_kopi;8468.85;1885;29544;26;18707.14;02-02-2022;DKK
Havehjornet_Search_Brand_Alm_202303;4521.64;604;27838;22;13786.28;30-03-2023;DKK
HH_Search_NonBrand_BlackFriday_202211;12729.77;1684;40960;49;34015.37;10-11-2022;DKK
HAVEHJ_Search_NonBrand_Havesaeson_202205;59266.54;10708;200047;213;122043.77;15-05-2022;DKK
HH_Search_Brand_Alm_202509;3105.11;701;11704;16;8669.87;02-09-2025;DKK
HH_Search_NonBrand_Alm_202302;21859.41;4594;138684;73;36864.45;03-02-2023;DKK
HH_Search_Brand_Alm_202503_kopi;5513.01;615;19403;29;13871.06;08-03-2025;DKK
HAVEHJ_Search_NonBrand_Havesaeson_202505;48253.34;11915;295953;155;120016.20;10-05-2025;DKK
HAVEHJ_Search_Brand_Alm_202402;842.27;198;3411;4;2714.95;05-02-2024;DKK
HAVEHJ_Search_Brand_Alm_202503;804.69;806;32343;31;1894.35;06-03-2025;EUR
HH_Search_NonBrand_Havesaeson_202204;18685.68;2425;99692;58;28677.88;29-04-2022;DKK
Havehjornet_Search_NonBrand_Alm_202403;9953.76;1798;36634;29;17415.62;25-03-2024;DKK
HAVEHJ_Search_Brand_Alm_202402;7337.51;987;29589;38;19035.57;26-02-2024;DKK
HAVEHJ_Search_NonBrand_Alm_202202;15614.74;3024;50833;52;38873.84;18-02-2022;DKK
HAVEHJ_Search_NonBrand_Alm_202310;5270.81;814;13981;16;16958.55;22-10-2023;DKK
Havehjornet_Search_NonBrand_Alm_202407;2334.69;2273;47059;54;5646.48;29-07-2024;EUR
Havehjornet_Search_Brand_BlackFriday_202211;6021.83;743;22738;29;14128.73;11-11-2022;DKK
HAVEHJ_Search_NonBrand_Alm_202407;7231.84;876;42911;28;20708.75;31-07-2024;DKK
Havehjornet_Search_NonBrand_Jul_202512;46132.55;9914;302127;141;82253.37;14-12-2025;DKK
HH_Search_NonBrand_Havesaeson_202304;33483.92;4398;96792;100;80795.05;07-04-2023;DKK
hh_dk_Search_Brand_Havesaeson_202205;12877.81;1866;57521;69;45080.33;25-05-2022;DKK
Havehjornet_Search_Brand_BlackFriday_202411;1953.79;2799;37332;61;5847.68;29-11-2024;EUR
hh_dk_Search_NonBrand_Alm_202402;1331.21;1518;29645;35;3701.24;23-02-2024;EUR
hh_dk_Search_NonBrand_BlackFriday_202211;18799.39;4104;86444;64;44110.45;30-11-2022;DKK
Havehjornet_Search_Brand_Havesaeson_202205;1922.79;1964;42809;61;6028.01;28-05-2022;EUR
HAVEHJ_Search_Brand_Alm_202303;3746.09;683;12642;20;14385.76;25-03-2023;DKK
Havehjornet_Search_NonBrand_Alm_202509;5806.13;1196;16359;17;13606.69;24-09-2025;DKK
hh_dk_Search_NonBrand_Jul_202312;2698.99;3073;68228;79;5466.27;11-12-2023;EUR
HH_Search_Brand_BlackFriday_202311;7230.18;1428;18081;33;26016.16;27-11-2023;DKK
HH_Search_NonBrand_Jul_202512;21507.91;4768;139558;83;36527.24;16-12-2025;DKK
Havehjornet_Search_Brand_Alm_202201;714.05;86;3264;3;2010.06;16-01-2022;DKK
HAVEHJ_Search_Brand_Alm_202508;2508.67;439;7126;10;6923.40;17-08-2025;DKK
Havehjornet_Search_NonBrand_Alm_202309;13738.34;2978;85611;53;35274.57;16-09-2023;DKK
HAVEHJ_Search_NonBrand_Jul_202512;5403.14;963;14344;17;11315.63;30-12-2025;DKK
Havehjornet_Search_NonBrand_Havesaeson_202305;76573.86;14625;211271;235;175328.95;22-05-2023;DKK
hh_dk_Search_NonBrand_Havesaeson_202506_kopi;31190.37;3726;188972;109;64588.46;02-06-2025;DKK
HH_Search_Brand_Havesaeson_202406;7242.96;916;19032;33;20909.60;19-06-2024;DKK
Havehjornet_Search_NonBrand_BlackFriday_202511;32127.58;6804;199470;102;63616.28;30-11-2025;DKK
hh_dk_Search_NonBrand_Alm_202308;14595.22;2894;50789;49;36588.88;28-08-2023;DKK
HH_Search_Brand_Alm_202509;863.82;799;34495;33;2297.98;11-09-2025;EUR
HAVEHJ_Search_Brand_Havesaeson_202404_kopi;4823.53;1117;14102;19;13477.98;09-04-2024;DKK
HAVEHJ_Search_Brand_Alm_202301;6894.55;856;38746;34;22800.10;31-01-2023;DKK
hh_dk_Search_NonBrand_Havesaeson_202306;5957.50;7977;122643;132;14014.73;25-06-2023;EUR
HAVEHJ_Search_Brand_Alm_202501_kopi;7996.70;1246;33292;35;26188.61;30-01-2025;DKK
HH_Search_Brand_Alm_202402;4146.06;471;15991;19;13874.43;22-02-2024;DKK
HAVEHJ_Search_Brand_Alm_202503;4494.73;664;14124;22;18172.69;05-03-2025;DKK
hh_dk_Search_NonBrand_Alm_202203;3875.35;547;11648;12;10072.05;30-03-2022;DKK
Havehjornet_Search_NonBrand_Alm_202208;19552.24;4101;73816;67;47155.18;12-08-2022;DKK
Havehjornet_Search_NonBrand_BlackFriday_202411;13506.66;1554;34255;44;33815.93;12-11-2024;DKK
hh_dk_Search_Brand_Alm_202203_kopi;7180.30;1778;23426;34;21219.35;12-03-2022;DKK
HH_Search_NonBrand_Alm_202201;1107.53;1244;29557;30;2395.21;23-01-2022;EUR
HH_Search_NonBrand_Alm_202501;4714.54;607;22651;18;12392.60;10-01-2025;DKK
hh_dk_Search_Brand_Alm_202510;1389.91;188;4093;7;4148.72;18-10-2025;DKK
hh_dk_Search_NonBrand_Alm_202310;787.77;917;36805;17;1432.22;12-10-2023;EUR
HH_Search_Brand_Alm_202403;1191.07;144;5702;6;3775.35;28-03-2024;DKK
Havehjornet_Search_Brand_Alm_202402;10351.65;1236;52306;47;25947.74;19-02-2024;DKK
hh_dk_Search_Brand_Havesaeson_202504;8409.51;1221;27759;36;22177.28;18-04-2025;DKK
hh_dk_Search_NonBrand_Havesaeson_202405;33600.23;4581;133559;100;64884.66;22-05-2024;DKK
HH_Search_NonBrand_Alm_202410;10597.66;1398;26984;31;25704.22;23-10-2024;DKK
Havehjornet_Search_Brand_Havesaeson_202304;2012.18;2438;39399;76;6904.20;26-04-2023;EUR
HH_Search_NonBrand_BlackFriday_202311;14282.00;1605;41804;52;26524.85;22-11-2023;DKK
HAVEHJ_Search_Brand_Havesaeson_202206;16440.80;2904;49090;76;52116.45;04-06-2022;DKK
HAVEHJ_Search_Brand_Alm_202508_kopi;3387.41;684;17923;14;10878.80;22-08-2025;DKK
HAVEHJ_Search_Brand_Alm_202410;1226.04;144;4892;5;2913.48;15-10-2024;DKK
Havehjornet_Search_NonBrand_Alm_202303;19664.12;3215;59968;57;42016.85;11-03-2023;DKK
Havehjornet_Search_Brand_BlackFriday_202211;741.76;654;23490;22;2378.72;04-11-2022;EUR
hh_dk_Search_NonBrand_Alm_202210;6929.85;781;19064;24;13228.50;05-10-2022;DKK
Havehjornet_Search_NonBrand_Alm_202307;9967.81;1280;57414;36;21790.62;31-07-2023;DKK
HAVEHJ_Search_NonBrand_Alm_202210_kopi;6417.43;1141;25697;20;13113.35;20-10-2022;DKK
hh_dk_Search_Brand_Alm_202310_kopi;5556.61;831;20444;23;11937.04;10-10-2023;DKK
Havehjornet_Search_NonBrand_Alm_202209;11949.07;1621;64614;37;17322.67;16-09-2022;DKK
Havehjornet_Search_Brand_Havesaeson_202504;5338.96;842;22070;28;16302.70;07-04-2025;DKK
Havehjornet_Search_Brand_Alm_202303;8821.47;1399;25282;45;23888.04;11-03-2023;DKK
HH_Search_Brand_Alm_202201;281.79;428;9705;9;765.41;22-01-2022;EUR
HAVEHJ_Search_NonBrand_Alm_202508;11039.37;1471;44151;40;25826.23;17-08-2025;DKK
HAVEHJ_Search_NonBrand_Alm_202410;14774.20;2231;43426;51;28273.25;08-10-2024;DKK
HAVEHJ_Search_Brand_BlackFriday_202311;6943.77;1039;40986;29;19549.25;13-11-2023;DKK
hh_dk_Search_Brand_Alm_202310;3489.83;409;16956;16;11173.53;14-10-2023;DKK
hh_dk_Search_Brand_Havesaeson_202305;25860.41;3367;74831;112;70685.13;31-05-2023;DKK
Havehjornet_Search_Brand_Alm_202407;3723.97;851;20460;16;12120.34;11-07-2024;DKK
HAVEHJ_Search_Brand_Alm_202203;5797.18;785;22341;31;16360.87;24-03-2022;DKK
HAVEHJ_Search_NonBrand_Alm_202308;16600.57;1991;97559;61;27517.84;01-08-2023;DKK
Havehjornet_Search_NonBrand_Alm_202510;1287.41;1553;28302;32;2433.60;11-10-2025;EUR
HAVEHJ_Search_Brand_Alm_202507;2648.41;478;9368;12;8209.94;31-07-2025;DKK
hh_dk_Search_NonBrand_BlackFriday_202211_kopi;17200.06;2049;94484;67;27403.55;13-11-2022;DKK
Havehjornet_Search_Brand_Alm_202310;12257.68;1773;63455;57;48003.16;05-10-2023;DKK
HAVEHJ_Search_Brand_BlackFriday_202411;15609.55;3273;53276;63;48514.21;30-11-2024;DKK
Havehjornet_Search_NonBrand_Alm_202501;6987.18;882;32485;23;19940.77;24-01-2025;DKK
HH_Search_Brand_Havesaeson_202404_kopi;8978.21;2030;24768;36;21987.34;11-04-2024;DKK
Havehjornet_Search_Brand_Alm_202509;9778.32;2157;28353;43;32715.57;17-09-2025;DKK
HAVEHJ_Search_NonBrand_Havesaeson_202306;18309.36;2438;85140;71;37417.91;27-06-2023;DKK
HH_Search_NonBrand_Havesaeson_202304;82411.51;12344;286418;254;180560.21;12-04-2023;DKK
Havehjornet_Search_Brand_BlackFriday_202511;10442.02;1670;30783;50;32044.82;09-11-2025;DKK
Havehjornet_Search_NonBrand_Jul_202212;23682.39;3585;83936;80;60613.43;08-12-2022;DKK
HAVEHJ_Search_NonBrand_Havesaeson_202304;60665.46;14754;189530;188;116185.40;23-04-2023;DKK
HAVEHJ_Search_NonBrand_Havesaeson_202205;70428.25;10975;186391;206;151854.69;04-05-2022;DKK
hh_dk_Search_NonBrand_Alm_202503;9784.95;1303;48487;30;18822.85;28-03-2025;DKK
HAVEHJ_Search_Brand_Havesaeson_202505;8252.66;987;29503;41;25578.38;19-05-2025;DKK
Havehjornet_Search_NonBrand_Havesaeson_202504;27904.24;5352;73189;84;60587.08;18-04-2025;DKK
HH_Search_NonBrand_Alm_202307_kopi;26683.63;6525;167999;78;55814.73;14-07-2023;DKK
Havehjornet_Search_Brand_Alm_202501;10345.33;1708;32057;51;25001.88;19-01-2025;DKK
Havehjornet_Search_Brand_Havesaeson_202204;9321.99;1368;24217;47;25037.12;19-04-2022;DKK
hh_dk_Search_NonBrand_Havesaeson_202204;32600.17;6762;137531;117;89519.32;10-04-2022;DKK
Havehjornet_Search_Brand_Alm_202509;11978.55;1513;31768;51;42660.23;12-09-2025;DKK
hh_dk_Search_NonBrand_Alm_202402;1666.47;248;4295;5;3725.24;20-02-2024;DKK
hh_dk_Search_Brand_Havesaeson_202505;3558.40;691;11831;15;13189.17;25-05-2025;DKK
HH_Search_Brand_Alm_202509;1433.73;1225;62728;58;4847.01;13-09-2025;EUR
HH_Search_NonBrand_Havesaeson_202406_kopi;59011.18;7388;294598;214;129896.87;22-06-2024;DKK
Havehjornet_Search_Brand_Havesaeson_202504;6332.07;871;24967;30;22737.75;01-04-2025;DKK
HAVEHJ_Search_NonBrand_Alm_202210_kopi;9515.67;1278;35669;35;21717.23;12-10-2022;DKK
Havehjornet_Search_Brand_Alm_202507;2939.59;460;7527;12;9846.36;08-07-2025;DKK
HH_Search_NonBrand_Alm_202409;16560.72;2877;55311;49;25878.91;09-09-2024;DKK
hh_dk_Search_Brand_Jul_202312;7167.45;1252;19272;31;27157.39;31-12-2023;DKK
HH_Search_NonBrand_Alm_202307;4700.49;781;16453;15;10867.09;04-07-2023;DKK
HH_Search_Brand_Alm_202403_kopi;9981.10;1918;26704;43;32088.28;02-03-2024;DKK
Havehjornet_Search_NonBrand_Alm_202207;12738.57;2395;48167;47;26426.01;15-07-2022;DKK
Havehjornet_Search_NonBrand_BlackFriday_202311;20564.37;4397;55850;60;45484.56;16-11-2023;DKK
hh_dk_Search_NonBrand_Jul_202212;40780.68;6087;180522;149;75113.14;03-12-2022;DKK
HAVEHJ_Search_NonBrand_Alm_202507;11096.90;1558;55409;38;26330.38;23-07-2025;DKK
HAVEHJ_Search_NonBrand_Jul_202412;1184.07;1112;42860;33;2416.53;31-12-2024;EUR
hh_dk_Search_Brand_BlackFriday_202411;3730.91;848;12048;19;12650.06;12-11-2024;DKK
hh_dk_Search_NonBrand_Alm_202309;6198.62;1420;15812;20;11143.51;21-09-2023;DKK
HH_Search_Brand_Havesaeson_202204;5203.43;1184;31656;26;11267.87;14-04-2022;DKK
hh_dk_Search_NonBrand_Alm_202301;10779.44;1750;34502;32;18242.17;04-01-2023;DKK
Havehjornet_Search_NonBrand_Alm_202407;5283.90;899;13789;17;10608.55;02-07-2024;DKK
hh_dk_Search_Brand_Alm_202309;9674.95;1149;29093;39;29178.68;02-09-2023;DKK
HAVEHJ_Search_Brand_Alm_202210;8252.25;966;46580;37;37434.73;20-10-2022;DKK
HAVEHJ_Search_NonBrand_Alm_202409;17008.26;2069;75736;52;40847.62;30-09-2024;DKK
HAVEHJ_Search_Brand_Alm_202503;6010.60;1163;23001;28;20695.28;10-03-2025;DKK
hh_dk_Search_NonBrand_Havesaeson_202204;12180.36;1366;78630;37;27198.41;01-04-2022;DKK
hh_dk_Search_NonBrand_Alm_202407;18797.56;2496;78375;57;50484.77;08-07-2024;DKK
hh_dk_Search_Brand_Alm_202203;567.76;706;11472;18;1442.84;31-03-2022;EUR
HH_Search_Brand_Jul_202212;5275.33;1318;15267;25;12786.91;08-12-2022;DKK
HH_Search_Brand_Alm_202303;6820.13;760;34810;30;19555.79;26-03-2023;DKK
Havehjornet_Search_NonBrand_BlackFriday_202411;5168.83;1185;16187;18;17290.59;15-11-2024;DKK
HH_Search_NonBrand_Alm_202407;12386.46;2040;40821;42;23522.81;14-07-2024;DKK
HH_Search_NonBrand_Alm_202309;1362.00;1150;35643;33;3388.04;23-09-2023;EUR
HAVEHJ_Search_NonBrand_Alm_202409;16906.55;2619;47657;57;51550.55;11-09-2024;DKK
HH_Search_Brand_Alm_202208;5252.39;784;14016;26;18651.72;24-08-2022;DKK
Havehjornet_Search_NonBrand_Alm_202508;8271.41;1882;41459;26;20557.90;16-08-2025;DKK
HAVEHJ_Search_Brand_Jul_202212;2593.19;463;8908;11;8594.96;28-12-2022;DKK
hh_dk_Search_NonBrand_Alm_202403;21347.79;4900;73963;78;42205.57;22-03-2024;DKK
hh_dk_Search_Brand_Alm_202509;2657.76;465;7164;11;8287.46;05-09-2025;DKK
Havehjornet_Search_NonBrand_Havesaeson_202404;27801.15;4625;122376;88;65303.22;04-04-2024;DKK
HAVEHJ_Search_NonBrand_BlackFriday_202311;18443.52;2386;84262;61;40377.83;06-11-2023;DKK
hh_dk_Search_NonBrand_Alm_202508;21007.47;4471;94991;82;36430.77;02-08-2025;DKK
hh_dk_Search_NonBrand_Alm_202503_kopi;9157.76;1311;43020;27;23342.91;14-03-2025;DKK
hh_dk_Search_NonBrand_Havesaeson_202505;29700.28;6139;132235;94;68208.13;15-05-2025;DKK
Havehjornet_Search_NonBrand_Havesaeson_202206;66305.74;13470;252874;211;129156.00;02-06-2022;DKK
HAVEHJ_Search_NonBrand_Alm_202403;11865.35;1583;47987;43;25527.98;29-03-2024;DKK
HAVEHJ_Search_NonBrand_Alm_202302;10113.56;1991;32510;32;20936.92;15-02-2023;DKK
HH_Search_Brand_Jul_202512;709.90;611;22374;25;1546.28;03-12-2025;EUR
HAVEHJ_Search_NonBrand_Alm_202210;5801.87;858;17662;18;14730.59;14-10-2022;DKK
Havehjornet_Search_NonBrand_Alm_202201;6658.76;1489;19295;23;11715.50;09-01-2022;DKK
hh_dk_Search_Brand_Havesaeson_202305;8466.52;1997;22619;40;24472.24;05-05-2023;DKK
hh_dk_Search_NonBrand_BlackFriday_202211;63660.67;8506;257699;224;129298.87;23-11-2022;DKK
hh_dk_Search_NonBrand_Alm_202302;9608.87;1397;32790;37;18584.95;23-02-2023;DKK
HH_Search_Brand_Havesaeson_202304;15430.11;3829;98648;80;50836.56;27-04-2023;DKK
HAVEHJ_Search_NonBrand_Alm_202307_kopi;5850.26;1208;29610;17;12750.53;05-07-2023;DKK
HH_Search_NonBrand_Havesaeson_202304;54258.50;12722;137670;198;118084.27;05-04-2023;DKK
HAVEHJ_Search_NonBrand_Alm_202307_kopi;11091.32;1697;50684;33;27389.16;20-07-2023;DKK
hh_dk_Search_NonBrand_Alm_202402;14545.39;2807;70919;47;27496.03;17-02-2024;DKK
HH_Search_NonBrand_Havesaeson_202305;39684.89;7566;155580;129;94447.09;05-05-2023;DKK
Havehjornet_Search_NonBrand_Alm_202407;17843.26;2033;56355;52;37064.18;06-07-2024;DKK
Havehjornet_Search_Brand_Alm_202510;765.77;679;20454;31;1706.84;06-10-2025;EUR
HAVEHJ_Search_NonBrand_Alm_202408;4584.53;736;16963;15;9211.65;15-08-2024;DKK
HAVEHJ_Search_NonBrand_Alm_202209;10771.00;2354;39988;37;21521.89;05-09-2022;DKK
Havehjornet_Search_Brand_Alm_202307;5489.23;1294;21757;22;21391.87;14-07-2023;DKK
hh_dk_Search_Brand_Alm_202207_kopi;2722.17;307;11181;12;5966.05;08-07-2022;DKK
Havehjornet_Search_Brand_Alm_202310;6595.00;769;21798;33;18606.79;29-10-2023;DKK
hh_dk_Search_NonBrand_Alm_202402_kopi;21711.65;4410;119855;67;43557.09;05-02-2024;DKK
HAVEHJ_Search_Brand_Alm_202407;4632.62;843;15211;20;13175.97;17-07-2024;DKK
HH_Search_Brand_Jul_202412_kopi;4859.86;1173;19830;20;18308.40;02-12-2024;DKK
HAVEHJ_Search_NonBrand_Alm_202308;18503.05;3826;48446;57;47200.98;16-08-2023;DKK
HAVEHJ_Search_NonBrand_Havesaeson_202505;45802.83;8781;232990;142;71057.08;23-05-2025;DKK
HH_Search_Brand_Alm_202309;3301.16;741;8903;14;9787.42;27-09-2023;DKK
hh_dk_Search_NonBrand_Havesaeson_202206;48236.14;8965;153380;166;109035.38;21-06-2022;DKK
HH_Search_NonBrand_Alm_202508_kopi;7039.76;841;18779;23;15579.20;11-08-2025;DKK
HH_Search_Brand_Havesaeson_202205;3279.85;430;15868;13;7358.82;09-05-2022;DKK
hh_dk_Search_NonBrand_Havesaeson_202306;77627.46;10182;229498;296;183603.39;06-06-2023;DKK
HH_Search_NonBrand_Jul_202312;25790.46;3359;159569;100;77117.97;13-12-2023;DKK
hh_dk_Search_NonBrand_Alm_202502;20988.92;2585;92228;61;35905.53;24-02-2025;DKK
HAVEHJ_Search_NonBrand_Jul_202212;7292.49;907;18742;26;15396.69;06-12-2022;DKK
HAVEHJ_Search_Brand_Alm_202203;6604.75;1142;24328;32;15546.23;28-03-2022;DKK
HAVEHJ_Search_Brand_Alm_202307;2534.42;388;6907;12;6330.03;25-07-2023;DKK
HH_Search_Brand_Havesaeson_202306;14592.75;2439;37074;65;45997.20;22-06-2023;DKK
Havehjornet_Search_Brand_Alm_202407;3396.69;528;10732;17;10637.61;08-07-2024;DKK
HH_Search_Brand_Havesaeson_202504;9497.39;1147;49698;47;29439.39;25-04-2025;DKK
Havehjornet_Search_Brand_Alm_202402;6598.33;775;38115;33;25422.54;13-02-2024;DKK
hh_dk_Search_Brand_Alm_202207_kopi;2283.77;281;10806;11;6690.08;09-07-2022;DKK
HAVEHJ_Search_NonBrand_Alm_202301;5012.25;1181;15126;15;10524.64;25-01-2023;DKK
HH_Search_Brand_Jul_202412;28371.36;4529;167442;140;100200.66;14-12-2024;DKK
hh_dk_Search_Brand_Alm_202508;3949.75;609;25579;18;12893.82;15-08-2025;DKK
HH_Search_NonBrand_Alm_202207;5104.50;905;18455;20;10637.60;31-07-2022;DKK
hh_dk_Search_NonBrand_Alm_202302;10862.51;2058;45043;41;19715.59;18-02-2023;DKK
hh_dk_Search_Brand_Havesaeson_202504;7109.22;790;24704;30;19288.08;14-04-2025;DKK
HAVEHJ_Search_NonBrand_Alm_202407;1198.39;1788;53993;28;2543.92;01-07-2024;EUR
hh_dk_Search_Brand_Alm_202308;5325.88;633;14982;26;13045.40;21-08-2023;DKK
Havehjornet_Search_NonBrand_Havesaeson_202206;52059.47;8053;262633;170;126793.12;09-06-2022;DKK
HAVEHJ_Search_NonBrand_Alm_202510;14036.21;1689;57281;42;29747.41;15-10-2025;DKK
Havehjornet_Search_Brand_Alm_202403;12922.10;2870;39528;70;30185.19;03-03-2024;DKK
HH_Search_Brand_Havesaeson_202206;747.38;1287;35487;25;2137.28;18-06-2022;EUR
HAVEHJ_Search_NonBrand_Havesaeson_202305;45514.05;7033;236036;166;96502.09;06-05-2023;DKK
Havehjornet_Search_Brand_Alm_202207;5793.96;687;21558;24;18888.68;13-07-2022;DKK
HAVEHJ_Search_NonBrand_Havesaeson_202204;55385.69;7083;301078;202;135247.47;25-04-2022;DKK
Havehjornet_Search_Brand_Jul_202512;11162.85;1246;50652;61;37188.74;16-12-2025;DKK
HAVEHJ_Search_Brand_Havesaeson_202304_kopi;1746.26;427;5973;9;4993.82;29-04-2023;DKK
HAVEHJ_Search_NonBrand_Alm_202301;18425.54;4406;63434;65;41496.54;09-01-2023;DKK
HAVEHJ_Search_NonBrand_Alm_202307;10463.76;1518;40591;31;27510.91;15-07-2023;DKK
HAVEHJ_Search_Brand_Alm_202410;5683.72;761;15057;24;26179.73;26-10-2024;DKK
hh_dk_Search_NonBrand_Alm_202410;1837.70;1833;47796;40;4819.03;15-10-2024;EUR
hh_dk_Search_NonBrand_Alm_202403_kopi;10610.09;1873;54705;32;17484.27;08-03-2024;DKK
HH_Search_NonBrand_Alm_202402;1666.21;2626;41043;37;3359.22;09-02-2024;EUR
hh_dk_Search_Brand_Havesaeson_202206;521.57;434;12633;21;1785.55;03-06-2022;EUR
HH_Search_NonBrand_BlackFriday_202211;5447.86;761;16167;19;14351.69;12-11-2022;DKK
HH_Search_Brand_Havesaeson_202404;4302.12;524;11634;17;12834.10;02-04-2024;DKK
HH_Search_NonBrand_Jul_202512;712.51;856;14490;16;1642.97;02-12-2025;EUR
HAVEHJ_Search_NonBrand_Alm_202401;1204.01;1059;37457;30;2725.28;31-01-2024;EUR
hh_dk_Search_Brand_Havesaeson_202305;7855.29;1011;44004;34;18862.18;09-05-2023;DKK
HH_Search_Brand_Alm_202208;5872.68;747;19217;27;14137.42;27-08-2022;DKK
HAVEHJ_Search_NonBrand_Alm_202203;9921.56;1825;56774;33;13949.63;13-03-2022;DKK
Havehjornet_Search_NonBrand_Alm_202503;15148.34;3037;52859;50;38861.76;16-03-2025;DKK
HH_Search_Brand_Havesaeson_202204;7212.99;851;30753;32;26879.90;12-04-2022;DKK
HH_Search_Brand_Alm_202208;4265.79;529;12777;22;9301.22;11-08-2022;DKK
Havehjornet_Search_NonBrand_Havesaeson_202506;49808.01;6533;189590;167;102248.29;13-06-2025;DKK
HH_Search_NonBrand_Alm_202507;5058.72;601;21904;15;9880.15;19-07-2025;DKK
Havehjornet_Search_Brand_Alm_202410;8011.28;1272;26398;40;22746.85;22-10-2024;DKK
HH_Search_NonBrand_Havesaeson_202204;51301.21;9910;156619;159;105759.78;04-04-2022;DKK
hh_dk_Search_Brand_Havesaeson_202405;5727.46;1320;37524;25;19784.58;22-05-2024;DKK
Havehjornet_Search_Brand_Alm_202407;12319.39;1575;43728;59;32357.03;03-07-2024;DKK
Havehjornet_Search_NonBrand_Alm_202309_kopi;5908.96;726;19049;20;11112.19;08-09-2023;DKK
HAVEHJ_Search_NonBrand_Havesaeson_202306;52507.55;6020;287301;173;120133.00;07-06-2023;DKK
HH_Search_NonBrand_Alm_202407;8024.67;1689;25927;28;22308.47;07-07-2024;DKK
HAVEHJ_Search_NonBrand_Alm_202509;7697.80;1311;21838;27;14598.62;18-09-2025;DKK
HH_Search_NonBrand_Alm_202501;10225.67;1723;27776;36;27431.61;07-01-2025;DKK
HAVEHJ_Search_NonBrand_Havesaeson_202204;9321.46;11707;174546;242;18936.79;19-04-2022;EUR
hh_dk_Search_NonBrand_BlackFriday_202511;20429.20;2798;84129;68;43792.12;26-11-2025;DKK
hh_dk_Search_Brand_Havesaeson_202506;8657.24;1102;39621;44;31264.49;29-06-2025;DKK
hh_dk_Search_Brand_Jul_202512;8360.72;1034;33333;38;29199.15;14-12-2025;DKK
HH_Search_Brand_Havesaeson_202406;8102.76;1555;27502;40;21144.33;14-06-2024;DKK
HH_Search_NonBrand_Havesaeson_202405;19472.38;3619;60140;57;53506.49;24-05-2024;DKK
HAVEHJ_Search_Brand_Alm_202403_kopi;3847.60;756;13115;18;11337.45;30-03-2024;DKK
HH_Search_Brand_Jul_202212;7099.76;1315;19038;30;17384.83;07-12-2022;DKK
hh_dk_Search_NonBrand_Alm_202403;6942.59;1060;17629;25;13342.43;02-03-2024;DKK
hh_dk_Search_Brand_BlackFriday_202511;12256.81;1395;77145;52;38367.99;20-11-2025;DKK
HAVEHJ_Search_NonBrand_Alm_202407;15103.72;2451;57269;45;26609.83;15-07-2024;DKK
Havehjornet_Search_Brand_Havesaeson_202306_kopi;8513.56;1917;31423;39;30314.07;21-06-2023;DKK
hh_dk_Search_Brand_Havesaeson_202205;9201.19;1082;24176;46;23267.56;04-05-2022;DKK
Havehjornet_Search_Brand_Havesaeson_202204;11552.18;2208;45846;52;35531.12;17-04-2022;DKK
HAVEHJ_Search_Brand_Havesaeson_202304;6294.06;959;17290;33;19333.00;09-04-2023;DKK
HH_Search_NonBrand_Alm_202303;13542.02;1556;53322;45;32948.69;17-03-2023;DKK
HAVEHJ_Search_NonBrand_Alm_202303;3658.38;5203;137772;86;8525.14;29-03-2023;EUR
hh_dk_Search_Brand_Havesaeson_202505;10446.63;1294;42900;57;31375.94;23-05-2025;DKK
Havehjornet_Search_Brand_Alm_202510;4702.20;1018;12677;24;16725.07;04-10-2025;DKK
HAVEHJ_Search_NonBrand_Jul_202312;5494.67;704;15362;17;11401.39;06-12-2023;DKK
hh_dk_Search_Brand_Jul_202412;17601.77;2812;86196;89;38900.51;17-12-2024;DKK
HH_Search_NonBrand_Alm_202408;6743.20;882;22512;24;12271.94;17-08-2024;DKK
HH_Search_Brand_Jul_202212;6366.81;719;24801;26;20948.27;13-12-2022;DKK
hh_dk_Search_Brand_BlackFriday_202511;5043.12;1085;31481;22;13867.51;29-11-2025;DKK
hh_dk_Search_NonBrand_Havesaeson_202406;63119.82;11993;160716;202;122548.49;23-06-2024;DKK
Havehjornet_Search_NonBrand_Havesaeson_202406;25614.12;6214;166047;97;53241.95;04-06-2024;DKK
hh_dk_Search_NonBrand_Alm_202402_kopi;10362.47;1399;28937;34;24386.84;10-02-2024;DKK
hh_dk_Search_NonBrand_Alm_202209;1584.51;1441;75954;42;4173.10;06-09-2022;EUR
HAVEHJ_Search_Brand_Alm_202308;7301.81;1035;36578;33;22494.10;26-08-2023;DKK
Havehjornet_Search_NonBrand_Jul_202512;39353.47;7315;185677;131;63438.03;09-12-2025;DKK
hh_dk_Search_NonBrand_Havesaeson_202204;17861.91;1988;98368;54;41028.48;05-04-2022;DKK
Havehjornet_Search_NonBrand_Havesaeson_202405;29016.31;6334;185994;108;57083.00;09-05-2024;DKK
Havehjornet_Search_NonBrand_Alm_202507;10007.30;1332;42284;39;17274.65;24-07-2025;DKK
HH_Search_Brand_Alm_202410;5216.50;609;14228;24;18704.60;16-10-2024;DKK
HAVEHJ_Search_NonBrand_Havesaeson_202304;22331.00;2599;88050;67;38951.20;14-04-2023;DKK
HAVEHJ_Search_Brand_Alm_202408;1716.72;367;5415;7;4372.57;04-08-2024;DKK
HH_Search_Brand_Jul_202412;2547.19;460;8308;13;6747.99;31-12-2024;DKK
HH_Search_Brand_Alm_202501_kopi;10947.01;1679;45131;52;31409.23;31-01-2025;DKK
hh_dk_Search_Brand_Alm_202202;5449.19;761;29554;25;15915.96;01-02-2022;DKK
hh_dk_Search_Brand_Havesaeson_202206;11001.09;1417;51080;50;34883.34;08-06-2022;DKK
hh_dk_Search_NonBrand_BlackFriday_202411;5602.92;998;16573;16;12986.36;17-11-2024;DKK
hh_dk_Search_Brand_Alm_202402;5926.49;853;16662;29;17429.49;07-02-2024;DKK
Havehjornet_Search_Brand_Alm_202502;8317.13;1457;21140;36;29864.42;09-02-2025;DKK
hh_dk_Search_NonBrand_Alm_202507;11188.67;1364;35711;43;22361.87;30-07-2025;DKK
HH_Search_NonBrand_BlackFriday_202511;10489.22;1292;36035;33;23448.87;10-11-2025;DKK
HH_Search_NonBrand_Alm_202503;8779.23;1552;22017;34;17916.99;11-03-2025;DKK
Havehjornet_Search_Brand_BlackFriday_202211;7532.02;882;28468;31;25149.84;20-11-2022;DKK
HH_Search_Brand_Alm_202503;780.74;150;3318;4;2014.88;18-03-2025;DKK
HAVEHJ_Search_NonBrand_BlackFriday_202311;88860.57;14084;321200;282;192887.89;30-11-2023;DKK
HAVEHJ_Search_NonBrand_Alm_202301;13226.79;1971;68400;43;26458.79;28-01-2023;DKK
HAVEHJ_Search_NonBrand_Alm_202402;9877.28;1364;36231;30;21722.38;15-02-2024;DKK
hh_dk_Search_NonBrand_Alm_202408;2948.97;458;8032;10;5854.80;08-08-2024;DKK
hh_dk_Search_NonBrand_Alm_202508;628.28;792;14645;15;1202.39;10-08-2025;EUR
HH_Search_Brand_Havesaeson_202506;7607.24;1186;31611;38;19835.12;02-06-2025;DKK
HH_Search_Brand_Alm_202301;6740.48;867;22395;30;16666.76;11-01-2023;DKK
Havehjornet_Search_Brand_Alm_202209;7777.04;1701;36112;37;21479.57;18-09-2022;DKK
HAVEHJ_Search_Brand_Alm_202301;2999.60;367;7955;12;10078.88;28-01-2023;DKK
hh_dk_Search_NonBrand_Alm_202502;22907.03;5056;93595;77;50661.57;16-02-2025;DKK
HAVEHJ_Search_NonBrand_Alm_202403;504.01;451;9538;11;738.68;27-03-2024;EUR
HH_Search_Brand_Alm_202208;1493.96;328;4494;6;5101.90;06-08-2022;DKK
HAVEHJ_Search_Brand_Alm_202303;6749.79;867;42925;31;19896.68;09-03-2023;DKK
HH_Search_NonBrand_Alm_202209;5329.50;1009;13458;20;9353.29;27-09-2022;DKK
Havehjornet_Search_Brand_Alm_202310;4848.52;552;15800;25;11045.53;08-10-2023;DKK
hh_dk_Search_NonBrand_Havesaeson_202306;19987.40;3465;50892;74;47088.81;12-06-2023;DKK
HH_Search_Brand_Jul_202412;8920.14;1221;32495;46;35622.44;12-12-2024;DKK
Havehjornet_Search_NonBrand_Alm_202210;8978.98;1256;46711;28;23292.18;29-10-2022;DKK
HH_Search_Brand_Havesaeson_202304;7113.06;1201;33938;31;19095.02;19-04-2023;DKK
hh_dk_Search_Brand_BlackFriday_202311;17472.27;2392;74380;84;47925.97;26-11-2023;DKK
HAVEHJ_Search_Brand_Alm_202207;6751.79;1030;20768;33;20813.88;07-07-2022;DKK
HAVEHJ_Search_NonBrand_Havesaeson_202404;50145.69;7537;145464;149;85694.12;01-04-2024;DKK
HH_Search_Brand_Alm_202208;7592.02;1146;22999;35;21538.08;16-08-2022;DKK
hh_dk_Search_NonBrand_Alm_202510;13130.09;1836;56948;50;31265.56;24-10-2025;DKK
Havehjornet_Search_NonBrand_Alm_202203;6799.78;1391;30867;20;18809.50;18-03-2022;DKK
HAVEHJ_Search_Brand_Alm_202407;1039.03;132;2654;5;2611.63;29-07-2024;DKK
Havehjornet_Search_Brand_Jul_202512;12822.97;2144;50020;57;35892.92;27-12-2025;DKK
HAVEHJ_Search_Brand_Alm_202308;4992.83;604;29873;25;12798.74;29-08-2023;DKK
HH_Search_NonBrand_BlackFriday_202411;5798.57;796;19871;21;11090.54;02-11-2024;DKK
HAVEHJ_Search_Brand_Alm_202301;4267.27;568;12448;20;14339.62;29-01-2023;DKK
Havehjornet_Search_NonBrand_Alm_202503;13520.43;3062;86499;51;30276.75;18-03-2025;DKK
HAVEHJ_Search_NonBrand_Alm_202502;18720.09;2703;54251;55;54316.65;11-02-2025;DKK
Havehjornet_Search_NonBrand_Havesaeson_202305;8042.72;13856;218949;228;16954.58;29-05-2023;EUR
HAVEHJ_Search_Brand_Havesaeson_202405;4504.57;621;14129;18;10732.81;03-05-2024;DKK
hh_dk_Search_NonBrand_Havesaeson_202204_kopi;47727.94;9536;296571;164;107694.03;08-04-2022;DKK
hh_dk_Search_Brand_Alm_202202;11845.54;2496;70465;50;44167.61;20-02-2022;DKK
HH_Search_Brand_Alm_202202;9240.34;1712;32912;40;28023.25;16-02-2022;DKK
HH_Search_NonBrand_Havesaeson_202405;68786.71;10064;302517;250;135734.26;21-05-2024;DKK
hh_dk_Search_NonBrand_Havesaeson_202404;23620.81;3312;72234;91;42777.63;16-04-2024;DKK
HAVEHJ_Search_NonBrand_Jul_202512;11433.59;1294;70141;41;27404.91;25-12-2025;DKK
HAVEHJ_Search_NonBrand_Alm_202503;7062.55;822;24774;21;15485.56;24-03-2025;DKK
Havehjornet_Search_Brand_Havesaeson_202406;5023.51;999;14625;22;16451.95;22-06-2024;DKK
HH_Search_Brand_Alm_202510;12571.11;2205;55860;66;29562.32;07-10-2025;DKK
HAVEHJ_Search_Brand_Alm_202501;170.01;267;4347;7;557.89;16-01-2025;EUR
HH_Search_Brand_BlackFriday_202411;24112.46;3211;155084;105;78096.43;16-11-2024;DKK
HAVEHJ_Search_NonBrand_Havesaeson_202504;88369.20;18551;525059;329;180019.99;26-04-2025;DKK
Havehjornet_Search_NonBrand_Alm_202410;10844.25;1210;65304;37;23897.11;07-10-2024;DKK
HAVEHJ_Search_NonBrand_Alm_202210;3039.61;549;12558;10;6713.94;13-10-2022;DKK
HH_Search_NonBrand_Havesaeson_202204;8321.18;8907;168124;186;19646.21;11-04-2022;EUR
HAVEHJ_Search_Brand_Alm_202210;5755.11;1008;33722;31;18108.83;30-10-2022;DKK
HH_Search_NonBrand_Jul_202412;5096.93;628;14936;17;12825.95;25-12-2024;DKK
Havehjornet_Search_Brand_Alm_202402;8611.79;1453;33308;37;23381.61;02-02-2024;DKK
HAVEHJ_Search_NonBrand_Alm_202410;17460.06;2389;66118;66;40669.58;11-10-2024;DKK
HAVEHJ_Search_NonBrand_Havesaeson_202406_kopi;45256.15;8190;133656;148;77693.35;17-06-2024;DKK
HAVEHJ_Search_Brand_Alm_202403;6141.22;800;29997;30;14791.64;27-03-2024;DKK
HAVEHJ_Search_NonBrand_Alm_202410_kopi;13246.39;1649;67891;49;22997.74;04-10-2024;DKK
HAVEHJ_Search_Brand_Alm_202301_kopi;2972.63;438;11194;14;8979.68;26-01-2023;DKK
hh_dk_Search_NonBrand_Alm_202210;19061.80;3646;55315;57;47993.98;04-10-2022;DKK
hh_dk_Search_NonBrand_Alm_202409;9243.21;1291;32477;29;19939.67;14-09-2024;DKK
hh_dk_Search_NonBrand_Alm_202501_kopi;3406.75;400;18380;10;7145.70;29-01-2025;DKK
hh_dk_Search_NonBrand_Alm_202507;1923.07;1724;38086;47;4813.36;31-07-2025;EUR
HAVEHJ_Search_NonBrand_Alm_202503;6378.41;1267;35536;25;14061.23;17-03-2025;DKK
hh_dk_Search_Brand_Alm_202210;5502.94;1049;32895;27;15295.51;26-10-2022;DKK
HAVEHJ_Search_NonBrand_Alm_202203;8265.80;1401;34067;24;20310.52;08-03-2022;DKK
hh_dk_Search_Brand_Havesaeson_202506;9192.91;1211;44200;40;24953.06;05-06-2025;DKK
hh_dk_Search_Brand_Jul_202312;3905.61;641;11593;17;10238.91;05-12-2023;DKK
hh_dk_Search_NonBrand_Alm_202403;24146.65;3183;66748;81;47685.04;30-03-2024;DKK
HAVEHJ_Search_Brand_Alm_202207;2019.93;457;5417;10;5534.80;11-07-2022;DKK
hh_dk_Search_NonBrand_Alm_202508;9634.53;1898;46406;35;18146.16;31-08-2025;DKK
HAVEHJ_Search_Brand_Jul_202212;9903.72;2358;26731;49;25349.43;06-12-2022;DKK
HAVEHJ_Search_Brand_Alm_202408;4064.19;609;11807;19;12030.28;03-08-2024;DKK
hh_dk_Search_NonBrand_Havesaeson_202505;18169.22;3052;80974;67;28090.99;29-05-2025;DKK
Havehjornet_Search_NonBrand_Alm_202202;7584.62;917;41314;23;19564.44;13-02-2022;DKK
hh_dk_Search_Brand_Alm_202509;18086.87;3725;46209;82;44025.23;06-09-2025;DKK
HH_Search_Brand_Havesaeson_202305;5037.82;637;15004;24;18480.02;10-05-2023;DKK
HAVEHJ_Search_NonBrand_Alm_202509;9079.88;1120;27343;31;19312.30;08-09-2025;DKK
HH_Search_NonBrand_Havesaeson_202306;19383.06;4762;79605;56;47234.80;28-06-2023;DKK
Havehjornet_Search_NonBrand_Alm_202509;14200.70;3279;35965;42;30766.36;20-09-2025;DKK
hh_dk_Search_Brand_Alm_202203;5214.78;741;17475;26;18203.20;16-03-2022;DKK
Havehjornet_Search_Brand_Alm_202510;6870.73;1028;17644;28;21895.83;08-10-2025;DKK
hh_dk_Search_Brand_Alm_202310;5624.56;1397;19886;23;13052.90;25-10-2023;DKK
HH_Search_NonBrand_Alm_202409;6008.41;983;30431;19;14578.11;15-09-2024;DKK
hh_dk_Search_NonBrand_Alm_202501;8427.43;1251;32770;26;13874.66;16-01-2025;DKK
HH_Search_Brand_Alm_202301;11940.26;2818;44365;51;33161.92;04-01-2023;DKK
hh_dk_Search_NonBrand_Alm_202207;10000.54;1952;29777;39;26514.66;12-07-2022;DKK
HH_Search_NonBrand_Havesaeson_202205;67916.83;14710;283072;203;153100.70;26-05-2022;DKK
Havehjornet_Search_Brand_Alm_202310;2684.70;534;7675;11;6626.59;24-10-2023;DKK
hh_dk_Search_Brand_Alm_202301;2754.75;643;10623;14;8201.14;17-01-2023;DKK
hh_dk_Search_NonBrand_Alm_202303_kopi;8853.00;1537;37450;26;16938.39;08-03-2023;DKK
HH_Search_NonBrand_Alm_202502;12799.98;2512;65687;41;22919.30;25-02-2025;DKK
hh_dk_Search_NonBrand_Jul_202212;6308.95;1131;17570;22;16967.46;09-12-2022;DKK
hh_dk_Search_NonBrand_Jul_202312;21448.27;2863;70734;68;41159.43;19-12-2023;DKK
HAVEHJ_Search_NonBrand_Alm_202409;7841.64;1314;25710;30;15920.41;10-09-2024;DKK
Havehjornet_Search_NonBrand_BlackFriday_202311;1372.05;1165;26904;40;2354.47;04-11-2023;EUR
Havehjornet_Search_Brand_Alm_202202;8007.14;948;29483;37;25426.89;19-02-2022;DKK
hh_dk_Search_NonBrand_BlackFriday_202511;9645.50;1221;39343;28;30208.15;15-11-2025;DKK
hh_dk_Search_NonBrand_Alm_202508;8172.77;1751;22213;26;13122.23;01-08-2025;DKK
hh_dk_Search_Brand_Alm_202209;8918.31;1061;31380;48;36969.68;04-09-2022;DKK
hh_dk_Search_Brand_Alm_202309;12444.60;1446;31302;50;37899.95;09-09-2023;DKK
HAVEHJ_Search_NonBrand_Alm_202301;962.45;1252;46077;21;2313.40;23-01-2023;EUR
HH_Search_NonBrand_Havesaeson_202305;23393.74;5648;76017;71;62911.95;02-05-2023;DKK
HAVEHJ_Search_NonBrand_Alm_202408;12294.33;1547;59165;42;28465.57;11-08-2024;DKK
Havehjornet_Search_Brand_Alm_202301;8478.05;962;24938;46;21149.53;21-01-2023;DKK
hh_dk_Search_Brand_Havesaeson_202406;9974.27;1995;31879;44;25609.00;08-06-2024;DKK
Havehjornet_Search_Brand_Jul_202212;13092.63;1817;63138;62;47764.80;10-12-2022;DKK
HH_Search_NonBrand_Alm_202503;7477.26;1523;24744;27;16912.27;30-03-2025;DKK
hh_dk_Search_NonBrand_BlackFriday_202211;16709.68;3457;67576;66;44528.97;01-11-2022;DKK
Havehjornet_Search_Brand_Alm_202410_kopi;6344.22;906;21487;33;22082.42;25-10-2024;DKK
HH_Search_Brand_Havesaeson_202505;20617.02;4203;53967;91;56091.79;31-05-2025;DKK
Havehjornet_Search_NonBrand_BlackFriday_202211;82656.84;13819;223040;284;187063.56;25-11-2022;DKK
HH_Search_Brand_Alm_202508;4694.24;643;21536;20;15149.44;09-08-2025;DKK
hh_dk_Search_Brand_BlackFriday_202511;13115.84;1853;82545;63;33966.49;28-11-2025;DKK
hh_dk_Search_Brand_Havesaeson_202504;5246.55;803;32718;22;17236.48;05-04-2025;DKK
HAVEHJ_Search_Brand_Alm_202208;3629.82;556;11942;17;9170.54;18-08-2022;DKK
HH_Search_NonBrand_Havesaeson_202205;31336.23;5061;84609;91;60776.28;12-05-2022;DKK
HH_Search_NonBrand_Alm_202409;7649.69;1109;21456;23;13318.10;05-09-2024;DKK
HH_Search_Brand_BlackFriday_202411;2809.16;415;7788;12;10181.09;27-11-2024;DKK
HH_Search_Brand_Alm_202302;6964.52;1055;20964;33;22786.71;19-02-2023;DKK
hh_dk_Search_NonBrand_Havesaeson_202404;64949.60;11392;197791;203;136841.77;22-04-2024;DKK
HH_Search_Brand_Jul_202212;5347.00;614;13602;26;12594.80;31-12-2022;DKK
Havehjornet_Search_NonBrand_BlackFriday_202311;35001.55;4238;200195;115;82788.22;24-11-2023;DKK
hh_dk_Search_NonBrand_Alm_202507;4928.86;683;32502;14;9711.80;12-07-2025;DKK
HH_Search_Brand_Havesaeson_202306;14358.63;1656;37707;70;46045.50;19-06-2023;DKK
Havehjornet_Search_Brand_Alm_202403;1431.61;266;5457;6;3886.56;06-03-2024;DKK
hh_dk_Search_Brand_Jul_202412;2607.22;294;8992;11;9042.26;10-12-2024;DKK
HAVEHJ_Search_Brand_Havesaeson_202306;3080.70;398;18883;12;10312.36;23-06-2023;DKK
HAVEHJ_Search_NonBrand_Alm_202508;20275.65;4051;94260;75;56541.36;08-08-2025;DKK
HAVEHJ_Search_NonBrand_Alm_202503;20491.06;4300;83307;70;45881.72;27-03-2025;DKK
Havehjornet_Search_Brand_Alm_202309;1868.22;1785;47699;57;6326.80;30-09-2023;EUR
HH_Search_NonBrand_Havesaeson_202506;31228.19;4885;179409;102;75691.78;29-06-2025;DKK
HH_Search_NonBrand_Alm_202401;8259.18;1979;23292;31;17375.34;01-01-2024;DKK
hh_dk_Search_NonBrand_Alm_202307;6883.17;830;18352;23;14732.59;06-07-2023;DKK
hh_dk_Search_NonBrand_BlackFriday_202411;32802.71;3941;176139;105;56168.52;20-11-2024;DKK
HH_Search_Brand_BlackFriday_202211;18032.30;4122;91036;81;60915.40;29-11-2022;DKK
Havehjornet_Search_NonBrand_Alm_202308_kopi;9817.29;2306;25660;31;23310.93;12-08-2023;DKK
Havehjornet_Search_Brand_Havesaeson_202504;616.58;802;17178;23;1534.64;04-04-2025;EUR
HH_Search_Brand_Havesaeson_202406;3469.82;844;9525;18;8698.23;02-06-2024;DKK
HH_Search_NonBrand_Alm_202502;3407.85;387;16682;11;7229.56;03-02-2025;DKK
HH_Search_Brand_Havesaeson_202404;5865.54;668;26832;27;18984.52;04-04-2024;DKK
HH_Search_Brand_Havesaeson_202305;7151.04;1407;18553;32;25619.17;14-05-2023;DKK
hh_dk_Search_Brand_Havesaeson_202505;5848.55;705;29455;28;17559.07;12-05-2025;DKK
hh_dk_Search_Brand_Alm_202203;7658.41;920;21330;34;27544.15;30-03-2022;DKK
HAVEHJ_Search_NonBrand_Havesaeson_202205;40910.94;5247;239695;140;75514.15;06-05-2022;DKK
hh_dk_Search_Brand_Havesaeson_202406;4870.51;599;13112;23;15677.07;30-06-2024;DKK
hh_dk_Search_NonBrand_Alm_202402;498.19;858;11875;11;1028.03;24-02-2024;EUR
Havehjornet_Search_NonBrand_Alm_202501;9393.44;1806;49061;36;17946.34;21-01-2025;DKK
Havehjornet_Search_NonBrand_Alm_202203;17880.65;2689;94341;64;39634.61;22-03-2022;DKK
HAVEHJ_Search_NonBrand_Havesaeson_202504;69753.47;8445;385584;265;143196.21;23-04-2025;DKK
hh_dk_Search_NonBrand_Alm_202307;13757.29;1649;39393;47;31703.41;22-07-2023;DKK
HH_Search_NonBrand_Jul_202212;3579.60;623;20461;11;6592.99;26-12-2022;DKK
Havehjornet_Search_NonBrand_Alm_202207;8250.82;1000;25564;24;15749.43;14-07-2022;DKK
hh_dk_Search_NonBrand_Alm_202509;5591.20;850;17796;17;10065.38;17-09-2025;DKK
HAVEHJ_Search_Brand_Alm_202201;11890.36;1991;31160;56;37141.47;08-01-2022;DKK
Havehjornet_Search_Brand_Alm_202310_kopi;4743.12;534;21703;22;13047.12;13-10-2023;DKK
HAVEHJ_Search_Brand_Jul_202212;12615.57;1869;67364;54;35060.27;20-12-2022;DKK
HAVEHJ_Search_NonBrand_Havesaeson_202506;63712.99;11386;230461;222;131284.38;11-06-2025;DKK
Havehjornet_Search_NonBrand_Havesaeson_202206;19981.23;4014;60517;62;53905.01;10-06-2022;DKK
HAVEHJ_Search_NonBrand_Havesaeson_202506_kopi;40949.22;8923;181624;119;80736.28;05-06-2025;DKK
HH_Search_Brand_Havesaeson_202205;5696.50;689;27823;25;19078.01;01-05-2022;DKK
Havehjornet_Search_NonBrand_Havesaeson_202506;51946.59;9486;297494;155;118477.69;19-06-2025;DKK
Havehjornet_Search_Brand_BlackFriday_202411_kopi;3284.88;518;12729;16;8078.76;04-11-2024;DKK
HH_Search_NonBrand_Alm_202310;14994.55;1972;78992;52;30601.80;26-10-2023;DKK
hh_dk_Search_Brand_Havesaeson_202305;8632.28;994;39715;40;27103.06;13-05-2023;DKK
HH_Search_Brand_BlackFriday_202411;5807.65;1322;36430;29;20310.45;18-11-2024;DKK
HAVEHJ_Search_Brand_Alm_202507;3036.60;364;9183;13;8346.53;07-07-2025;DKK
HAVEHJ_Search_Brand_Jul_202412;5459.90;789;22018;24;13895.39;20-12-2024;DKK
HH_Search_Brand_Alm_202303;6890.28;826;35518;36;25158.96;12-03-2023;DKK
HAVEHJ_Search_Brand_Alm_202410;3024.45;409;11713;16;6914.35;28-10-2024;DKK
HAVEHJ_Search_NonBrand_Alm_202401;16384.82;2052;65311;50;36007.54;05-01-2024;DKK
HAVEHJ_Search_Brand_Alm_202310;9491.38;1065;38119;40;31217.92;02-10-2023;DKK
HH_Search_NonBrand_Alm_202507;9468.13;1055;41304;32;16136.36;13-07-2025;DKK
Havehjornet_Search_NonBrand_Jul_202312;1314.46;1226;37489;32;2448.77;31-12-2023;EUR
Havehjornet_Search_Brand_Jul_202312;2864.09;3635;111922;113;10890.79;09-12-2023;EUR
hh_dk_Search_NonBrand_Jul_202412;13728.77;2871;65872;50;30533.30;26-12-2024;DKK
Havehjornet_Search_NonBrand_Havesaeson_202404;57248.83;7801;175373;169;111388.55;06-04-2024;DKK
HAVEHJ_Search_Brand_Havesaeson_202205;7392.99;1524;18869;32;19725.33;13-05-2022;DKK
HAVEHJ_Search_Brand_Havesaeson_202304_kopi;9809.21;2222;47308;53;31416.24;10-04-2023;DKK
HAVEHJ_Search_Brand_Alm_202209;6483.53;1488;24612;28;19739.30;24-09-2022;DKK
Havehjornet_Search_NonBrand_Alm_202301;6427.20;721;22737;19;12692.88;06-01-2023;DKK
Havehjornet_Search_Brand_Alm_202202;2485.05;596;13641;11;6792.70;13-02-2022;DKK
hh_dk_Search_NonBrand_Havesaeson_202506;32093.17;6458;154817;125;83635.42;27-06-2025;DKK
HAVEHJ_Search_NonBrand_Havesaeson_202305;16271.15;16602;516133;390;40610.63;31-05-2023;EUR
hh_dk_Search_NonBrand_Alm_202303;7163.77;1509;26524;27;17143.80;12-03-2023;DKK
hh_dk_Search_Brand_Alm_202407;4867.12;971;19254;23;11386.91;09-07-2024;DKK
HAVEHJ_Search_NonBrand_Alm_202208;9472.78;1336;36848;35;18009.38;14-08-2022;DKK
hh_dk_Search_Brand_Havesaeson_202405;1890.74;3080;65374;65;5289.53;21-05-2024;EUR
HAVEHJ_Search_NonBrand_Alm_202202;8750.73;1186;29736;28;18958.85;22-02-2022;DKK
HAVEHJ_Search_NonBrand_Havesaeson_202506;29470.59;3603;131174;111;54018.56;15-06-2025;DKK
HH_Search_NonBrand_Alm_202201;13994.29;3410;68268;42;28493.20;30-01-2022;DKK
Havehjornet_Search_Brand_Alm_202202;5415.60;966;24287;28;11506.42;05-02-2022;DKK
HH_Search_NonBrand_Alm_202308;6352.94;937;20374;25;13310.71;20-08-2023;DKK
HH_Search_Brand_Alm_202507;12490.00;1628;61841;51;48154.04;01-07-2025;DKK
Havehjornet_Search_Brand_Alm_202510;3139.61;372;11616;13;9427.67;11-10-2025;DKK
HAVEHJ_Search_Brand_Jul_202412;6090.47;928;17846;27;16360.38;26-12-2024;DKK
HAVEHJ_Search_Brand_BlackFriday_202511;11567.71;1451;31874;55;32769.35;16-11-2025;DKK
HAVEHJ_Search_Brand_Havesaeson_202306;12130.51;1659;41840;61;41796.28;29-06-2023;DKK
Havehjornet_Search_NonBrand_Alm_202410;1852.28;235;4988;7;4170.84;16-10-2024;DKK
Havehjornet_Search_NonBrand_Havesaeson_202404_kopi;42322.25;5877;132610;145;94700.84;13-04-2024;DKK
hh_dk_Search_Brand_Jul_202212;12997.47;2613;36929;60;36755.13;17-12-2022;DKK
hh_dk_Search_NonBrand_Jul_202412;54577.18;7337;155396;206;134135.86;10-12-2024;DKK
hh_dk_Search_Brand_Jul_202512;8360.72;1034;33333;38;29199.15;14-12-2025;DKK
HAVEHJ_Search_Brand_Alm_202510;7289.42;895;21150;32;21580.04;14-10-2025;DKK
Havehjornet_Search_Brand_Havesaeson_202304;6920.18;969;33274;32;25445.18;11-04-2023;DKK
HAVEHJ_Search_NonBrand_Alm_202501;11550.42;2516;33886;35;20803.28;04-01-2025;DKK
hh_dk_Search_Brand_Havesaeson_202506;15546.22;2121;63789;65;48551.03;13-06-2025;DKK
HH_Search_NonBrand_Alm_202303;6364.01;804;27477;25;15761.72;27-03-2023;DKK
HAVEHJ_Search_Brand_Havesaeson_202206;8194.59;1040;41432;34;23633.31;23-06-2022;DKK
HH_Search_NonBrand_Alm_202207;1268.25;1302;44883;34;2429.27;29-07-2022;EUR
hh_dk_Search_Brand_Havesaeson_202506;4406.26;650;17939;20;15328.86;08-06-2025;DKK
Havehjornet_Search_Brand_Alm_202403;5604.73;1076;21024;24;18741.12;08-03-2024;DKK
Havehjornet_Search_Brand_Alm_202202_kopi;3305.79;626;20001;18;7208.83;02-02-2022;DKK
Havehjornet_Search_NonBrand_BlackFriday_202211_kopi;11163.78;2209;62169;40;22153.96;04-11-2022;DKK
HH_Search_NonBrand_Alm_202309;8298.70;2016;45926;25;20907.79;11-09-2023;DKK
Havehjornet_Search_Brand_Alm_202510;5173.52;796;15181;26;12655.62;30-10-2025;DKK
hh_dk_Search_NonBrand_Havesaeson_202406;4391.84;4308;205584;114;11452.54;21-06-2024;EUR
HH_Search_NonBrand_Alm_202503;14219.45;1774;43675;45;31069.14;01-03-2025;DKK
hh_dk_Search_Brand_Alm_202303;2110.41;263;5595;10;7524.97;16-03-2023;DKK
hh_dk_Search_Brand_Alm_202401;3896.10;457;13031;19;13194.59;15-01-2024;DKK
Havehjornet_Search_Brand_Alm_202210_kopi;2602.67;587;7314;14;9162.13;15-10-2022;DKK
Havehjornet_Search_Brand_BlackFriday_202211;4966.80;606;15322;20;20454.24;18-11-2022;DKK
hh_dk_Search_Brand_Alm_202203;2873.99;349;8872;14;7680.84;27-03-2022;DKK
hh_dk_Search_NonBrand_Alm_202309;12118.26;1914;30551;46;24169.28;29-09-2023;DKK
HAVEHJ_Search_Brand_Alm_202407;6113.82;1365;30315;27;15132.38;23-07-2024;DKK
hh_dk_Search_Brand_Alm_202501;2878.40;346;8674;13;7556.37;07-01-2025;DKK
HH_Search_Brand_Havesaeson_202505;8817.24;1783;36758;36;29378.20;04-05-2025;DKK
HAVEHJ_Search_NonBrand_Alm_202301;9042.49;1399;23614;28;22885.02;02-01-2023;DKK
Havehjornet_Search_NonBrand_Havesaeson_202504;28897.73;4023;121592;87;55520.26;16-04-2025;DKK
Havehjornet_Search_NonBrand_Havesaeson_202204;49566.76;6130;207896;152;119720.52;17-04-2022;DKK
hh_dk_Search_Brand_Alm_202501;4098.66;817;13491;18;17856.61;09-01-2025;DKK
HAVEHJ_Search_Brand_Alm_202408;3727.46;490;24397;20;10051.25;15-08-2024;DKK
hh_dk_Search_NonBrand_BlackFriday_202311_kopi;17477.84;3259;75491;65;42611.91;20-11-2023;DKK
hh_dk_Search_NonBrand_Alm_202202;11884.16;1590;71058;38;27901.81;12-02-2022;DKK
hh_dk_Search_NonBrand_BlackFriday_202211;10180.65;1932;45953;30;16167.00;20-11-2022;DKK
HH_Search_NonBrand_Jul_202312;53414.86;7629;271487;191;146587.02;02-12-2023;DKK
HH_Search_NonBrand_Alm_202401;22893.85;3607;63740;89;57943.58;30-01-2024;DKK
hh_dk_Search_Brand_Alm_202207;2150.69;392;8466;11;7187.09;31-07-2022;DKK
HAVEHJ_Search_NonBrand_Alm_202401;5929.63;936;21859;19;11420.31;04-01-2024;DKK
HAVEHJ_Search_Brand_Alm_202509;3963.46;600;10858;18;12131.61;20-09-2025;DKK
Havehjornet_Search_NonBrand_Alm_202301;9726.06;1901;62385;31;24349.33;24-01-2023;DKK
HAVEHJ_Search_NonBrand_Havesaeson_202205;6093.22;6286;133793;150;14928.87;18-05-2022;EUR
hh_dk_Search_NonBrand_Alm_202208_kopi;703.58;738;20328;17;1629.43;16-08-2022;EUR
Havehjornet_Search_NonBrand_Alm_202403;9853.05;1181;50472;34;20201.31;28-03-2024;DKK
HH_Search_Brand_Alm_202307;775.07;90;3426;3;2266.88;31-07-2023;DKK
HH_Search_Brand_Alm_202309;8080.47;1431;20996;32;22629.93;07-09-2023;DKK
HAVEHJ_Search_Brand_Havesaeson_202306;13979.98;2504;53698;56;67735.33;08-06-2023;DKK
Havehjornet_Search_Brand_Alm_202210;6412.62;1018;29461;29;24777.35;14-10-2022;DKK
hh_dk_Search_NonBrand_Havesaeson_202505;31678.95;4058;135711;92;54562.50;11-05-2025;DKK
hh_dk_Search_NonBrand_Alm_202507_kopi;73735.02;16375;189497;222;151628.86;02-07-2025;DKK
HH_Search_NonBrand_BlackFriday_202211;19622.81;3832;89551;62;50353.33;22-11-2022;DKK
HH_Search_Brand_Alm_202403;5736.73;1103;31086;29;15686.80;14-03-2024;DKK
Havehjornet_Search_NonBrand_Alm_202507;1399.97;1273;33207;40;3130.63;29-07-2025;EUR
HAVEHJ_Search_NonBrand_Alm_202302;14407.40;1775;38028;42;38861.94;26-02-2023;DKK
HAVEHJ_Search_NonBrand_Alm_202510_kopi;6755.50;933;28762;26;13852.22;16-10-2025;DKK
hh_dk_Search_NonBrand_Jul_202312;615.16;529;24086;16;1311.42;05-12-2023;EUR
HAVEHJ_Search_NonBrand_Havesaeson_202505;52434.60;8659;148626;153;107237.29;28-05-2025;DKK
hh_dk_Search_Brand_BlackFriday_202311;4823.24;764;21346;26;15295.03;21-11-2023;DKK
HH_Search_NonBrand_Jul_202312;15505.99;3550;49250;50;36982.49;03-12-2023;DKK
hh_dk_Search_Brand_Jul_202512;7241.07;1751;45228;34;20650.39;23-12-2025;DKK
hh_dk_Search_Brand_Alm_202307;2297.22;293;10609;9;6549.20;13-07-2023;DKK
hh_dk_Search_NonBrand_Havesaeson_202304;34116.90;5987;91125;113;67879.36;16-04-2023;DKK
HAVEHJ_Search_NonBrand_Alm_202407;2282.58;413;13667;9;4500.87;04-07-2024;DKK
HAVEHJ_Search_NonBrand_BlackFriday_202411;57124.20;12944;173455;179;119521.55;29-11-2024;DKK
Havehjornet_Search_Brand_Havesaeson_202304;9952.48;2216;30221;48;32641.61;17-04-2023;DKK
HH_Search_Brand_Alm_202507;1543.68;321;4263;6;4228.10;11-07-2025;DKK
hh_dk_Search_Brand_Alm_202308_kopi;580.58;910;20818;23;1366.01;24-08-2023;EUR
hh_dk_Search_Brand_Jul_202512_kopi;5329.50;1313;30470;24;18662.06;29-12-2025;DKK
hh_dk_Search_Brand_Alm_202510;9439.08;1829;49415;42;30727.74;01-10-2025;DKK
hh_dk_Search_Brand_Alm_202307;6016.89;1011;30973;31;19506.66;01-07-2023;DKK
HAVEHJ_Search_Brand_Alm_202509_kopi;6197.67;794;35709;29;19033.80;01-09-2025;DKK
HH_Search_Brand_Alm_202401;5802.05;716;33158;30;16914.00;21-01-2024;DKK
Havehjornet_Search_Brand_Alm_202310;2488.92;549;9166;10;6513.87;01-10-2023;DKK
hh_dk_Search_Brand_Alm_202302;4353.58;826;12943;19;15050.41;06-02-2023;DKK
hh_dk_Search_NonBrand_Havesaeson_202206;45641.46;5992;167345;169;117733.81;28-06-2022;DKK
HAVEHJ_Search_NonBrand_Havesaeson_202205;61250.82;8623;213414;230;129559.47;03-05-2022;DKK
HAVEHJ_Search_Brand_Havesaeson_202206;6776.67;988;43954;36;14947.71;14-06-2022;DKK
HAVEHJ_Search_Brand_Havesaeson_202504_kopi;1334.92;2403;46266;51;3507.19;27-04-2025;EUR
HH_Search_NonBrand_Alm_202308;5287.24;630;17791;19;9393.06;24-08-2023;DKK
HH_Search_NonBrand_Alm_202410;10756.17;1662;32220;36;28336.03;13-10-2024;DKK
Havehjornet_Search_Brand_Jul_202312;6818.91;1428;24942;30;20068.18;20-12-2023;DKK
hh_dk_Search_Brand_Havesaeson_202205;8634.76;1743;51955;46;31055.55;10-05-2022;DKK
HH_Search_Brand_Alm_202508;6013.29;929;18825;30;23072.80;28-08-2025;DKK
HAVEHJ_Search_Brand_Alm_202408;4798.42;645;13073;25;15292.40;10-08-2024;DKK
Havehjornet_Search_NonBrand_Havesaeson_202405;44424.26;5485;222216;160;78562.79;18-05-2024;DKK
hh_dk_Search_NonBrand_Alm_202210;12715.33;1576;55342;37;25638.18;27-10-2022;DKK
HAVEHJ_Search_Brand_Alm_202308_kopi;5284.35;771;22951;24;16831.78;18-08-2023;DKK
hh_dk_Search_NonBrand_Alm_202502;1552.50;2403;29144;34;2913.37;14-02-2025;EUR
HAVEHJ_Search_NonBrand_Alm_202209;26355.52;4945;66226;81;64984.68;04-09-2022;DKK
hh_dk_Search_Brand_Alm_202510;2588.61;390;7979;10;7123.28;02-10-2025;DKK
hh_dk_Search_Brand_Alm_202309;2767.56;392;7725;12;9866.41;22-09-2023;DKK
HAVEHJ_Search_NonBrand_Alm_202502;10526.05;2299;27318;33;26307.24;15-02-2025;DKK
HH_Search_Brand_Alm_202501;3856.24;795;14634;15;14633.49;26-01-2025;DKK
hh_dk_Search_Brand_Jul_202312;12632.77;1996;44325;64;29929.10;22-12-2023;DKK
hh_dk_Search_NonBrand_Alm_202503_kopi;3821.07;871;17826;13;8919.19;05-03-2025;DKK
HH_Search_Brand_Alm_202208;3812.43;449;22216;18;11993.33;28-08-2022;DKK
HH_Search_Brand_Alm_202201;1712.60;200;5831;8;5182.55;27-01-2022;DKK
Havehjornet_Search_NonBrand_Jul_202412;8268.72;1444;31294;25;22096.51;29-12-2024;DKK
HH_Search_NonBrand_Alm_202207;8293.73;1113;32906;29;15935.49;26-07-2022;DKK
HAVEHJ_Search_Brand_Havesaeson_202405;7760.81;886;20337;37;26081.67;15-05-2024;DKK
HH_Search_Brand_Alm_202402;9129.07;1268;51435;38;24390.52;17-02-2024;DKK
Havehjornet_Search_NonBrand_Alm_202308;9436.68;1601;52628;28;20533.78;03-08-2023;DKK
hh_dk_Search_Brand_Havesaeson_202205;13015.81;1981;55205;66;37890.57;22-05-2022;DKK
HAVEHJ_Search_Brand_Jul_202512;30949.68;3466;87149;139;110571.01;02-12-2025;DKK
HAVEHJ_Search_NonBrand_Alm_202202;13191.82;1671;40026;46;28492.81;03-02-2022;DKK
hh_dk_Search_NonBrand_Alm_202307;15510.15;2823;43351;57;24994.71;09-07-2023;DKK
hh_dk_Search_Brand_Alm_202408_kopi;11381.00;2587;44213;51;31393.26;24-08-2024;DKK
Havehjornet_Search_Brand_Havesaeson_202505;1385.96;1447;35602;51;3652.79;08-05-2025;EUR
Havehjornet_Search_NonBrand_BlackFriday_202511;852.93;950;17449;23;1709.97;11-11-2025;EUR
HAVEHJ_Search_NonBrand_Alm_202409;6911.65;1210;45328;25;12519.40;02-09-2024;DKK
HH_Search_Brand_BlackFriday_202411;2809.16;415;7788;12;10181.09;27-11-2024;DKK
HAVEHJ_Search_Brand_Alm_202308;4703.84;757;23332;25;12844.01;11-08-2023;DKK
hh_dk_Search_NonBrand_Jul_202412;44632.27;9924;148231;143;101181.42;09-12-2024;DKK
HH_Search_Brand_Alm_202201;1158.12;168;3201;5;3405.36;18-01-2022;DKK
HH_Search_Brand_Alm_202509;9167.15;1346;25974;39;27074.00;26-09-2025;DKK
HAVEHJ_Search_NonBrand_Havesaeson_202306;48310.05;8578;126277;160;121333.24;10-06-2023;DKK
HH_Search_Brand_Alm_202502;10032.00;2239;26826;50;26894.84;24-02-2025;DKK
Havehjornet_Search_Brand_Alm_202508_kopi;1767.06;413;6917;9;5711.97;05-08-2025;DKK
HH_Search_NonBrand_Alm_202202;9993.66;1550;36382;33;18400.59;20-02-2022;DKK
HAVEHJ_Search_Brand_Alm_202508;1315.92;315;3652;6;3993.02;16-08-2025;DKK
Havehjornet_Search_Brand_Havesaeson_202205;7144.12;1273;36565;38;24646.69;27-05-2022;DKK
HAVEHJ_Search_NonBrand_Havesaeson_202405;5952.10;6610;250707;135;12072.64;23-05-2024;EUR
Havehjornet_Search_NonBrand_Alm_202310;4802.89;1150;14581;16;10428.32;27-10-2023;DKK
Havehjornet_Search_Brand_Alm_202407;7445.70;1175;21289;37;27386.43;14-07-2024;DKK
Havehjornet_Search_NonBrand_Havesaeson_202304;30344.37;4310;86712;96;75528.16;13-04-2023;DKK
hh_dk_Search_Brand_Alm_202302;3001.11;346;7847;12;8425.92;02-02-2023;DKK
HAVEHJ_Search_Brand_Alm_202201;3018.89;466;11165;15;8626.26;15-01-2022;DKK
HH_Search_Brand_BlackFriday_202411;24112.46;3211;155084;105;78096.43;16-11-2024;DKK
HAVEHJ_Search_Brand_Alm_202501;6615.10;873;25341;34;23792.78;08-01-2025;DKK
Havehjornet_Search_NonBrand_Alm_202510;9267.12;1388;47599;35;17308.28;23-10-2025;DKK
HH_Search_Brand_Jul_202412_kopi;4300.85;567;14974;18;13740.84;13-12-2024;DKK
Havehjornet_Search_Brand_Havesaeson_202304;5709.25;851;27769;30;13592.45;07-04-2023;DKK
hh_dk_Search_Brand_Alm_202510_kopi;1942.18;432;5791;8;5912.49;17-10-2025;DKK
Havehjornet_Search_NonBrand_Alm_202303;11488.02;1551;30165;34;26259.50;07-03-2023;DKK
HH_Search_Brand_BlackFriday_202511;10149.33;1521;45951;46;32918.09;14-11-2025;DKK
HAVEHJ_Search_NonBrand_Alm_202410;3719.88;519;16062;14;7367.91;06-10-2024;DKK
hh_dk_Search_NonBrand_Havesaeson_202304;16527.53;2727;47302;58;30221.50;06-04-2023;DKK
HH_Search_Brand_Alm_202207;577.94;866;12871;20;1745.48;20-07-2022;EUR
HAVEHJ_Search_NonBrand_Havesaeson_202504_kopi;52525.79;6204;156725;198;94542.19;30-04-2025;DKK
Havehjornet_Search_NonBrand_Alm_202501_kopi;8917.84;2091;38143;32;20244.16;20-01-2025;DKK
HAVEHJ_Search_Brand_Havesaeson_202206;4241.38;479;17170;22;13617.08;06-06-2022;DKK
HAVEHJ_Search_NonBrand_Havesaeson_202206;30144.00;5308;121539;116;72921.07;25-06-2022;DKK
HH_Search_NonBrand_Alm_202301;4597.03;593;18896;13;11051.80;15-01-2023;DKK
Havehjornet_Search_Brand_Havesaeson_202304;12030.85;1514;31964;56;39746.95;30-04-2023;DKK
Havehjornet_Search_Brand_Alm_202409;6365.12;1439;20454;27;15155.50;14-09-2024;DKK
hh_dk_Search_Brand_Havesaeson_202304;6228.89;848;29255;27;20152.53;21-04-2023;DKK
hh_dk_Search_NonBrand_Alm_202202;1363.87;2416;25868;39;2875.51;16-02-2022;EUR
hh_dk_Search_Brand_Alm_202502;12854.22;2219;43707;57;37505.96;22-02-2025;DKK
hh_dk_Search_NonBrand_Havesaeson_202506;50817.28;11008;304144;196;104933.32;08-06-2025;DKK
hh_dk_Search_Brand_Jul_202212;6901.57;1157;19262;29;19233.85;21-12-2022;DKK
Havehjornet_Search_NonBrand_Alm_202310;11190.74;1937;31755;42;29987.35;31-10-2023;DKK
HH_Search_NonBrand_Alm_202202;9202.46;1099;28076;28;18132.69;07-02-2022;DKK
Havehjornet_Search_Brand_Alm_202208;3431.88;435;17139;16;9381.85;20-08-2022;DKK
HH_Search_NonBrand_Jul_202212;21443.32;2464;66077;71;41416.83;31-12-2022;DKK
HH_Search_Brand_Jul_202412;5470.83;1112;20058;23;17794.90;18-12-2024;DKK
hh_dk_Search_NonBrand_Alm_202509;7696.24;1035;21585;22;15363.68;03-09-2025;DKK
HH_Search_NonBrand_Alm_202203;11379.83;1417;34164;43;26967.79;21-03-2022;DKK
HH_Search_Brand_Alm_202509;5960.89;1363;23869;24;17921.44;25-09-2025;DKK
HAVEHJ_Search_Brand_Havesaeson_202404;8531.15;1321;26125;40;24835.28;27-04-2024;DKK
Havehjornet_Search_NonBrand_BlackFriday_202511;34289.63;5161;192153;121;71904.88;24-11-2025;DKK
HH_Search_Brand_Alm_202201_kopi;2268.59;348;8086;11;5459.01;20-01-2022;DKK
hh_dk_Search_NonBrand_Alm_202410;6373.21;737;18312;19;14343.52;29-10-2024;DKK
HH_Search_NonBrand_Havesaeson_202504;29451.54;3628;88193;85;64467.50;13-04-2025;DKK
hh_dk_Search_Brand_Havesaeson_202505;11971.26;1529;79195;58;35708.99;09-05-2025;DKK
hh_dk_Search_Brand_Alm_202308;1435.67;230;9472;6;3694.76;07-08-2023;DKK
hh_dk_Search_Brand_Alm_202402;7277.12;1378;20174;33;22795.69;11-02-2024;DKK
HH_Search_NonBrand_Alm_202207;17035.82;2676;44834;66;30498.24;02-07-2022;DKK
hh_dk_Search_NonBrand_BlackFriday_202511;13421.07;1782;57001;41;28685.80;19-11-2025;DKK
hh_dk_Search_Brand_Alm_202401;6824.33;1595;27246;30;24893.91;20-01-2024;DKK
HH_Search_NonBrand_Havesaeson_202405;42267.30;5415;169755;126;87882.30;03-05-2024;DKK
hh_dk_Search_NonBrand_Alm_202303;9887.11;1881;53863;30;18515.24;19-03-2023;DKK
HH_Search_NonBrand_Alm_202309;11782.48;1665;43011;34;25133.20;03-09-2023;DKK
HH_Search_Brand_Havesaeson_202506;9166.10;1231;24977;39;26225.19;14-06-2025;DKK
Havehjornet_Search_Brand_Havesaeson_202506;10176.94;1737;31375;46;31258.11;07-06-2025;DKK
Havehjornet_Search_Brand_Alm_202508;4180.34;467;22779;18;10746.87;02-08-2025;DKK
HAVEHJ_Search_NonBrand_Jul_202212;36187.62;5345;114083;121;72077.13;14-12-2022;DKK
HAVEHJ_Search_NonBrand_Alm_202510;9491.16;1648;32492;30;29162.61;09-10-2025;DKK
Havehjornet_Search_NonBrand_BlackFriday_202511;65312.29;12846;187244;254;133834.28;20-11-2025;DKK
hh_dk_Search_NonBrand_Alm_202209;13223.84;3060;54102;47;25384.03;22-09-2022;DKK
Havehjornet_Search_NonBrand_Alm_202408;9188.97;2246;40679;33;18335.54;18-08-2024;DKK
hh_dk_Search_NonBrand_Alm_202402;8039.05;1330;24142;27;21192.52;27-02-2024;DKK
hh_dk_Search_NonBrand_Alm_202509;3812.94;441;11124;11;8846.35;10-09-2025;DKK
hh_dk_Search_NonBrand_Alm_202308;8715.80;1856;22285;25;15503.47;30-08-2023;DKK
HAVEHJ_Search_Brand_Jul_202512;1710.38;1734;62804;56;4906.40;11-12-2025;EUR
HAVEHJ_Search_Brand_Alm_202508;7407.66;1077;23495;38;18700.65;21-08-2025;DKK
hh_dk_Search_NonBrand_Alm_202207_kopi;10294.69;1404;27735;36;22497.69;07-07-2022;DKK
hh_dk_Search_Brand_Alm_202408;3018.79;680;19830;15;8419.49;21-08-2024;DKK
Havehjornet_Search_Brand_Alm_202407;777.49;818;16524;31;2530.27;19-07-2024;EUR
Havehjornet_Search_Brand_Alm_202201;2721.37;342;6819;12;8674.00;28-01-2022;DKK
hh_dk_Search_Brand_Alm_202501;5863.50;1187;16318;24;19904.83;15-01-2025;DKK
HH_Search_NonBrand_Alm_202307;10736.50;1471;57638;38;25519.44;12-07-2023;DKK
HH_Search_NonBrand_Alm_202402;12539.86;2676;37766;48;27680.36;26-02-2024;DKK
hh_dk_Search_NonBrand_Alm_202307;4530.89;821;11920;14;10586.67;28-07-2023;DKK
HH_Search_NonBrand_Havesaeson_202306;3848.52;3605;72922;93;9785.83;08-06-2023;EUR
Havehjornet_Search_NonBrand_Alm_202510;6918.95;851;19828;24;18480.97;10-10-2025;DKK
HH_Search_NonBrand_Alm_202402;5748.23;902;27874;17;12574.38;25-02-2024;DKK
hh_dk_Search_NonBrand_Havesaeson_202305_kopi;54034.91;7631;262233;211;84706.03;12-05-2023;DKK
HAVEHJ_Search_NonBrand_Alm_202301;7374.10;1711;23612;23;18604.94;14-01-2023;DKK
HH_Search_Brand_Alm_202403;988.31;879;29369;34;2324.50;22-03-2024;EUR
Havehjornet_Search_NonBrand_Alm_202308;10183.47;2467;38728;32;23698.42;07-08-2023;DKK
HH_Search_NonBrand_Alm_202302;8346.70;1233;37494;30;16119.19;05-02-2023;DKK
Havehjornet_Search_NonBrand_Jul_202512;23126.94;5710;76612;77;52080.65;31-12-2025;DKK
HAVEHJ_Search_Brand_Jul_202512;6832.73;1628;32970;29;21179.79;28-12-2025;DKK
HAVEHJ_Search_NonBrand_Havesaeson_202205;49589.78;8849;189036;152;83906.16;10-05-2022;DKK
Havehjornet_Search_Brand_Alm_202207_kopi;1487.78;167;8949;7;4555.19;22-07-2022;DKK
hh_dk_Search_Brand_Alm_202303;1322.81;1481;27905;45;3162.95;14-03-2023;EUR
Havehjornet_Search_NonBrand_BlackFriday_202311;6411.78;728;25621;21;14667.18;03-11-2023;DKK
Havehjornet_Search_NonBrand_Havesaeson_202404;23388.14;5172;61411;83;47929.35;26-04-2024;DKK
hh_dk_Search_Brand_Jul_202312;1766.04;2875;62685;59;5629.53;13-12-2023;EUR
hh_dk_Search_Brand_Alm_202502;17204.91;2466;47834;81;54893.94;19-02-2025;DKK
hh_dk_Search_NonBrand_Alm_202401;5690.68;825;15429;19;11197.88;09-01-2024;DKK
Havehjornet_Search_NonBrand_Havesaeson_202505;36050.66;4310;113433;113;105081.02;14-05-2025;DKK
Havehjornet_Search_NonBrand_Alm_202501;18616.89;3233;62874;69;36237.74;01-01-2025;DKK
Havehjornet_Search_NonBrand_Havesaeson_202505;40474.04;9750;136860;158;103810.56;24-05-2025;DKK
HAVEHJ_Search_NonBrand_Alm_202309;13187.08;2961;40955;41;25447.01;06-09-2023;DKK
HAVEHJ_Search_NonBrand_Havesaeson_202505_kopi;71760.02;12366;383267;255;160137.55;16-05-2025;DKK
HAVEHJ_Search_Brand_Alm_202209;4706.27;864;24095;21;12890.17;11-09-2022;DKK
HAVEHJ_Search_Brand_Havesaeson_202205;4130.80;733;12609;17;11785.89;12-05-2022;DKK
hh_dk_Search_Brand_Havesaeson_202305;19006.34;2308;85315;80;49201.16;07-05-2023;DKK
HAVEHJ_Search_NonBrand_Alm_202310;12986.07;2617;78341;43;29193.30;02-10-2023;DKK
Havehjornet_Search_Brand_Alm_202510;849.47;196;4113;4;2140.48;29-10-2025;DKK
hh_dk_Search_Brand_Alm_202510;3414.25;466;16806;14;8368.35;09-10-2025;DKK
hh_dk_Search_Brand_Havesaeson_202204;9205.13;2238;40123;39;25218.89;25-04-2022;DKK
hh_dk_Search_Brand_Havesaeson_202306;9739.02;2368;56952;43;25771.68;16-06-2023;DKK
Havehjornet_Search_NonBrand_Alm_202502;11415.06;1633;36736;38;26431.36;17-02-2025;DKK
HH_Search_Brand_Alm_202503;9089.48;1327;24857;49;29670.80;02-03-2025;DKK
HAVEHJ_Search_NonBrand_Alm_202307;12979.56;1828;53913;45;24120.83;07-07-2023;DKK
HAVEHJ_Search_NonBrand_Alm_202208;7143.92;1030;19759;21;19758.59;27-08-2022;DKK
HH_Search_NonBrand_Alm_202408;12010.58;2247;40926;38;29840.60;03-08-2024;DKK
Havehjornet_Search_Brand_Havesaeson_202405;14136.79;3255;39187;64;47062.23;27-05-2024;DKK
HAVEHJ_Search_NonBrand_Alm_202410;17460.06;2389;66118;66;40669.58;11-10-2024;DKK
HH_Search_Brand_Alm_202403;3121.17;608;9984;15;12326.19;15-03-2024;DKK
HH_Search_Brand_Havesaeson_202204;8540.95;993;25641;45;34758.52;20-04-2022;DKK
Havehjornet_Search_NonBrand_Havesaeson_202304;32592.14;6529;113139;127;54899.01;18-04-2023;DKK
hh_dk_Search_Brand_Alm_202308;2058.39;379;5249;9;5971.68;01-08-2023;DKK
HAVEHJ_Search_Brand_Alm_202403;6995.01;1030;21093;33;26112.49;31-03-2024;DKK
HH_Search_NonBrand_Alm_202203;14831.41;2463;59429;49;29118.41;12-03-2022;DKK
hh_dk_Search_NonBrand_Havesaeson_202504;32993.38;4787;153005;124;70484.52;22-04-2025;DKK
Havehjornet_Search_NonBrand_Alm_202209_kopi;19941.35;2650;70420;71;36360.96;17-09-2022;DKK
HH_Search_NonBrand_Havesaeson_202305;4497.47;5788;89586;114;8979.28;01-05-2023;EUR
Havehjornet_Search_NonBrand_Alm_202210;10554.54;1199;58513;34;18410.59;07-10-2022;DKK
HAVEHJ_Search_NonBrand_Havesaeson_202206;49267.49;8977;225663;189;82380.51;11-06-2022;DKK
Havehjornet_Search_NonBrand_Alm_202401;8024.48;1980;29263;24;18964.88;16-01-2024;DKK
hh_dk_Search_NonBrand_Havesaeson_202305;88999.34;10799;320074;259;184056.37;15-05-2023;DKK
Havehjornet_Search_NonBrand_Alm_202410;11889.93;1889;71911;37;25660.45;09-10-2024;DKK
HAVEHJ_Search_Brand_Alm_202507;5315.42;991;15981;24;17749.46;23-07-2025;DKK
hh_dk_Search_Brand_Alm_202302;5831.35;995;32340;23;18140.86;09-02-2023;DKK
hh_dk_Search_NonBrand_Alm_202310;15217.31;2254;67288;53;37913.66;23-10-2023;DKK
HAVEHJ_Search_Brand_Alm_202508;11412.38;1570;36585;62;28931.64;27-08-2025;DKK
Havehjornet_Search_NonBrand_Jul_202312;67339.12;8530;181610;241;152438.24;01-12-2023;DKK
HAVEHJ_Search_NonBrand_Jul_202312;4013.75;879;10223;15;7771.82;07-12-2023;DKK
hh_dk_Search_NonBrand_Havesaeson_202405;60984.28;10831;319481;238;144146.10;06-05-2024;DKK
Havehjornet_Search_Brand_Jul_202312_kopi;7240.84;1039;19345;37;24527.41;15-12-2023;DKK
HAVEHJ_Search_Brand_Havesaeson_202305;5666.19;714;16804;23;16327.62;22-05-2023;DKK
hh_dk_Search_NonBrand_Alm_202308;724.87;630;15530;16;1679.95;02-08-2023;EUR
HAVEHJ_Search_Brand_Alm_202502;635.83;737;17820;20;1896.74;23-02-2025;EUR
HAVEHJ_Search_NonBrand_Havesaeson_202306_kopi;42308.07;8948;204115;141;89669.25;22-06-2023;DKK
hh_dk_Search_Brand_Alm_202510;6698.38;770;33990;29;18425.16;23-10-2025;DKK
hh_dk_Search_NonBrand_BlackFriday_202411;8377.55;1275;29925;31;16636.92;04-11-2024;DKK
HH_Search_Brand_Havesaeson_202304;922.55;220;2725;4;2473.15;14-04-2023;DKK
HAVEHJ_Search_Brand_Havesaeson_202205;11599.60;1785;30603;62;29605.25;15-05-2022;DKK
HAVEHJ_Search_Brand_Jul_202212;2593.19;463;8908;11;8594.96;28-12-2022;DKK
Havehjornet_Search_NonBrand_BlackFriday_202311;5084.47;728;27337;18;10320.92;07-11-2023;DKK
hh_dk_Search_Brand_Havesaeson_202406;3011.73;419;12731;15;9213.58;20-06-2024;DKK
HAVEHJ_Search_Brand_Alm_202208;8047.18;1437;44101;35;20749.39;25-08-2022;DKK
Havehjornet_Search_Brand_BlackFriday_202411;5442.30;712;27095;27;15403.35;05-11-2024;DKK
Havehjornet_Search_NonBrand_Alm_202408;12841.66;2468;43728;46;26900.81;01-08-2024;DKK
hh_dk_Search_Brand_Alm_202207;3935.88;467;10514;16;13222.10;12-07-2022;DKK
HH_Search_NonBrand_Jul_202412;3719.60;5485;88135;86;7535.19;18-12-2024;EUR
hh_dk_Search_NonBrand_Alm_202509;11744.47;2786;33236;37;30764.58;07-09-2025;DKK
HAVEHJ_Search_Brand_Alm_202509_kopi;12741.39;2119;68661;57;31793.24;21-09-2025;DKK
Havehjornet_Search_NonBrand_Havesaeson_202405;95746.67;15283;375011;373;164385.65;01-05-2024;DKK
HAVEHJ_Search_NonBrand_Alm_202203;4596.26;699;15666;16;8204.50;19-03-2022;DKK
HH_Search_Brand_Jul_202212;6019.79;875;21111;27;24698.16;19-12-2022;DKK
hh_dk_Search_Brand_Havesaeson_202205;5776.12;1237;20257;30;16631.00;02-05-2022;DKK
hh_dk_Search_NonBrand_Havesaeson_202206;22025.85;4726;103728;83;41318.57;12-06-2022;DKK
hh_dk_Search_NonBrand_Alm_202407;15251.22;2098;66082;45;33903.55;09-07-2024;DKK
HAVEHJ_Search_Brand_Havesaeson_202405;10958.16;1946;40202;58;36394.12;02-05-2024;DKK
hh_dk_Search_Brand_Havesaeson_202206;3930.73;528;13475;21;14341.66;25-06-2022;DKK
HAVEHJ_Search_NonBrand_Alm_202203;1032.87;1176;31921;24;1859.92;06-03-2022;EUR
hh_dk_Search_Brand_Alm_202402;11980.62;2279;75953;58;30814.68;15-02-2024;DKK
Havehjornet_Search_Brand_Alm_202309;5715.69;902;18161;25;13407.06;12-09-2023;DKK
hh_dk_Search_NonBrand_Havesaeson_202305;31417.76;6991;175007;117;73072.19;21-05-2023;DKK
hh_dk_Search_NonBrand_Havesaeson_202304_kopi;5566.68;737;18770;18;15374.30;29-04-2023;DKK
HAVEHJ_Search_NonBrand_Havesaeson_202206;28404.50;3288;120840;93;55499.00;17-06-2022;DKK
hh_dk_Search_NonBrand_Alm_202201;14070.49;3092;77556;49;30494.62;18-01-2022;DKK
hh_dk_Search_NonBrand_Alm_202508_kopi;12078.65;1575;31371;38;18625.64;12-08-2025;DKK
HAVEHJ_Search_NonBrand_Havesaeson_202405;42401.65;5478;139642;136;111432.31;25-05-2024;DKK
HH_Search_NonBrand_Alm_202407;9689.00;2383;55601;31;20938.19;30-07-2024;DKK
HAVEHJ_Search_Brand_Jul_202412;11342.86;1393;40356;49;29072.05;03-12-2024;DKK
HH_Search_NonBrand_Havesaeson_202405;20809.71;3838;112584;64;40871.02;28-05-2024;DKK
Havehjornet_Search_Brand_Alm_202310;560.02;507;19155;20;1533.14;23-10-2023;EUR
HAVEHJ_Search_NonBrand_Alm_202210;19580.33;2321;56885;77;37836.55;10-10-2022;DKK
hh_dk_Search_NonBrand_BlackFriday_202511;43112.52;6669;117586;126;104081.40;17-11-2025;DKK
HAVEHJ_Search_NonBrand_Havesaeson_202305;27798.98;3487;92205;89;49732.59;30-05-2023;DKK
HAVEHJ_Search_Brand_Alm_202401;4553.08;664;11831;24;14770.67;25-01-2024;DKK
hh_dk_Search_NonBrand_Jul_202212;17851.81;2802;58498;55;48651.91;19-12-2022;DKK
HAVEHJ_Search_Brand_Havesaeson_202505;6685.66;929;24225;30;18198.54;17-05-2025;DKK
Havehjornet_Search_NonBrand_Alm_202301;5187.11;620;30752;16;10722.55;13-01-2023;DKK
HAVEHJ_Search_Brand_BlackFriday_202411;24716.98;3908;94745;117;100870.82;23-11-2024;DKK
HH_Search_NonBrand_Jul_202312;11698.39;1616;30490;42;31474.07;22-12-2023;DKK
Havehjornet_Search_Brand_Havesaeson_202206;10812.98;1322;42598;45;39927.96;16-06-2022;DKK
Havehjornet_Search_NonBrand_Jul_202512;18210.09;2317;79686;71;35650.35;08-12-2025;DKK
Havehjornet_Search_Brand_Alm_202207;4104.82;639;11205;17;10541.27;14-07-2022;DKK
hh_dk_Search_Brand_Alm_202509;2258.69;397;8552;11;5202.11;22-09-2025;DKK
HH_Search_Brand_Alm_202303_kopi;5505.59;1045;25937;28;18347.33;18-03-2023;DKK
Havehjornet_Search_Brand_Alm_202508;3515.38;481;13694;16;9228.93;04-08-2025;DKK
HH_Search_NonBrand_Jul_202412_kopi;19466.13;2258;89444;69;42767.04;19-12-2024;DKK
Havehjornet_Search_NonBrand_Alm_202501;6338.58;756;18467;19;11402.12;03-01-2025;DKK
hh_dk_Search_Brand_Alm_202409;788.22;668;25711;31;1860.58;24-09-2024;EUR
Havehjornet_Search_NonBrand_Havesaeson_202204;16821.72;3669;82748;63;25931.49;14-04-2022;DKK
hh_dk_Search_Brand_Alm_202509;4621.99;546;17396;22;11465.49;29-09-2025;DKK
Havehjornet_Search_NonBrand_Alm_202309;7204.66;1117;18818;27;13145.51;01-09-2023;DKK
HAVEHJ_Search_NonBrand_Alm_202203;28481.07;3913;126481;92;56272.30;11-03-2022;DKK
HAVEHJ_Search_NonBrand_Alm_202207;2248.95;1974;73574;50;5223.45;25-07-2022;EUR
Havehjornet_Search_Brand_Alm_202407;5068.19;708;13790;25;18014.42;04-07-2024;DKK
HAVEHJ_Search_Brand_Alm_202409;8648.30;1196;23167;40;28665.21;19-09-2024;DKK
hh_dk_Search_NonBrand_Alm_202309;12277.71;1681;30828;39;29666.67;04-09-2023;DKK
hh_dk_Search_NonBrand_Alm_202203;7869.93;1381;48312;25;17489.28;03-03-2022;DKK
HAVEHJ_Search_Brand_Alm_202503;5757.95;1336;21990;28;20251.46;25-03-2025;DKK
HAVEHJ_Search_Brand_Alm_202203;8329.76;1093;53727;45;29223.82;07-03-2022;DKK
Havehjornet_Search_NonBrand_Jul_202212;27576.49;3352;87610;91;64833.02;21-12-2022;DKK
HH_Search_Brand_BlackFriday_202311;7243.43;1161;25276;38;26096.10;24-11-2023;DKK
HH_Search_Brand_Alm_202408;4011.04;566;12023;21;11046.17;14-08-2024;DKK
Havehjornet_Search_NonBrand_Havesaeson_202206;38728.96;4522;98158;122;105788.68;14-06-2022;DKK
Havehjornet_Search_NonBrand_BlackFriday_202211;5514.67;667;32977;20;13272.72;03-11-2022;DKK
hh_dk_Search_NonBrand_Alm_202509;3798.26;654;12432;12;8675.46;30-09-2025;DKK
HAVEHJ_Search_NonBrand_Alm_202308_kopi;7613.03;1184;39385;27;16935.09;09-08-2023;DKK
HH_Search_Brand_Jul_202312;6864.89;1179;29449;30;20046.47;16-12-2023;DKK
hh_dk_Search_Brand_Alm_202503_kopi;1629.65;217;4568;9;4400.88;11-03-2025;DKK
HAVEHJ_Search_NonBrand_Jul_202312;33918.67;3786;88482;128;60198.20;12-12-2023;DKK
HAVEHJ_Search_Brand_BlackFriday_202511;2108.45;2051;99373;63;5949.55;03-11-2025;EUR
HAVEHJ_Search_NonBrand_Alm_202403;10894.11;1767;28448;36;25036.07;07-03-2024;DKK
Havehjornet_Search_Brand_Jul_202212;5403.54;615;16306;28;15532.02;30-12-2022;DKK
HAVEHJ_Search_NonBrand_Alm_202509_kopi;7238.10;979;19861;21;17140.39;12-09-2025;DKK
Havehjornet_Search_Brand_Jul_202512;17775.80;3366;52242;83;32010.41;09-12-2025;DKK
Havehjornet_Search_Brand_Alm_202302_kopi;9524.54;1268;43380;40;39841.22;11-02-2023;DKK
hh_dk_Search_NonBrand_Alm_202303;2622.75;3858;87990;74;5982.12;30-03-2023;EUR
hh_dk_Search_Brand_Havesaeson_202404;841.45;854;19376;31;2480.82;08-04-2024;EUR
Havehjornet_Search_NonBrand_Alm_202307;19745.57;2462;70918;76;45175.19;18-07-2023;DKK
Havehjornet_Search_Brand_Alm_202503;1077.50;142;6515;5;2831.49;24-03-2025;DKK
HAVEHJ_Search_NonBrand_Alm_202302;792.88;987;32152;19;1303.36;24-02-2023;EUR
HAVEHJ_Search_NonBrand_Alm_202303;20996.75;3675;74657;68;40598.93;16-03-2023;DKK
HAVEHJ_Search_Brand_Havesaeson_202206;10392.81;1397;37562;51;41664.14;17-06-2022;DKK
HAVEHJ_Search_NonBrand_Alm_202508;6108.85;1145;15356;24;12004.89;04-08-2025;DKK
HAVEHJ_Search_Brand_Alm_202408;7454.25;1742;37404;31;21642.95;23-08-2024;DKK
HH_Search_NonBrand_Alm_202401;1073.04;1205;21709;29;2670.14;23-01-2024;EUR
Havehjornet_Search_NonBrand_Alm_202209;10204.51;1167;46327;39;20446.09;11-09-2022;DKK
hh_dk_Search_Brand_Alm_202508_kopi;12816.79;1908;78828;60;43820.42;25-08-2025;DKK
HH_Search_NonBrand_Havesaeson_202205;47322.18;9754;133312;174;114615.98;13-05-2022;DKK
Havehjornet_Search_Brand_Havesaeson_202504;6544.92;1399;37456;32;17250.43;09-04-2025;DKK
HAVEHJ_Search_Brand_Alm_202302;3272.17;548;20593;17;11501.38;22-02-2023;DKK
hh_dk_Search_Brand_Havesaeson_202306;2980.53;341;11082;15;9501.22;25-06-2023;DKK
HAVEHJ_Search_Brand_Havesaeson_202205;5232.67;1053;21164;24;14297.95;31-05-2022;DKK
HH_Search_NonBrand_Alm_202402;9435.54;1439;31779;33;22502.12;11-02-2024;DKK
HAVEHJ_Search_Brand_Alm_202302;8001.24;1393;42496;34;20818.32;05-02-2023;DKK
hh_dk_Search_Brand_Alm_202202;5295.83;651;28939;26;14139.17;24-02-2022;DKK
Havehjornet_Search_Brand_BlackFriday_202311;10569.56;1985;46349;54;33064.48;05-11-2023;DKK
hh_dk_Search_Brand_Alm_202207;3141.06;699;12648;14;7973.53;18-07-2022;DKK
HAVEHJ_Search_Brand_Alm_202201;3457.57;522;10514;17;11467.76;03-01-2022;DKK
HH_Search_Brand_Alm_202203;937.07;162;4835;5;3439.52;25-03-2022;DKK
hh_dk_Search_Brand_Alm_202507_kopi;5763.42;983;19481;31;17618.68;12-07-2025;DKK
hh_dk_Search_Brand_Alm_202409;7637.57;1382;45065;31;22335.09;16-09-2024;DKK
hh_dk_Search_NonBrand_Alm_202502;20988.92;2585;92228;61;35905.53;24-02-2025;DKK
Havehjornet_Search_NonBrand_BlackFriday_202211;5514.67;667;32977;20;13272.72;03-11-2022;DKK
Havehjornet_Search_Brand_Havesaeson_202406;8778.20;1807;26014;45;26267.85;09-06-2024;DKK
hh_dk_Search_Brand_Havesaeson_202505_kopi;3151.93;358;12996;15;8965.12;05-05-2025;DKK
Havehjornet_Search_NonBrand_Havesaeson_202505;102233.81;18958;290610;305;214602.60;02-05-2025;DKK
HH_Search_NonBrand_Alm_202302;602.62;559;11395;13;1480.35;01-02-2023;EUR
hh_dk_Search_Brand_Havesaeson_202406;952.56;865;38433;35;3236.19;06-06-2024;EUR
HAVEHJ_Search_NonBrand_Alm_202409;4652.37;897;12770;16;9435.71;26-09-2024;DKK
Havehjornet_Search_NonBrand_Alm_202501;1459.95;1682;35183;36;3184.20;25-01-2025;EUR
HH_Search_NonBrand_Alm_202410;8736.38;1800;26526;28;25919.28;31-10-2024;DKK
HH_Search_NonBrand_Alm_202407;2252.37;1947;64685;58;4749.61;16-07-2024;EUR
HH_Search_Brand_Alm_202302;5391.56;779;16354;23;14814.45;07-02-2023;DKK
HAVEHJ_Search_NonBrand_Havesaeson_202406;43981.99;8545;156051;134;114453.69;07-06-2024;DKK
Havehjornet_Search_Brand_Havesaeson_202404;14906.82;2259;47819;60;48675.82;23-04-2024;DKK
hh_dk_Search_Brand_Jul_202412_kopi;8679.80;1823;35183;37;22560.54;15-12-2024;DKK
hh_dk_Search_NonBrand_Havesaeson_202506;22003.03;3394;99973;67;44497.39;16-06-2025;DKK
hh_dk_Search_NonBrand_Alm_202502;24326.52;4499;101032;79;52546.59;09-02-2025;DKK
HH_Search_NonBrand_Alm_202208;4239.79;571;11061;13;11058.57;05-08-2022;DKK
hh_dk_Search_NonBrand_Alm_202310;11777.06;1663;52289;46;29537.16;16-10-2023;DKK
hh_dk_Search_NonBrand_BlackFriday_202211;10240.78;1971;27758;35;18492.29;18-11-2022;DKK
HH_Search_NonBrand_Alm_202303;9328.37;1165;34465;27;21171.20;13-03-2023;DKK
HH_Search_Brand_Alm_202207;3644.78;509;9493;17;12655.88;16-07-2022;DKK
HH_Search_Brand_Jul_202512_kopi;4636.31;628;11743;24;15697.85;22-12-2025;DKK
HAVEHJ_Search_Brand_Alm_202308_kopi;5617.86;898;21746;25;15092.04;12-08-2023;DKK
hh_dk_Search_Brand_Havesaeson_202404;1239.10;1740;45519;49;4297.82;18-04-2024;EUR
HAVEHJ_Search_NonBrand_Jul_202512;8560.11;1376;31368;32;18898.97;27-12-2025;DKK
hh_dk_Search_Brand_Alm_202403;2247.25;305;8541;11;7124.61;26-03-2024;DKK
HAVEHJ_Search_Brand_Alm_202410;6977.07;1299;30223;33;22798.90;23-10-2024;DKK
HH_Search_NonBrand_Havesaeson_202406;31121.19;6332;204739;99;66566.34;02-06-2024;DKK
HAVEHJ_Search_Brand_Alm_202509;4752.94;666;24139;23;9734.21;27-09-2025;DKK
Havehjornet_Search_Brand_BlackFriday_202311;9917.71;1294;64301;52;36707.99;09-11-2023;DKK
hh_dk_Search_Brand_Alm_202209;14197.21;3150;39314;64;44488.64;06-09-2022;DKK
HAVEHJ_Search_Brand_Alm_202310;7544.74;1415;18918;35;24780.36;16-10-2023;DKK
HAVEHJ_Search_Brand_Alm_202509;5934.62;1257;19411;31;19885.54;24-09-2025;DKK
HAVEHJ_Search_NonBrand_Alm_202302;15698.17;1882;79553;59;32219.52;12-02-2023;DKK
Havehjornet_Search_Brand_Alm_202402;19144.45;3109;84997;80;59844.23;24-02-2024;DKK
HAVEHJ_Search_NonBrand_BlackFriday_202411;11414.56;1310;53734;34;20444.78;06-11-2024;DKK
HH_Search_Brand_Alm_202510;5083.46;839;15913;20;13450.15;12-10-2025;DKK
HH_Search_Brand_Alm_202401;12054.89;2281;31984;58;39669.61;03-01-2024;DKK
Havehjornet_Search_Brand_BlackFriday_202411;4405.22;527;17129;21;11248.31;25-11-2024;DKK
Havehjornet_Search_Brand_Alm_202308;390.21;573;8030;14;1274.40;06-08-2023;EUR
Havehjornet_Search_Brand_Alm_202310;5138.10;1121;14792;21;18635.74;11-10-2023;DKK
HH_Search_Brand_Alm_202302_kopi;6326.85;1316;31298;29;18367.70;10-02-2023;DKK
HH_Search_Brand_Alm_202210;8881.23;1363;27227;41;30192.60;31-10-2022;DKK
HH_Search_Brand_Alm_202407;364.76;357;6898;12;1070.40;30-07-2024;EUR
HAVEHJ_Search_Brand_BlackFriday_202511;1307.59;1201;61124;49;4441.07;17-11-2025;EUR
Havehjornet_Search_NonBrand_Alm_202307;4627.53;879;17563;15;9300.61;27-07-2023;DKK
HAVEHJ_Search_NonBrand_Havesaeson_202304;11011.98;15540;236931;303;25311.79;25-04-2023;EUR
Havehjornet_Search_NonBrand_Havesaeson_202506;69533.43;9107;178577;254;150845.58;06-06-2025;DKK
hh_dk_Search_Brand_Alm_202308;2817.70;397;7103;15;7746.33;10-08-2023;DKK
HH_Search_Brand_Alm_202401;4794.46;649;14506;22;13978.53;27-01-2024;DKK
hh_dk_Search_Brand_Alm_202507;3475.63;487;13891;14;13109.39;10-07-2025;DKK
HAVEHJ_Search_Brand_Alm_202503;5166.61;1094;17864;22;15140.34;26-03-2025;DKK
Havehjornet_Search_Brand_Alm_202501;3374.20;400;10559;16;10473.65;27-01-2025;DKK
HAVEHJ_Search_NonBrand_Alm_202201;10739.76;2247;35924;35;29905.82;29-01-2022;DKK
HH_Search_NonBrand_Alm_202308;8867.27;1721;22953;29;21376.07;06-08-2023;DKK
Havehjornet_Search_NonBrand_Alm_202203;6575.04;1211;25329;21;15069.61;28-03-2022;DKK
HH_Search_Brand_Alm_202507_kopi;2435.54;303;6341;13;6987.69;30-07-2025;DKK
hh_dk_Search_NonBrand_Havesaeson_202304;33607.81;5354;124521;108;70581.15;19-04-2023;DKK
HAVEHJ_Search_Brand_Havesaeson_202304_kopi;6437.00;934;21620;28;23110.03;03-04-2023;DKK
HH_Search_Brand_Alm_202202;2855.77;382;8255;14;8969.85;17-02-2022;DKK
hh_dk_Search_NonBrand_Alm_202402;7993.84;1961;44060;24;15646.12;19-02-2024;DKK
hh_dk_Search_NonBrand_Havesaeson_202406;16914.34;2012;54869;60;33808.01;12-06-2024;DKK
hh_dk_Search_NonBrand_Alm_202508;8499.52;1978;48045;29;15260.70;23-08-2025;DKK
HH_Search_Brand_Alm_202503;4269.36;515;14576;19;12240.50;14-03-2025;DKK
HAVEHJ_Search_Brand_Alm_202410;9253.65;2237;52466;44;30845.66;10-10-2024;DKK
HAVEHJ_Search_NonBrand_Havesaeson_202506;84498.06;12917;469228;265;198198.13;07-06-2025;DKK
HH_Search_Brand_Alm_202402;10895.10;1608;34906;49;28444.78;09-02-2024;DKK
Havehjornet_Search_NonBrand_Alm_202207;12854.27;3175;38075;40;27266.19;21-07-2022;DKK
HAVEHJ_Search_NonBrand_Havesaeson_202404;40508.63;4874;101543;130;89318.83;18-04-2024;DKK
HAVEHJ_Search_NonBrand_Alm_202202;11784.96;2752;36762;44;24998.76;25-02-2022;DKK
hh_dk_Search_Brand_Alm_202410;659.60;594;14457;24;1941.62;04-10-2024;EUR
HAVEHJ_Search_NonBrand_Alm_202408;7168.32;1153;20076;22;15107.95;07-08-2024;DKK
HH_Search_Brand_Alm_202303;2985.68;353;9041;15;8962.83;21-03-2023;DKK
hh_dk_Search_NonBrand_Alm_202507;8391.28;1974;26244;25;26083.70;14-07-2025;DKK
hh_dk_Search_Brand_BlackFriday_202311;9637.42;1198;29091;44;31691.46;01-11-2023;DKK
HH_Search_NonBrand_Alm_202308;9573.49;1875;42759;33;24094.61;15-08-2023;DKK
HH_Search_Brand_Jul_202512;11563.26;1564;31030;59;31006.45;07-12-2025;DKK
HH_Search_NonBrand_Alm_202303;14725.19;2640;58346;43;34240.82;25-03-2023;DKK
HAVEHJ_Search_NonBrand_Havesaeson_202404;62768.89;7424;277032;208;180657.15;17-04-2024;DKK
HH_Search_Brand_BlackFriday_202311;9747.84;1266;53831;42;35226.32;12-11-2023;DKK
Havehjornet_Search_NonBrand_Alm_202409;8313.20;1278;41405;25;18944.11;27-09-2024;DKK
HH_Search_NonBrand_Jul_202512;1165.38;2038;48874;32;2976.60;17-12-2025;EUR
Havehjornet_Search_NonBrand_Alm_202408;11069.74;2074;45602;43;26452.63;16-08-2024;DKK
HAVEHJ_Search_Brand_Alm_202310;17106.16;2661;65183;70;53147.15;27-10-2023;DKK
HAVEHJ_Search_Brand_Alm_202409;4616.20;604;13873;25;12550.70;08-09-2024;DKK
HAVEHJ_Search_NonBrand_Alm_202210;3633.23;686;9657;11;6442.43;16-10-2022;DKK
HH_Search_Brand_Havesaeson_202305;11151.84;1686;29026;54;36743.25;18-05-2023;DKK
Havehjornet_Search_Brand_Havesaeson_202206;9629.90;1102;60944;41;27565.04;12-06-2022;DKK
Havehjornet_Search_Brand_Jul_202212;6911.81;1269;17679;34;19768.37;29-12-2022;DKK
HAVEHJ_Search_Brand_Havesaeson_202504;4320.41;870;13698;19;12659.18;10-04-2025;DKK
Havehjornet_Search_NonBrand_Havesaeson_202304;46566.28;8872;139686;154;66355.89;22-04-2023;DKK
HH_Search_Brand_Alm_202303;4319.76;704;25421;20;11603.31;28-03-2023;DKK
hh_dk_Search_Brand_Havesaeson_202404;3938.31;607;19721;17;11857.47;13-04-2024;DKK
HH_Search_Brand_Alm_202302_kopi;6147.97;728;16984;28;20755.29;24-02-2023;DKK
Havehjornet_Search_Brand_Jul_202512_kopi;3179.41;411;10441;14;8292.61;01-12-2025;DKK
HAVEHJ_Search_Brand_Alm_202307;8519.88;1070;24492;39;24598.07;08-07-2023;DKK
Havehjornet_Search_Brand_Havesaeson_202506;12630.20;2055;62702;65;34561.31;20-06-2025;DKK
Havehjornet_Search_Brand_Havesaeson_202506;5308.68;1026;15487;29;19701.28;28-06-2025;DKK
HH_Search_NonBrand_Havesaeson_202506;64504.82;11160;243538;196;111505.42;21-06-2025;DKK
Havehjornet_Search_Brand_Alm_202308;8263.64;1042;35464;34;24305.62;30-08-2023;DKK
Havehjornet_Search_Brand_Havesaeson_202505;7188.13;932;44761;37;22230.34;30-05-2025;DKK
HAVEHJ_Search_NonBrand_Alm_202208;5213.37;783;14499;17;12763.13;28-08-2022;DKK
HAVEHJ_Search_Brand_Alm_202407;2811.24;319;8814;12;9711.77;28-07-2024;DKK
hh_dk_Search_Brand_Alm_202203_kopi;5094.39;1255;13399;22;15301.52;23-03-2022;DKK
HH_Search_Brand_Alm_202310;5555.56;762;24548;26;18100.12;21-10-2023;DKK
HH_Search_Brand_Alm_202302;7598.76;1123;27352;33;25573.24;23-02-2023;DKK
HAVEHJ_Search_NonBrand_Alm_202209;4074.68;964;17080;15;9612.92;24-09-2022;DKK
HAVEHJ_Search_Brand_Alm_202502;5969.16;663;29195;26;23717.08;06-02-2025;DKK
HAVEHJ_Search_Brand_Jul_202212;754.61;668;15380;29;2529.64;11-12-2022;EUR
HAVEHJ_Search_NonBrand_Alm_202409;4283.91;578;11557;12;9920.32;22-09-2024;DKK
HAVEHJ_Search_NonBrand_Havesaeson_202204;10147.69;9330;205628;273;24812.68;13-04-2022;EUR
hh_dk_Search_NonBrand_BlackFriday_202211_kopi;6533.11;1169;29775;23;12647.64;08-11-2022;DKK
hh_dk_Search_Brand_Havesaeson_202206;1024.61;1327;28647;31;3341.99;28-06-2022;EUR
Havehjornet_Search_Brand_Jul_202512;11882.80;1866;32682;51;31613.60;05-12-2025;DKK
HAVEHJ_Search_NonBrand_Alm_202509;5846.86;684;21793;23;11646.29;15-09-2025;DKK
HH_Search_Brand_Alm_202303;5501.49;1108;15100;23;16704.61;20-03-2023;DKK
HH_Search_NonBrand_Jul_202312;42698.11;7230;128248;137;103892.01;24-12-2023;DKK
HAVEHJ_Search_Brand_Alm_202402;13220.04;2138;46951;55;43750.35;27-02-2024;DKK
hh_dk_Search_Brand_Jul_202312;5754.74;1343;19426;28;20904.99;04-12-2023;DKK
HH_Search_Brand_Alm_202410;7626.86;1229;44486;37;20228.59;24-10-2024;DKK
hh_dk_Search_Brand_Havesaeson_202306;13695.30;2118;44057;74;35788.55;02-06-2023;DKK
hh_dk_Search_Brand_Havesaeson_202405;10217.20;2102;47771;42;29149.29;16-05-2024;DKK
HH_Search_NonBrand_Alm_202510;7866.23;1369;28991;26;15874.71;26-10-2025;DKK
Havehjornet_Search_Brand_Jul_202412;7508.44;1208;19617;31;29006.04;22-12-2024;DKK
Havehjornet_Search_NonBrand_Alm_202401;14234.92;2556;49317;52;28232.48;18-01-2024;DKK
hh_dk_Search_NonBrand_Alm_202201;9777.62;2143;34224;30;20824.32;04-01-2022;DKK
HH_Search_NonBrand_Alm_202409;8670.81;1394;22341;30;23678.57;28-09-2024;DKK
HAVEHJ_Search_Brand_Alm_202203;5941.49;737;33649;27;18588.84;11-03-2022;DKK
hh_dk_Search_Brand_Alm_202402_kopi;1187.14;1292;43185;43;3671.70;29-02-2024;EUR
hh_dk_Search_Brand_Alm_202301;13122.96;2454;44054;62;40979.93;12-01-2023;DKK
HH_Search_NonBrand_BlackFriday_202211;8091.14;939;25447;30;16564.00;19-11-2022;DKK
hh_dk_Search_NonBrand_Alm_202201;7913.68;1454;24358;23;19820.83;03-01-2022;DKK
hh_dk_Search_NonBrand_Alm_202201;9899.84;1948;25281;29;20311.09;15-01-2022;DKK
hh_dk_Search_Brand_Alm_202302;19659.24;2667;81644;84;66110.65;08-02-2023;DKK
hh_dk_Search_Brand_Alm_202409;6873.66;1137;20233;37;21161.59;04-09-2024;DKK
hh_dk_Search_NonBrand_Alm_202207;2878.38;541;13001;10;5757.13;17-07-2022;DKK
Havehjornet_Search_Brand_Alm_202307;1929.36;315;9809;10;5958.10;26-07-2023;DKK
HAVEHJ_Search_Brand_BlackFriday_202311;17453.24;2384;100966;74;70502.31;23-11-2023;DKK
Havehjornet_Search_Brand_Alm_202408;4244.81;696;15087;18;13595.21;26-08-2024;DKK
HAVEHJ_Search_NonBrand_Alm_202409;1660.88;2609;77120;36;3122.51;25-09-2024;EUR
Havehjornet_Search_NonBrand_Alm_202507;10422.07;1232;29341;34;21496.50;28-07-2025;DKK
hh_dk_Search_NonBrand_Jul_202412;19510.18;2768;94582;65;37933.40;30-12-2024;DKK
HH_Search_Brand_Havesaeson_202505;2667.76;422;7534;11;8020.03;03-05-2025;DKK
hh_dk_Search_Brand_Havesaeson_202204;4052.65;473;11932;21;13022.30;29-04-2022;DKK
Havehjornet_Search_NonBrand_Alm_202201_kopi;8747.11;1395;26071;30;19313.67;22-01-2022;DKK
hh_dk_Search_Brand_Alm_202501;7180.93;804;18599;36;20708.11;22-01-2025;DKK
Havehjornet_Search_NonBrand_Alm_202508_kopi;13016.97;1706;46084;43;40688.65;29-08-2025;DKK
Havehjornet_Search_NonBrand_Alm_202401;9481.63;1185;31457;34;21205.61;14-01-2024;DKK
HH_Search_NonBrand_Alm_202302;16118.89;2142;60511;56;43651.75;14-02-2023;DKK
hh_dk_Search_Brand_Alm_202407;3116.41;390;7915;14;7607.95;26-07-2024;DKK
HAVEHJ_Search_NonBrand_Alm_202408;23396.55;2815;96176;69;49121.33;29-08-2024;DKK
hh_dk_Search_Brand_Havesaeson_202504;7062.18;1130;19330;31;20318.37;28-04-2025;DKK
HAVEHJ_Search_Brand_Alm_202209;6933.65;1001;25846;30;19445.59;27-09-2022;DKK
HAVEHJ_Search_Brand_Jul_202312;6027.78;679;21705;29;22957.60;02-12-2023;DKK
HAVEHJ_Search_Brand_Jul_202212;15069.31;2859;67417;65;53423.80;01-12-2022;DKK
HH_Search_Brand_Alm_202410_kopi;6269.67;748;22157;29;20928.93;05-10-2024;DKK
Havehjornet_Search_Brand_Havesaeson_202506;9285.86;2204;56865;42;31765.84;16-06-2025;DKK
HH_Search_NonBrand_Alm_202309;1859.55;2518;60874;49;4411.00;30-09-2023;EUR
HH_Search_Brand_Alm_202408;1614.25;226;5178;7;4247.23;18-08-2024;DKK
Havehjornet_Search_NonBrand_Alm_202401;9753.34;1426;31194;35;20042.42;29-01-2024;DKK
HH_Search_Brand_BlackFriday_202211;1063.20;1979;20826;35;3330.18;12-11-2022;EUR
Havehjornet_Search_NonBrand_Jul_202312;37977.28;5601;243947;138;63375.63;20-12-2023;DKK
hh_dk_Search_NonBrand_Alm_202303;10001.24;1152;42946;29;18915.37;18-03-2023;DKK
hh_dk_Search_NonBrand_Havesaeson_202504;3465.31;528;15715;12;9530.25;03-04-2025;DKK
hh_dk_Search_Brand_BlackFriday_202311;4339.23;918;11808;20;15500.48;16-11-2023;DKK
HH_Search_Brand_Havesaeson_202505;1043.87;1683;38104;34;2796.03;29-05-2025;EUR
Havehjornet_Search_NonBrand_Havesaeson_202204;27716.32;5729;145252;96;48799.16;16-04-2022;DKK
HAVEHJ_Search_NonBrand_Jul_202212;6407.24;736;23441;22;12969.28;29-12-2022;DKK
HH_Search_Brand_Alm_202201;4307.51;509;17804;21;14485.14;30-01-2022;DKK
HH_Search_Brand_Alm_202208_kopi;11287.42;1279;29108;48;40311.41;29-08-2022;DKK
hh_dk_Search_Brand_Havesaeson_202404;3641.15;430;11611;16;10069.15;07-04-2024;DKK
HAVEHJ_Search_NonBrand_Alm_202307;10760.00;2050;27006;34;21033.61;29-07-2023;DKK
Havehjornet_Search_Brand_Alm_202501;14694.74;1795;40138;65;52317.09;21-01-2025;DKK
HH_Search_Brand_Havesaeson_202404;2964.52;406;12751;14;9098.89;05-04-2024;DKK
HH_Search_Brand_Havesaeson_202505;8243.33;1613;28294;36;32850.24;16-05-2025;DKK
Havehjornet_Search_Brand_Havesaeson_202306;8124.49;1848;22721;40;19717.66;28-06-2023;DKK
HH_Search_NonBrand_Havesaeson_202406;29429.33;4881;137648;108;62262.31;26-06-2024;DKK
Havehjornet_Search_Brand_Alm_202302_kopi;5442.50;1138;27983;24;13997.92;14-02-2023;DKK
HH_Search_NonBrand_Havesaeson_202406;28931.68;3614;111190;102;77807.69;20-06-2024;DKK
HAVEHJ_Search_Brand_Alm_202402;5817.55;669;23887;25;13657.77;14-02-2024;DKK
hh_dk_Search_NonBrand_Alm_202307;21066.43;3656;122684;66;40237.60;25-07-2023;DKK
HH_Search_NonBrand_Jul_202412;13367.42;1494;37839;51;29419.54;07-12-2024;DKK
HAVEHJ_Search_NonBrand_BlackFriday_202511;19204.71;3727;81330;62;38523.27;14-11-2025;DKK
hh_dk_Search_NonBrand_Alm_202302;11282.01;2466;47672;34;25932.83;19-02-2023;DKK
Havehjornet_Search_NonBrand_Havesaeson_202506;52920.96;7130;292356;162;105847.56;20-06-2025;DKK
HH_Search_NonBrand_Alm_202501;10310.02;1714;44938;36;19887.86;13-01-2025;DKK
HAVEHJ_Search_Brand_Alm_202202;6721.19;771;21870;36;20162.90;26-02-2022;DKK
HAVEHJ_Search_NonBrand_Alm_202509_kopi;25214.80;3295;82025;89;45985.60;05-09-2025;DKK
hh_dk_Search_Brand_Havesaeson_202404;4282.76;496;12885;22;19423.23;22-04-2024;DKK
HAVEHJ_Search_NonBrand_Havesaeson_202305;3498.99;4326;120325;92;6082.64;28-05-2023;EUR
hh_dk_Search_Brand_Alm_202302;5709.08;799;18815;25;17042.10;12-02-2023;DKK
HAVEHJ_Search_Brand_Alm_202403;7982.41;965;21827;35;27526.76;12-03-2024;DKK
HAVEHJ_Search_Brand_Havesaeson_202406;4430.35;526;11738;19;12124.03;29-06-2024;DKK
Havehjornet_Search_Brand_Alm_202403;4770.65;691;14791;24;17426.60;01-03-2024;DKK
hh_dk_Search_Brand_Alm_202208;2226.18;554;8769;9;6041.20;09-08-2022;DKK
HAVEHJ_Search_Brand_Alm_202201;5707.81;794;19243;24;17799.99;25-01-2022;DKK
HH_Search_NonBrand_Havesaeson_202305;24518.51;3387;133591;93;59779.93;27-05-2023;DKK
HH_Search_NonBrand_Havesaeson_202504;40797.30;6167;260679;127;66789.29;19-04-2025;DKK
HH_Search_NonBrand_Alm_202507;13163.34;1798;33248;38;30224.10;21-07-2025;DKK
Havehjornet_Search_NonBrand_Jul_202212;9411.18;1267;31096;36;25552.84;05-12-2022;DKK
HH_Search_NonBrand_Alm_202201;5947.47;1001;25418;22;21781.56;24-01-2022;DKK
hh_dk_Search_Brand_Alm_202209;8826.59;2080;51269;48;21676.62;10-09-2022;DKK
HH_Search_Brand_Alm_202503;1963.04;350;12341;9;4311.97;20-03-2025;DKK
hh_dk_Search_Brand_Alm_202309;2243.96;295;6999;9;6085.41;03-09-2023;DKK
HH_Search_Brand_Alm_202303;7230.71;1050;20238;33;22000.97;13-03-2023;DKK
HAVEHJ_Search_NonBrand_Havesaeson_202504;16524.07;2904;53507;64;41497.36;02-04-2025;DKK
HAVEHJ_Search_NonBrand_Alm_202208_kopi;11500.68;2109;30038;33;24083.37;07-08-2022;DKK
HAVEHJ_Search_NonBrand_BlackFriday_202411;22812.02;3018;113672;83;61346.09;24-11-2024;DKK
HAVEHJ_Search_Brand_Alm_202507;5593.63;1349;24898;23;18547.35;18-07-2025;DKK
HH_Search_NonBrand_Jul_202512;16415.10;2495;43608;59;35432.87;24-12-2025;DKK
Havehjornet_Search_NonBrand_Havesaeson_202306;11304.31;1304;51253;39;25132.01;19-06-2023;DKK
Havehjornet_Search_Brand_Havesaeson_202405_kopi;12771.61;1549;37424;63;30633.08;01-05-2024;DKK
HH_Search_NonBrand_Alm_202507;6379.31;1130;27155;19;11439.70;18-07-2025;DKK
hh_dk_Search_NonBrand_Alm_202208;13006.33;2950;33736;45;25272.41;19-08-2022;DKK
Havehjornet_Search_Brand_Alm_202310;4542.07;829;15326;24;14539.18;26-10-2023;DKK
HAVEHJ_Search_Brand_Alm_202409;8720.84;2176;27765;36;34724.12;10-09-2024;DKK
Havehjornet_Search_Brand_Alm_202310;4982.68;945;30996;20;18800.57;22-10-2023;DKK
HH_Search_Brand_Alm_202310_kopi;4792.75;553;22248;20;12308.06;18-10-2023;DKK
Havehjornet_Search_Brand_Alm_202510;4896.75;644;27211;23;16862.15;03-10-2025;DKK
Havehjornet_Search_NonBrand_Alm_202501_kopi;16196.12;2693;54764;56;42144.20;28-01-2025;DKK
Havehjornet_Search_NonBrand_Alm_202310;8033.27;1417;23101;26;15410.79;19-10-2023;DKK
HH_Search_NonBrand_Havesaeson_202205;32569.69;6281;174830;119;84946.05;22-05-2022;DKK
hh_dk_Search_Brand_Alm_202309;6571.38;1306;39001;33;21158.66;01-09-2023;DKK
HAVEHJ_Search_NonBrand_Jul_202312;15447.04;2956;51561;52;34336.05;30-12-2023;DKK
hh_dk_Search_NonBrand_BlackFriday_202311_kopi;3344.71;677;12096;13;9216.42;12-11-2023;DKK
HH_Search_Brand_Alm_202301;3239.63;405;10542;14;12665.28;07-01-2023;DKK
HH_Search_NonBrand_Havesaeson_202305;18084.82;3159;53396;70;48634.50;09-05-2023;DKK
hh_dk_Search_NonBrand_Alm_202309;15482.68;2155;60680;48;31466.32;10-09-2023;DKK
Havehjornet_Search_NonBrand_Alm_202508;15345.84;1753;64012;53;25975.74;22-08-2025;DKK
HAVEHJ_Search_Brand_Havesaeson_202305;5500.88;1083;35831;24;18306.77;30-05-2023;DKK
Havehjornet_Search_Brand_Alm_202209;6655.98;869;40843;29;26638.24;08-09-2022;DKK
hh_dk_Search_Brand_Havesaeson_202404;8935.21;1703;23867;45;31466.19;28-04-2024;DKK
HH_Search_Brand_Alm_202301;6258.93;1231;17347;26;14249.31;16-01-2023;DKK
hh_dk_Search_NonBrand_Alm_202209;11837.42;2838;35165;46;27208.70;29-09-2022;DKK
hh_dk_Search_Brand_Havesaeson_202205;5717.45;1059;33469;27;18719.91;11-05-2022;DKK
HAVEHJ_Search_NonBrand_BlackFriday_202511;9650.57;1484;43787;28;17399.24;02-11-2025;DKK
HAVEHJ_Search_Brand_Alm_202407;2297.97;259;10552;12;5288.43;10-07-2024;DKK
hh_dk_Search_NonBrand_Alm_202203;8241.16;1669;25335;30;18689.25;26-03-2022;DKK
HAVEHJ_Search_NonBrand_Havesaeson_202406;51842.80;9803;291341;176;120284.16;13-06-2024;DKK
hh_dk_Search_NonBrand_Havesaeson_202306;37012.95;5115;98877;115;78154.12;24-06-2023;DKK
HAVEHJ_Search_NonBrand_Havesaeson_202404;29389.41;5080;161162;95;58221.76;07-04-2024;DKK
hh_dk_Search_Brand_Jul_202212;13590.42;1892;69515;63;51172.63;25-12-2022;DKK
hh_dk_Search_NonBrand_Havesaeson_202406;32106.41;5984;88518;124;69476.26;09-06-2024;DKK
HH_Search_Brand_Alm_202207;3105.71;358;8964;14;8602.30;26-07-2022;DKK
Havehjornet_Search_Brand_Alm_202508;3124.13;459;15757;14;7969.13;31-08-2025;DKK
HH_Search_NonBrand_Alm_202202;19469.37;2470;90405;76;46104.97;28-02-2022;DKK
hh_dk_Search_NonBrand_Alm_202309;7504.42;842;26539;26;16918.75;18-09-2023;DKK
hh_dk_Search_NonBrand_Alm_202507;11287.08;2145;72721;38;22672.92;20-07-2025;DKK
HH_Search_Brand_Alm_202502;2752.29;4005;118694;86;11590.07;12-02-2025;EUR
Havehjornet_Search_NonBrand_BlackFriday_202411_kopi;18606.04;2999;53717;70;32783.42;03-11-2024;DKK
HH_Search_NonBrand_Havesaeson_202306;37062.67;6052;107198;111;83332.42;17-06-2023;DKK
HAVEHJ_Search_Brand_Alm_202502;3224.82;422;9759;17;10102.94;11-02-2025;DKK
hh_dk_Search_NonBrand_Alm_202508;7587.83;860;32664;28;18632.06;30-08-2025;DKK
Havehjornet_Search_NonBrand_Alm_202510;6781.38;792;25834;23;12937.50;13-10-2025;DKK
Havehjornet_Search_Brand_Alm_202401_kopi;3634.76;733;14397;17;11473.64;09-01-2024;DKK
HH_Search_NonBrand_Alm_202209;8714.77;1139;26266;32;21570.26;09-09-2022;DKK
HAVEHJ_Search_Brand_Alm_202501;8903.93;1570;40406;37;25830.29;02-01-2025;DKK
HAVEHJ_Search_NonBrand_BlackFriday_202411;49332.55;5883;149654;155;95849.18;19-11-2024;DKK
hh_dk_Search_NonBrand_Havesaeson_202304_kopi;50559.70;5752;232314;191;93678.17;15-04-2023;DKK
hh_dk_Search_Brand_Jul_202212;7692.92;1097;29569;34;29785.11;15-12-2022;DKK
hh_dk_Search_NonBrand_Havesaeson_202206;4831.65;4525;151023;122;10673.59;26-06-2022;EUR
Havehjornet_Search_NonBrand_Havesaeson_202205;102282.09;19456;300510;326;271652.65;23-05-2022;DKK
hh_dk_Search_NonBrand_Alm_202209_kopi;6881.07;780;18288;20;11706.35;03-09-2022;DKK
HAVEHJ_Search_Brand_Alm_202503;674.91;156;2299;3;1872.08;07-03-2025;DKK
HH_Search_NonBrand_Havesaeson_202504;35605.24;4790;174942;111;80427.12;24-04-2025;DKK
hh_dk_Search_Brand_Alm_202210;5518.18;651;19522;28;15603.07;06-10-2022;DKK
HH_Search_NonBrand_Havesaeson_202206;49831.72;5683;215391;158;113697.08;07-06-2022;DKK
HAVEHJ_Search_NonBrand_Havesaeson_202204;45572.60;7261;127987;152;94941.52;20-04-2022;DKK
HH_Search_Brand_Alm_202210;9960.27;1555;30567;41;25503.90;28-10-2022;DKK
HH_Search_Brand_BlackFriday_202311;9498.01;1291;44968;47;31274.55;17-11-2023;DKK
hh_dk_Search_Brand_Alm_202210;5990.31;773;18946;29;15029.80;21-10-2022;DKK
hh_dk_Search_NonBrand_Alm_202308;2997.34;572;14452;11;6626.05;18-08-2023;DKK
hh_dk_Search_NonBrand_Alm_202303;20719.47;3215;53047;81;38930.82;15-03-2023;DKK
HAVEHJ_Search_Brand_Alm_202301;439.71;570;8815;14;1207.39;10-01-2023;EUR
hh_dk_Search_NonBrand_Jul_202212;15952.30;1805;59802;48;25075.67;12-12-2022;DKK
HH_Search_NonBrand_Alm_202202;3635.90;431;16453;13;7238.39;08-02-2022;DKK
Havehjornet_Search_NonBrand_Havesaeson_202404;92001.38;19519;352222;325;184416.57;10-04-2024;DKK
hh_dk_Search_Brand_Alm_202301;520.11;547;23765;21;1407.33;02-01-2023;EUR
Havehjornet_Search_Brand_Havesaeson_202306;6721.40;786;18894;27;17021.80;26-06-2023;DKK
HH_Search_Brand_Alm_202407;342.32;320;11272;12;957.19;01-07-2024;EUR
HAVEHJ_Search_Brand_Alm_202308;7967.73;1223;42211;42;36322.02;31-08-2023;DKK
HH_Search_Brand_BlackFriday_202311;8781.61;1478;26900;45;22435.00;19-11-2023;DKK
Havehjornet_Search_Brand_Alm_202209;2674.12;2909;69752;97;9057.71;05-09-2022;EUR
hh_dk_Search_Brand_Alm_202301;941.73;1036;28582;32;2055.09;25-01-2023;EUR
HAVEHJ_Search_Brand_Alm_202308;5067.14;1095;18471;25;17091.49;02-08-2023;DKK
HH_Search_Brand_Alm_202409;7965.01;1076;25112;41;22525.67;20-09-2024;DKK
hh_dk_Search_NonBrand_Alm_202407;17001.77;2229;44354;53;34610.15;28-07-2024;DKK
Havehjornet_Search_Brand_Jul_202412;7117.68;1741;31621;34;20657.88;16-12-2024;DKK
hh_dk_Search_Brand_Havesaeson_202506;7121.42;1124;25022;33;20524.10;27-06-2025;DKK
hh_dk_Search_NonBrand_Alm_202301_kopi;5996.26;872;29681;20;12857.25;30-01-2023;DKK
Havehjornet_Search_Brand_Havesaeson_202204;4990.52;597;13477;21;15047.04;22-04-2022;DKK
HH_Search_NonBrand_Alm_202201;5143.24;806;13847;19;10142.78;16-01-2022;DKK
HAVEHJ_Search_Brand_Alm_202308;2035.65;338;6467;10;6450.21;17-08-2023;DKK
hh_dk_Search_NonBrand_BlackFriday_202511_kopi;13321.35;3262;33586;46;31758.87;12-11-2025;DKK
hh_dk_Search_Brand_BlackFriday_202211;8472.36;1060;23424;35;23056.02;28-11-2022;DKK
HH_Search_NonBrand_Alm_202309;1807.74;3167;35707;51;4224.82;28-09-2023;EUR
hh_dk_Search_Brand_Havesaeson_202304_kopi;7443.95;863;20465;39;21928.31;12-04-2023;DKK
HH_Search_Brand_Alm_202409;2670.93;492;11008;13;7667.10;15-09-2024;DKK
HAVEHJ_Search_NonBrand_Alm_202208;10037.57;1171;34354;36;22489.45;24-08-2022;DKK
HH_Search_Brand_Havesaeson_202205;8768.75;1113;41705;36;21922.46;29-05-2022;DKK
hh_dk_Search_Brand_Havesaeson_202404;5072.77;608;18848;22;10502.79;03-04-2024;DKK
HAVEHJ_Search_NonBrand_Alm_202310;2402.21;385;6501;8;5504.04;25-10-2023;DKK
hh_dk_Search_NonBrand_BlackFriday_202311;30019.71;4527;82945;112;72605.79;27-11-2023;DKK
HH_Search_NonBrand_Alm_202503;6818.60;1138;19400;25;13477.46;10-03-2025;DKK
HAVEHJ_Search_Brand_Havesaeson_202306;8440.69;1227;42471;41;20083.24;15-06-2023;DKK
HH_Search_NonBrand_Alm_202203;8681.41;1426;23942;26;17411.34;09-03-2022;DKK
hh_dk_Search_Brand_Havesaeson_202505;3403.59;541;13831;14;12719.52;18-05-2025;DKK
Havehjornet_Search_Brand_Havesaeson_202506;4411.31;889;22302;22;11832.85;19-06-2025;DKK
Havehjornet_Search_Brand_Alm_202208;4044.32;872;11894;16;10575.37;23-08-2022;DKK
HH_Search_NonBrand_Alm_202202;17038.78;2993;76453;49;41020.70;19-02-2022;DKK
HH_Search_NonBrand_Havesaeson_202404;72899.23;10913;204467;256;149336.18;03-04-2024;DKK
HH_Search_Brand_Alm_202408;88.90;136;2222;3;256.73;02-08-2024;EUR
hh_dk_Search_NonBrand_Alm_202401;8861.57;1051;26926;27;17712.53;27-01-2024;DKK
hh_dk_Search_Brand_BlackFriday_202311;9604.41;1409;49641;40;34949.75;15-11-2023;DKK
hh_dk_Search_NonBrand_Alm_202409;9471.53;2029;25938;33;18556.48;29-09-2024;DKK
HAVEHJ_Search_Brand_Havesaeson_202306;5875.89;1214;29746;24;14675.94;24-06-2023;DKK
HH_Search_Brand_Havesaeson_202204;18825.08;2872;112309;76;66351.61;21-04-2022;DKK
hh_dk_Search_Brand_Havesaeson_202404;3503.88;432;9937;18;11965.83;21-04-2024;DKK
hh_dk_Search_Brand_Jul_202212;22153.65;2608;72246;103;81171.79;18-12-2022;DKK
HH_Search_NonBrand_Alm_202203;1875.31;3449;61208;51;4278.26;20-03-2022;EUR
HH_Search_NonBrand_Alm_202503;6433.11;783;18786;23;13708.40;21-03-2025;DKK
HAVEHJ_Search_Brand_Jul_202512;7037.90;1463;35049;29;30665.79;25-12-2025;DKK
HH_Search_NonBrand_Alm_202301;4321.18;516;10955;16;8407.65;21-01-2023;DKK
HAVEHJ_Search_Brand_Alm_202201;2191.06;357;9970;9;8144.80;12-01-2022;DKK
HAVEHJ_Search_Brand_BlackFriday_202311;10878.57;1411;31010;48;32370.32;02-11-2023;DKK
Havehjornet_Search_NonBrand_Alm_202409;12793.20;2758;35741;47;22892.22;17-09-2024;DKK
HH_Search_Brand_Alm_202410;4965.40;818;19829;26;14973.32;01-10-2024;DKK
HH_Search_Brand_Alm_202209;8999.70;2103;43578;40;24404.95;22-09-2022;DKK
HH_Search_Brand_Alm_202407;5899.45;1198;17333;26;16585.61;05-07-2024;DKK
hh_dk_Search_NonBrand_Havesaeson_202405;38742.76;5373;201768;128;93633.14;10-05-2024;DKK
HAVEHJ_Search_Brand_Alm_202309;6094.25;968;23163;27;24190.32;25-09-2023;DKK
hh_dk_Search_NonBrand_Jul_202412;31091.71;7208;85436;120;53421.89;12-12-2024;DKK
HH_Search_NonBrand_BlackFriday_202211;2718.26;3436;96587;60;4821.16;07-11-2022;EUR
Havehjornet_Search_NonBrand_BlackFriday_202311;37816.79;4569;152994;123;68896.43;26-11-2023;DKK
HAVEHJ_Search_Brand_Alm_202302;5109.05;1139;17137;21;13298.67;01-02-2023;DKK
HH_Search_Brand_BlackFriday_202311;8348.63;1090;40568;44;34535.20;14-11-2023;DKK
HH_Search_Brand_Alm_202408;10006.37;1167;28686;54;33907.04;27-08-2024;DKK
hh_dk_Search_Brand_Havesaeson_202205;4059.95;742;17525;18;16337.07;24-05-2022;DKK
hh_dk_Search_Brand_Alm_202508;3632.49;637;16256;17;10656.03;07-08-2025;DKK
HH_Search_NonBrand_Jul_202512;4920.45;795;22198;17;9763.13;01-12-2025;DKK
hh_dk_Search_Brand_Havesaeson_202204;8941.93;1159;33436;47;22450.47;23-04-2022;DKK
HAVEHJ_Search_NonBrand_Alm_202210;13341.36;2261;59271;39;34115.89;15-10-2022;DKK
HH_Search_Brand_Havesaeson_202506;9430.97;1931;25679;38;26056.26;15-06-2025;DKK
HAVEHJ_Search_Brand_Alm_202601;7621.13;1135;45236;41;27938.25;02-01-2026;DKK
Havehjornet_Search_NonBrand_Havesaeson_202404;46032.30;9416;157544;172;100671.57;27-04-2024;DKK
Havehjornet_Search_Brand_Jul_202312;10807.68;1718;33658;48;29281.97;14-12-2023;DKK
HAVEHJ_Search_NonBrand_Alm_202407;21209.20;5293;71466;64;45322.86;17-07-2024;DKK
hh_dk_Search_Brand_Jul_202312;9793.38;1408;40932;44;30606.00;11-12-2023;DKK
HAVEHJ_Search_NonBrand_Havesaeson_202406;69012.20;14808;253442;215;138030.79;06-06-2024;DKK
hh_dk_Search_Brand_Alm_202501;2294.36;549;11307;9;8022.07;20-01-2025;DKK
HH_Search_Brand_Havesaeson_202504;23654.98;3785;69706;109;71292.57;21-04-2025;DKK
hh_dk_Search_Brand_Havesaeson_202505;12529.45;1883;36177;55;51941.18;15-05-2025;DKK
HH_Search_Brand_Alm_202301;4517.42;883;14801;23;15391.84;19-01-2023;DKK
Havehjornet_Search_Brand_BlackFriday_202511;11580.63;1686;35335;48;26415.12;05-11-2025;DKK
HH_Search_Brand_Alm_202401;968.20;1471;21375;36;3224.67;01-01-2024;EUR
Havehjornet_Search_Brand_Alm_202409;10336.38;1359;52327;46;26593.57;22-09-2024;DKK
HH_Search_NonBrand_Jul_202312;41477.05;6339;164498;140;91762.63;16-12-2023;DKK
Havehjornet_Search_NonBrand_Alm_202310;8770.17;1075;25704;33;19603.06;14-10-2023;DKK
Havehjornet_Search_Brand_Havesaeson_202506;14601.23;2027;89142;62;45767.70;04-06-2025;DKK
hh_dk_Search_NonBrand_Havesaeson_202304;23111.06;4996;64591;72;47222.96;11-04-2023;DKK
HAVEHJ_Search_Brand_Alm_202508;7339.44;985;37741;35;19920.66;19-08-2025;DKK
HAVEHJ_Search_Brand_BlackFriday_202511;3873.01;587;11728;21;10047.10;04-11-2025;DKK
Havehjornet_Search_NonBrand_Alm_202307;13771.77;2060;41883;43;41013.61;23-07-2023;DKK
HH_Search_NonBrand_Jul_202512;9188.81;2246;50184;35;19696.57;28-12-2025;DKK
Havehjornet_Search_Brand_Havesaeson_202306;5102.35;855;14134;24;13795.20;05-06-2023;DKK
Havehjornet_Search_Brand_Jul_202212;6329.39;1161;19767;29;17007.06;23-12-2022;DKK
Havehjornet_Search_Brand_Havesaeson_202306;11214.49;1836;64662;61;30318.88;14-06-2023;DKK
hh_dk_Search_NonBrand_Havesaeson_202506_kopi;43056.03;10688;151342;130;82505.02;23-06-2025;DKK
HAVEHJ_Search_NonBrand_Havesaeson_202305;3498.99;4326;120325;92;6082.64;28-05-2023;EUR
HH_Search_Brand_BlackFriday_202411;20176.27;2776;70856;85;50160.53;21-11-2024;DKK
HH_Search_NonBrand_Alm_202309;3981.69;443;12340;14;8704.11;05-09-2023;DKK
HH_Search_NonBrand_Alm_202410;4274.81;710;14062;13;9220.01;12-10-2024;DKK
hh_dk_Search_NonBrand_Alm_202410;20260.03;3930;73421;61;41953.40;26-10-2024;DKK
Havehjornet_Search_Brand_Havesaeson_202505;6874.47;1006;17803;29;19720.66;21-05-2025;DKK
Havehjornet_Search_Brand_Jul_202512;2585.77;321;8733;14;6326.87;17-12-2025;DKK
Havehjornet_Search_Brand_Alm_202510_kopi;12456.87;2355;36687;55;30084.63;20-10-2025;DKK
HAVEHJ_Search_NonBrand_Havesaeson_202206;26745.08;3565;112285;90;50039.30;05-06-2022;DKK
hh_dk_Search_Brand_Havesaeson_202304;3783.82;442;9473;18;9857.98;16-04-2023;DKK
HH_Search_Brand_Alm_202510;4062.69;453;10269;22;12513.55;16-10-2025;DKK
HH_Search_Brand_Havesaeson_202204;432.63;407;15842;15;1118.76;15-04-2022;EUR
HH_Search_Brand_Havesaeson_202405;3110.08;634;11659;13;8118.27;23-05-2024;DKK
hh_dk_Search_Brand_Havesaeson_202304;6664.54;822;17064;29;23200.74;06-04-2023;DKK
Havehjornet_Search_NonBrand_Alm_202408;11342.85;1739;29211;39;21757.10;04-08-2024;DKK
Havehjornet_Search_NonBrand_Alm_202208;8448.69;1768;24655;28;17343.49;15-08-2022;DKK
Havehjornet_Search_Brand_BlackFriday_202311;10797.19;1440;30884;47;28088.44;07-11-2023;DKK
hh_dk_Search_Brand_Alm_202509;923.74;892;35214;31;2102.26;23-09-2025;EUR
hh_dk_Search_NonBrand_Alm_202307_kopi;8717.35;1022;52299;27;22429.34;17-07-2023;DKK
HH_Search_Brand_Alm_202508;4609.73;695;21693;19;14737.99;12-08-2025;DKK
hh_dk_Search_Brand_Alm_202509;4621.99;546;17396;22;11465.49;29-09-2025;DKK
HAVEHJ_Search_NonBrand_Alm_202308;18503.05;3826;48446;57;47200.98;16-08-2023;DKK
HH_Search_NonBrand_Alm_202203;9631.83;1968;47525;28;23918.76;24-03-2022;DKK
hh_dk_Search_NonBrand_Alm_202407;14140.75;2184;35636;41;30556.03;11-07-2024;DKK
Havehjornet_Search_Brand_Havesaeson_202205;11110.78;1363;29093;54;29612.93;07-05-2022;DKK
HH_Search_NonBrand_Alm_202201;12921.32;1920;44362;42;30901.37;20-01-2022;DKK
HAVEHJ_Search_NonBrand_Alm_202307;1565.45;185;8350;6;3337.71;30-07-2023;DKK
hh_dk_Search_NonBrand_Alm_202408;10339.42;1217;65646;33;25271.18;09-08-2024;DKK
HH_Search_Brand_Alm_202201;3939.88;515;16082;16;10037.41;21-01-2022;DKK
HH_Search_Brand_Alm_202201;102.02;115;2085;4;317.49;13-01-2022;EUR
Havehjornet_Search_NonBrand_BlackFriday_202511_kopi;12899.72;1500;34243;41;28194.54;16-11-2025;DKK
HH_Search_Brand_Alm_202201;2309.58;473;9701;12;5652.74;23-01-2022;DKK
Havehjornet_Search_NonBrand_Alm_202210;10964.88;1261;30443;35;21012.84;02-10-2022;DKK
HH_Search_Brand_Alm_202510_kopi;12611.97;2905;66432;53;34987.74;31-10-2025;DKK
HH_Search_NonBrand_Alm_202309;6662.29;818;26059;21;11955.09;15-09-2023;DKK
HH_Search_Brand_Alm_202209;15855.14;1813;55086;75;40405.77;13-09-2022;DKK
Havehjornet_Search_Brand_Havesaeson_202504;5728.72;872;31051;30;15183.64;03-04-2025;DKK
Havehjornet_Search_Brand_BlackFriday_202211;7752.44;1401;49221;36;27873.98;30-11-2022;DKK
HH_Search_NonBrand_Havesaeson_202304;72307.92;16018;260208;228;165717.69;04-04-2023;DKK
Havehjornet_Search_NonBrand_Alm_202308;5918.92;1077;18715;20;12947.80;14-08-2023;DKK
hh_dk_Search_NonBrand_Havesaeson_202505;68886.78;11488;235461;225;145351.84;25-05-2025;DKK
hh_dk_Search_Brand_Alm_202302;9019.79;2020;23860;43;33285.68;27-02-2023;DKK
HH_Search_Brand_Alm_202210;4755.24;1033;13148;24;11097.14;24-10-2022;DKK
HH_Search_Brand_Jul_202512;13111.03;3101;72379;58;30202.53;19-12-2025;DKK
HH_Search_Brand_Alm_202510;2549.86;390;6851;14;8120.16;25-10-2025;DKK
Havehjornet_Search_NonBrand_Alm_202310;14630.05;2163;40039;47;33103.87;01-10-2023;DKK
hh_dk_Search_Brand_Havesaeson_202506;15294.29;3188;84213;64;45514.54;11-06-2025;DKK
Havehjornet_Search_Brand_Alm_202208;566.70;707;10933;18;1591.18;15-08-2022;EUR
Havehjornet_Search_Brand_BlackFriday_202511;10364.30;2363;29009;56;31177.60;08-11-2025;DKK
HH_Search_NonBrand_Alm_202203;24963.97;3190;134121;79;59575.61;17-03-2022;DKK
hh_dk_Search_NonBrand_Alm_202502;15084.00;1749;38107;53;41867.96;07-02-2025;DKK
HAVEHJ_Search_NonBrand_Jul_202312;9797.20;1999;33152;34;20869.43;10-12-2023;DKK
HH_Search_Brand_Jul_202212;12594.57;1560;40345;57;46930.94;16-12-2022;DKK
HAVEHJ_Search_NonBrand_Alm_202410;5454.91;706;14539;18;10665.25;21-10-2024;DKK
Havehjornet_Search_NonBrand_Havesaeson_202206;2436.43;2987;63588;61;6985.72;29-06-2022;EUR
HAVEHJ_Search_NonBrand_Havesaeson_202306;5428.76;9220;201608;117;9840.48;30-06-2023;EUR
HAVEHJ_Search_Brand_Havesaeson_202504;9600.35;1530;60834;45;30865.43;17-04-2025;DKK
HH_Search_Brand_Alm_202409_kopi;6378.86;722;24278;31;15336.31;23-09-2024;DKK
HAVEHJ_Search_NonBrand_Alm_202507_kopi;12833.67;1538;47544;49;25909.23;08-07-2025;DKK
hh_dk_Search_Brand_Alm_202202;6193.94;1361;26083;26;19792.62;21-02-2022;DKK
hh_dk_Search_Brand_Alm_202208_kopi;5712.42;829;27037;25;16773.23;12-08-2022;DKK
Havehjornet_Search_NonBrand_Alm_202403;9124.78;1552;24394;33;20019.62;14-03-2024;DKK
HH_Search_NonBrand_Havesaeson_202306;26345.89;4026;141423;96;60737.85;18-06-2023;DKK
hh_dk_Search_NonBrand_Jul_202212;66882.64;7845;364506;209;112184.60;01-12-2022;DKK
HH_Search_NonBrand_Alm_202201;3308.29;607;13808;12;6315.48;07-01-2022;DKK
Havehjornet_Search_Brand_Alm_202502;6129.86;852;29410;27;18096.87;05-02-2025;DKK
HH_Search_Brand_Alm_202408;5171.48;662;26903;23;14560.75;31-08-2024;DKK
HAVEHJ_Search_Brand_Alm_202409;8121.43;1786;34479;34;20183.84;26-09-2024;DKK
Havehjornet_Search_NonBrand_Jul_202512;1039.44;1397;28998;30;2476.09;29-12-2025;EUR
HH_Search_Brand_Alm_202503;3431.79;395;11574;14;13701.26;01-03-2025;DKK
hh_dk_Search_NonBrand_Alm_202501;11182.50;1772;70689;33;24843.86;27-01-2025;DKK
hh_dk_Search_Brand_Alm_202502;10334.01;2248;31976;51;37838.68;14-02-2025;DKK
HH_Search_Brand_Alm_202502;11922.07;1695;56577;53;36254.62;08-02-2025;DKK
HH_Search_NonBrand_Alm_202501;3149.90;566;12958;10;4707.57;14-01-2025;DKK
HAVEHJ_Search_Brand_Alm_202502;15590.47;3103;67186;65;52402.94;21-02-2025;DKK
Havehjornet_Search_NonBrand_Alm_202209;6511.53;1257;29289;24;15819.12;02-09-2022;DKK
HH_Search_Brand_Alm_202410;7138.46;993;18819;36;21449.92;07-10-2024;DKK
HAVEHJ_Search_Brand_Alm_202403;2400.42;554;11510;10;6940.19;13-03-2024;DKK
hh_dk_Search_Brand_Havesaeson_202206;13291.33;1654;48906;60;44342.83;02-06-2022;DKK
hh_dk_Search_Brand_Jul_202212;5252.49;965;15076;26;14759.58;02-12-2022;DKK
HAVEHJ_Search_NonBrand_Alm_202201;9250.96;1881;40008;29;19045.78;06-01-2022;DKK
Havehjornet_Search_NonBrand_Alm_202510;11976.24;2042;62896;40;32279.81;27-10-2025;DKK
HH_Search_NonBrand_Havesaeson_202305;66072.07;7903;401550;191;125862.51;25-05-2023;DKK
HAVEHJ_Search_Brand_Alm_202510;9795.16;1663;46483;44;33946.68;24-10-2025;DKK
hh_dk_Search_Brand_BlackFriday_202311;5916.76;1296;15093;32;19717.16;20-11-2023;DKK
hh_dk_Search_NonBrand_Alm_202401;11875.38;2720;36253;40;28379.81;08-01-2024;DKK
Havehjornet_Search_Brand_Havesaeson_202405;10713.00;1246;28916;49;25874.40;13-05-2024;DKK
HAVEHJ_Search_NonBrand_Havesaeson_202506;19392.98;3569;99275;64;40078.17;30-06-2025;DKK
Havehjornet_Search_Brand_Alm_202208;14678.30;3283;50049;71;45025.31;22-08-2022;DKK
HAVEHJ_Search_Brand_Havesaeson_202405;1696.32;2462;38375;60;5192.01;05-05-2024;EUR
HAVEHJ_Search_Brand_Alm_202407;1011.99;122;4828;5;2634.70;25-07-2024;DKK
HAVEHJ_Search_NonBrand_Alm_202507;16600.88;2470;45048;57;45897.30;04-07-2025;DKK
hh_dk_Search_Brand_Alm_202303;2229.90;502;7677;11;6919.84;17-03-2023;DKK
HAVEHJ_Search_NonBrand_Alm_202201;802.50;1396;29116;20;1740.05;13-01-2022;EUR
HH_Search_Brand_Havesaeson_202506;1072.85;1789;23558;34;3079.07;22-06-2025;EUR
HH_Search_NonBrand_Alm_202307;8175.42;12450;178055;232;14477.81;02-07-2023;EUR
HAVEHJ_Search_Brand_Jul_202212;575.42;507;15492;18;2202.69;09-12-2022;EUR
HH_Search_NonBrand_Alm_202508;9821.29;1504;53970;31;18144.67;05-08-2025;DKK
HH_Search_Brand_Havesaeson_202306;1403.36;1261;61726;49;4280.13;06-06-2023;EUR
HH_Search_NonBrand_Jul_202412;9328.40;1966;46988;27;20583.03;23-12-2024;DKK
hh_dk_Search_NonBrand_Alm_202601;7962.01;1748;28945;25;15781.71;02-01-2026;DKK
Havehjornet_Search_Brand_Alm_202310_kopi;4385.08;594;15020;24;15107.84;15-10-2023;DKK
HAVEHJ_Search_NonBrand_Havesaeson_202306;63401.02;7961;160798;234;144379.95;01-06-2023;DKK
Havehjornet_Search_NonBrand_Havesaeson_202504;27683.13;3103;82362;92;67967.59;06-04-2025;DKK
HAVEHJ_Search_NonBrand_Havesaeson_202406;36864.94;5428;180233;106;89411.43;28-06-2024;DKK
hh_dk_Search_Brand_Havesaeson_202405;8218.02;1425;25190;39;22163.78;31-05-2024;DKK
HAVEHJ_Search_Brand_Alm_202201;323.67;486;10720;11;832.55;29-01-2022;EUR
hh_dk_Search_NonBrand_Alm_202303_kopi;1944.19;1706;81610;53;4570.54;10-03-2023;EUR
HH_Search_NonBrand_BlackFriday_202311;14606.96;1714;41550;49;32272.51;14-11-2023;DKK
Havehjornet_Search_NonBrand_Havesaeson_202404;37513.41;8002;106205;138;91887.14;09-04-2024;DKK
HH_Search_NonBrand_Alm_202501;15559.52;3249;61056;46;34972.02;31-01-2025;DKK
HAVEHJ_Search_NonBrand_Alm_202209;3763.31;559;10762;12;8589.29;08-09-2022;DKK
HAVEHJ_Search_Brand_Alm_202302;6776.42;1132;42158;30;23716.26;20-02-2023;DKK
hh_dk_Search_Brand_Alm_202502;14125.91;2084;53038;58;39610.29;15-02-2025;DKK
hh_dk_Search_NonBrand_Alm_202201;9581.81;1278;25861;29;22171.81;25-01-2022;DKK
Havehjornet_Search_Brand_Alm_202207;4810.76;1094;31139;20;12969.86;24-07-2022;DKK
Havehjornet_Search_Brand_Havesaeson_202504;6578.86;958;31477;30;16184.46;11-04-2025;DKK
hh_dk_Search_NonBrand_Alm_202401;4266.97;816;12045;15;7181.85;19-01-2024;DKK
Havehjornet_Search_Brand_Alm_202301;4885.65;656;16738;20;14453.95;23-01-2023;DKK
HH_Search_Brand_Alm_202210;7210.66;1011;43893;32;24383.88;05-10-2022;DKK
Havehjornet_Search_Brand_Alm_202202;6431.89;989;17574;31;18232.68;14-02-2022;DKK
hh_dk_Search_Brand_Alm_202510_kopi;6005.84;1096;39895;32;18180.46;10-10-2025;DKK
Havehjornet_Search_Brand_Alm_202308;2515.14;303;6753;11;8609.64;22-08-2023;DKK
HH_Search_Brand_Havesaeson_202506;1244.89;1270;37415;45;3505.90;23-06-2025;EUR
HH_Search_NonBrand_Havesaeson_202504;52662.78;8944;184189;158;123607.07;14-04-2025;DKK
HAVEHJ_Search_Brand_Alm_202401;4986.74;595;26489;21;12661.29;05-01-2024;DKK
Havehjornet_Search_Brand_Jul_202412;9626.64;1121;46339;52;27911.73;25-12-2024;DKK
Havehjornet_Search_Brand_Alm_202303;775.52;661;14512;26;2060.56;23-03-2023;EUR
HAVEHJ_Search_Brand_BlackFriday_202211;7860.42;1228;21694;38;25308.19;07-11-2022;DKK
hh_dk_Search_Brand_Alm_202202;12259.84;2545;32993;54;33689.12;07-02-2022;DKK
hh_dk_Search_NonBrand_Alm_202402;5876.44;1106;20063;21;13317.76;13-02-2024;DKK
HAVEHJ_Search_Brand_Havesaeson_202305;10363.55;2266;33739;44;26692.67;24-05-2023;DKK
HH_Search_NonBrand_Havesaeson_202505;85106.02;20166;232541;265;219399.96;17-05-2025;DKK
Havehjornet_Search_Brand_Havesaeson_202205;12470.27;2265;53907;61;45161.57;06-05-2022;DKK
hh_dk_Search_Brand_Alm_202210;4408.83;1009;19240;23;14151.66;13-10-2022;DKK
HAVEHJ_Search_Brand_Havesaeson_202204;2343.15;412;12352;10;7251.28;02-04-2022;DKK
HAVEHJ_Search_NonBrand_Alm_202209;9737.94;2030;47781;30;19828.06;18-09-2022;DKK
Havehjornet_Search_Brand_Havesaeson_202206_kopi;15049.52;1731;91161;77;47184.89;01-06-2022;DKK
Havehjornet_Search_Brand_Havesaeson_202504;4071.22;824;22846;17;11809.81;06-04-2025;DKK
HH_Search_NonBrand_Havesaeson_202204;74427.71;12326;210487;230;136680.48;28-04-2022;DKK
Havehjornet_Search_NonBrand_Alm_202202;13305.07;1794;85696;49;26962.35;11-02-2022;DKK
HH_Search_Brand_Alm_202203;6425.77;883;21329;32;17389.62;14-03-2022;DKK
HH_Search_Brand_Havesaeson_202505;4606.56;528;29642;25;11022.01;01-05-2025;DKK
hh_dk_Search_NonBrand_Havesaeson_202306;44445.79;7409;121360;168;73567.50;20-06-2023;DKK
Havehjornet_Search_NonBrand_Alm_202201;3815.66;447;23464;12;9070.24;05-01-2022;DKK
hh_dk_Search_NonBrand_Alm_202307;1312.31;1110;26055;35;2339.80;19-07-2023;EUR
Havehjornet_Search_Brand_Havesaeson_202406;7727.10;1064;26489;39;28426.57;25-06-2024;DKK
Havehjornet_Search_Brand_Havesaeson_202504;2515.31;346;7129;12;8852.73;23-04-2025;DKK
hh_dk_Search_NonBrand_Havesaeson_202505;3839.25;6049;160802;103;8881.83;01-05-2025;EUR
Havehjornet_Search_Brand_Alm_202209;3066.03;530;8604;12;7874.84;26-09-2022;DKK
hh_dk_Search_Brand_Alm_202401;5114.13;983;25214;24;14674.45;11-01-2024;DKK
Havehjornet_Search_Brand_Havesaeson_202206;7267.56;877;24312;39;18137.72;07-06-2022;DKK
Havehjornet_Search_Brand_Alm_202410;722.15;1284;22422;28;2409.33;13-10-2024;EUR
HH_Search_Brand_Alm_202209;3779.53;589;11752;17;9908.73;03-09-2022;DKK
HAVEHJ_Search_Brand_Jul_202312;7016.53;1455;28766;28;24331.80;25-12-2023;DKK
HH_Search_NonBrand_Alm_202501;529.10;818;10273;15;1254.94;08-01-2025;EUR
Havehjornet_Search_Brand_Alm_202309;12417.41;2009;68305;62;39741.78;26-09-2023;DKK
hh_dk_Search_Brand_BlackFriday_202311;9387.86;1663;30093;51;25506.82;22-11-2023;DKK
HAVEHJ_Search_NonBrand_Alm_202503;1386.20;1611;43313;33;2135.01;13-03-2025;EUR
HAVEHJ_Search_Brand_Alm_202409;6204.85;825;21389;31;16355.69;11-09-2024;DKK
HH_Search_Brand_Alm_202401_kopi;6876.13;765;37962;32;18695.10;13-01-2024;DKK
HH_Search_Brand_Havesaeson_202404;4176.71;998;19532;17;11859.45;25-04-2024;DKK
Havehjornet_Search_NonBrand_Havesaeson_202504;57280.75;9860;184360;174;113645.88;28-04-2025;DKK
Havehjornet_Search_Brand_Alm_202208;4347.26;523;13655;21;13807.97;31-08-2022;DKK
HH_Search_NonBrand_Alm_202402;8101.11;1357;32881;28;18388.99;28-02-2024;DKK
HAVEHJ_Search_Brand_Alm_202202;5655.61;1020;20897;30;21999.99;06-02-2022;DKK
hh_dk_Search_Brand_Alm_202203;10507.24;1603;29970;47;31039.89;10-03-2022;DKK
Havehjornet_Search_NonBrand_Havesaeson_202405;46573.18;5226;118247;161;104940.62;05-05-2024;DKK
HAVEHJ_Search_Brand_Alm_202410_kopi;7508.14;1807;24728;33;25069.53;03-10-2024;DKK
HH_Search_Brand_Alm_202509;2697.87;319;6940;13;8589.02;19-09-2025;DKK
Havehjornet_Search_NonBrand_Alm_202508;12463.96;1480;39032;40;24164.87;24-08-2025;DKK
HH_Search_Brand_Alm_202501;4821.77;942;16992;24;16993.82;10-01-2025;DKK
HAVEHJ_Search_NonBrand_BlackFriday_202511;30605.95;3568;143324;90;62432.70;27-11-2025;DKK
Havehjornet_Search_NonBrand_Alm_202308;5457.96;991;24760;19;13503.95;04-08-2023;DKK
Havehjornet_Search_Brand_Jul_202212;11403.58;2568;52559;61;33536.07;04-12-2022;DKK
Havehjornet_Search_NonBrand_BlackFriday_202211;20088.25;2396;60402;60;44483.80;26-11-2022;DKK
hh_dk_Search_Brand_Alm_202409;5112.08;787;28562;21;19331.00;28-09-2024;DKK
HH_Search_NonBrand_BlackFriday_202411;744.45;711;28143;16;1773.72;25-11-2024;EUR
Havehjornet_Search_NonBrand_Alm_202501;10370.65;1202;35112;33;22043.75;19-01-2025;DKK
HH_Search_NonBrand_Alm_202403_kopi;10545.76;1273;61285;38;19909.40;18-03-2024;DKK
hh_dk_Search_NonBrand_Alm_202509;9431.12;1848;56899;29;14898.32;04-09-2025;DKK
Havehjornet_Search_Brand_Alm_202310_kopi;541.68;688;15682;21;2222.39;17-10-2023;EUR
HH_Search_NonBrand_Havesaeson_202505;7146.75;9485;208428;195;17229.02;09-05-2025;EUR
HH_Search_NonBrand_Alm_202309;19557.07;2364;52707;61;41787.30;14-09-2023;DKK
Havehjornet_Search_NonBrand_Alm_202510;13593.88;1619;44150;49;25691.72;31-10-2025;DKK
Havehjornet_Search_NonBrand_Alm_202210;10128.06;2172;34688;37;21584.37;24-10-2022;DKK
HAVEHJ_Search_Brand_Alm_202201;3645.92;483;17781;16;8358.47;10-01-2022;DKK
HAVEHJ_Search_Brand_Alm_202207;6465.97;1180;18282;29;24450.92;15-07-2022;DKK
HH_Search_NonBrand_Havesaeson_202505;31029.34;5688;101924;103;78853.19;13-05-2025;DKK
hh_dk_Search_NonBrand_Alm_202302;711.47;1176;16976;17;1876.42;13-02-2023;EUR
hh_dk_Search_Brand_BlackFriday_202211;5235.97;1111;25082;26;16739.18;25-11-2022;DKK
Havehjornet_Search_NonBrand_Havesaeson_202305;38371.89;5482;133055;114;73866.79;18-05-2023;DKK
Havehjornet_Search_NonBrand_BlackFriday_202411;57434.54;12544;251309;167;178078.62;22-11-2024;DKK
HH_Search_Brand_Jul_202412;11979.76;2632;40821;61;32976.80;11-12-2024;DKK
hh_dk_Search_NonBrand_Havesaeson_202304;46269.94;5289;125533;138;107189.48;20-04-2023;DKK
hh_dk_Search_Brand_Alm_202507;4294.42;1021;15460;18;9164.87;29-07-2025;DKK
HH_Search_Brand_Havesaeson_202505;5108.01;574;27279;25;15078.38;28-05-2025;DKK
hh_dk_Search_Brand_Alm_202202;8059.90;1409;43952;33;27534.97;22-02-2022;DKK
HH_Search_NonBrand_Havesaeson_202404;45236.30;9868;115152;141;119182.14;15-04-2024;DKK
Havehjornet_Search_NonBrand_Alm_202510;6162.15;1266;16252;20;12225.32;05-10-2025;DKK
Havehjornet_Search_Brand_Havesaeson_202406;3901.89;671;10540;16;8111.73;13-06-2024;DKK
hh_dk_Search_NonBrand_Alm_202403;7163.51;862;22605;22;9986.61;19-03-2024;DKK
Havehjornet_Search_NonBrand_Havesaeson_202204;13769.31;2161;63209;44;31410.30;30-04-2022;DKK
Havehjornet_Search_NonBrand_Alm_202401;1242.96;1076;33441;33;2767.45;03-01-2024;EUR
HAVEHJ_Search_Brand_Jul_202412;12288.93;2647;47762;64;37940.55;07-12-2024;DKK
HH_Search_NonBrand_Jul_202512;9805.76;1639;40239;32;23422.16;05-12-2025;DKK
HH_Search_Brand_BlackFriday_202411;5498.50;684;13997;26;14627.55;20-11-2024;DKK
HH_Search_Brand_Alm_202502;3147.74;369;14710;16;8574.27;25-02-2025;DKK
hh_dk_Search_NonBrand_Havesaeson_202205;32607.87;3967;159275;98;91189.41;01-05-2022;DKK
HAVEHJ_Search_Brand_Alm_202209;7335.21;1099;20728;34;22119.00;28-09-2022;DKK
HAVEHJ_Search_NonBrand_Alm_202408;3959.72;560;16498;14;9274.94;24-08-2024;DKK
hh_dk_Search_NonBrand_BlackFriday_202211;4568.56;549;24242;16;9425.03;02-11-2022;DKK
HAVEHJ_Search_NonBrand_Alm_202401;3580.93;826;12329;12;6617.87;12-01-2024;DKK
HAVEHJ_Search_Brand_Havesaeson_202406;8539.51;1373;54207;41;26189.35;16-06-2024;DKK
hh_dk_Search_Brand_Alm_202208;4876.03;561;21941;25;15146.94;02-08-2022;DKK
HH_Search_Brand_Alm_202501;9965.62;1298;44247;53;37960.65;11-01-2025;DKK
HH_Search_Brand_Alm_202508;1446.73;218;5904;8;5067.29;01-08-2025;DKK
HH_Search_NonBrand_Alm_202509;5982.99;988;25131;19;11584.19;25-09-2025;DKK
HH_Search_NonBrand_Jul_202312;17582.93;2434;69506;55;35746.73;15-12-2023;DKK
HH_Search_Brand_Havesaeson_202205;12738.83;2365;34537;63;43319.24;08-05-2022;DKK
HAVEHJ_Search_NonBrand_BlackFriday_202311;13311.69;2300;67614;42;37338.68;10-11-2023;DKK
Havehjornet_Search_NonBrand_Alm_202202;20884.90;2743;86726;63;32567.31;09-02-2022;DKK
hh_dk_Search_Brand_Alm_202307;10906.42;2498;37703;46;28538.37;03-07-2023;DKK
hh_dk_Search_NonBrand_Alm_202208;7580.71;998;35157;27;12456.74;06-08-2022;DKK
HH_Search_NonBrand_Alm_202407_kopi;6967.64;939;23402;21;11558.66;13-07-2024;DKK
HAVEHJ_Search_Brand_Alm_202403;3080.94;558;10992;15;10096.13;25-03-2024;DKK
HAVEHJ_Search_NonBrand_Alm_202410;7064.02;1160;18174;21;14831.69;22-10-2024;DKK
HAVEHJ_Search_Brand_Alm_202407;2811.24;319;8814;12;9711.77;28-07-2024;DKK
Havehjornet_Search_Brand_Alm_202510;9113.43;2275;36186;37;26956.67;27-10-2025;DKK
HH_Search_NonBrand_Alm_202307;4437.27;519;20784;14;8304.02;26-07-2023;DKK
Havehjornet_Search_NonBrand_BlackFriday_202211;36631.81;6829;203197;125;78911.35;28-11-2022;DKK
Havehjornet_Search_Brand_Jul_202512;8316.27;1135;33127;38;24295.91;15-12-2025;DKK
HAVEHJ_Search_NonBrand_Alm_202207_kopi;8589.65;2118;52110;25;18332.44;08-07-2022;DKK
HAVEHJ_Search_NonBrand_Alm_202510;7058.86;1088;27314;24;18341.07;01-10-2025;DKK
Havehjornet_Search_NonBrand_Alm_202207_kopi;16182.45;2369;101583;55;41001.64;18-07-2022;DKK
HAVEHJ_Search_NonBrand_Havesaeson_202506;16076.53;2494;65461;61;34550.66;03-06-2025;DKK
HH_Search_NonBrand_Alm_202308;14495.73;3208;38754;45;25967.93;22-08-2023;DKK
HH_Search_Brand_Alm_202410;6265.61;1068;34935;32;17376.75;21-10-2024;DKK
HAVEHJ_Search_Brand_Alm_202307;2565.59;344;16667;12;6380.74;22-07-2023;DKK
Havehjornet_Search_NonBrand_Alm_202310;4421.90;988;14436;17;8732.50;06-10-2023;DKK
hh_dk_Search_Brand_Alm_202401;6143.31;774;35058;26;18737.80;19-01-2024;DKK
HAVEHJ_Search_Brand_Jul_202412;2774.12;321;10842;13;7591.28;28-12-2024;DKK
HAVEHJ_Search_NonBrand_Havesaeson_202205;51429.18;7199;159214;159;94147.74;09-05-2022;DKK
HAVEHJ_Search_NonBrand_Alm_202209;7875.50;1071;37662;24;20312.36;25-09-2022;DKK
HAVEHJ_Search_Brand_Alm_202401;2384.24;441;6731;11;5670.35;22-01-2024;DKK
Havehjornet_Search_Brand_Alm_202207;4074.54;851;21374;17;10481.88;02-07-2022;DKK
Havehjornet_Search_Brand_Alm_202310;620.49;571;27777;19;1482.47;12-10-2023;EUR
hh_dk_Search_NonBrand_Alm_202509;22641.62;3802;63800;72;62487.39;16-09-2025;DKK
hh_dk_Search_NonBrand_Alm_202510;19796.16;2202;55546;58;45534.54;12-10-2025;DKK
Havehjornet_Search_NonBrand_Alm_202409;9071.59;1335;43921;31;18356.34;23-09-2024;DKK
Havehjornet_Search_NonBrand_Alm_202308;2795.40;345;7867;8;5557.55;26-08-2023;DKK
hh_dk_Search_NonBrand_Alm_202202;8371.33;1006;43251;32;20505.29;15-02-2022;DKK
Havehjornet_Search_Brand_Alm_202309;16548.07;2205;53586;81;56072.51;15-09-2023;DKK
HAVEHJ_Search_Brand_Alm_202201;15616.30;2128;40041;82;52112.75;05-01-2022;DKK
HAVEHJ_Search_Brand_Alm_202310;1253.76;292;3783;7;3485.32;04-10-2023;DKK
HH_Search_NonBrand_Alm_202410;1287.94;1086;33882;29;2471.78;20-10-2024;EUR
HH_Search_NonBrand_Havesaeson_202206;3345.89;2896;82494;86;7962.87;16-06-2022;EUR
hh_dk_Search_NonBrand_Havesaeson_202505;45450.57;5757;118945;164;74115.48;08-05-2025;DKK
Havehjornet_Search_Brand_Havesaeson_202304;5484.62;1148;17769;28;15017.95;24-04-2023;DKK
HAVEHJ_Search_Brand_Alm_202401;11598.36;1471;35951;51;30914.77;07-01-2024;DKK
HH_Search_Brand_Jul_202312;17948.53;2308;59869;86;44748.46;01-12-2023;DKK
HH_Search_Brand_Alm_202210;704.03;744;26617;22;1968.29;02-10-2022;EUR
HAVEHJ_Search_Brand_Alm_202209;9766.29;2205;24875;43;27446.37;01-09-2022;DKK
HH_Search_NonBrand_Alm_202207;29902.51;6534;198775;88;65707.09;06-07-2022;DKK
HH_Search_Brand_Havesaeson_202305;11633.65;1658;47138;55;30834.70;01-05-2023;DKK
HH_Search_Brand_Alm_202503;5094.03;629;33106;28;13602.24;12-03-2025;DKK
Havehjornet_Search_Brand_Havesaeson_202205;7644.15;1445;19393;37;20532.08;23-05-2022;DKK
HAVEHJ_Search_Brand_Alm_202507;2370.18;267;8322;12;6983.30;02-07-2025;DKK
HAVEHJ_Search_Brand_Havesaeson_202404;1373.99;1204;63868;48;5570.83;17-04-2024;EUR
hh_dk_Search_Brand_BlackFriday_202411;15507.51;2827;89856;71;57402.46;09-11-2024;DKK
HAVEHJ_Search_NonBrand_Alm_202402_kopi;6597.05;810;26697;22;12299.32;07-02-2024;DKK
Havehjornet_Search_Brand_Alm_202210;6852.96;1328;41600;31;22196.54;17-10-2022;DKK
HH_Search_Brand_Alm_202201_kopi;8783.60;1520;27891;42;32401.20;09-01-2022;DKK
Havehjornet_Search_Brand_Alm_202503;4548.21;1068;17699;18;11769.37;30-03-2025;DKK
hh_dk_Search_Brand_Alm_202203;4428.91;517;15886;20;14991.92;22-03-2022;DKK
HAVEHJ_Search_NonBrand_Havesaeson_202306;64398.42;8479;196341;224;152943.87;21-06-2023;DKK
HH_Search_NonBrand_Alm_202309;19087.67;4123;89937;67;43707.47;02-09-2023;DKK
HAVEHJ_Search_Brand_Alm_202301;4710.65;605;13345;19;11672.49;09-01-2023;DKK
HH_Search_Brand_Jul_202512;262.28;379;6833;10;822.13;08-12-2025;EUR
hh_dk_Search_NonBrand_Havesaeson_202205_kopi;32636.62;3901;188247;101;90681.89;05-05-2022;DKK
Havehjornet_Search_NonBrand_BlackFriday_202211;49980.21;5575;189791;171;84646.38;29-11-2022;DKK
HAVEHJ_Search_NonBrand_Alm_202209;7424.10;831;44626;27;12277.01;28-09-2022;DKK
Havehjornet_Search_Brand_Alm_202401;9666.19;1120;24388;45;27393.66;31-01-2024;DKK
hh_dk_Search_Brand_Alm_202502;9205.70;1683;25584;50;33116.07;13-02-2025;DKK
HH_Search_NonBrand_Havesaeson_202305;36763.12;4852;162562;114;60190.38;03-05-2023;DKK
HAVEHJ_Search_Brand_Jul_202412_kopi;10276.69;1474;26239;45;32656.21;05-12-2024;DKK
hh_dk_Search_Brand_Alm_202407_kopi;405.23;366;13472;15;1266.62;31-07-2024;EUR
HAVEHJ_Search_Brand_Havesaeson_202305_kopi;7680.56;1384;25477;34;19313.13;17-05-2023;DKK
HAVEHJ_Search_Brand_Havesaeson_202305;10577.71;1619;45791;45;37713.95;25-05-2023;DKK
hh_dk_Search_Brand_Havesaeson_202306;18806.32;4561;65248;82;60412.33;17-06-2023;DKK
HH_Search_Brand_Alm_202402;4211.91;545;14693;19;11735.18;25-02-2024;DKK
hh_dk_Search_Brand_Alm_202509;869.69;1238;32845;27;2715.08;28-09-2025;EUR
hh_dk_Search_Brand_Havesaeson_202205;10237.03;1499;32424;54;33224.71;18-05-2022;DKK
HH_Search_NonBrand_Havesaeson_202204;21307.30;4885;59921;76;49355.65;02-04-2022;DKK
Havehjornet_Search_Brand_BlackFriday_202211;11996.05;2398;41968;63;36869.66;15-11-2022;DKK
hh_dk_Search_NonBrand_Havesaeson_202506;17170.63;3505;72581;57;38207.53;04-06-2025;DKK
hh_dk_Search_Brand_Alm_202201;566.57;688;14513;18;1439.45;19-01-2022;EUR
Havehjornet_Search_NonBrand_Alm_202310;2172.50;2024;44563;56;4550.11;05-10-2023;EUR
Havehjornet_Search_NonBrand_Alm_202308;9595.54;1653;55395;32;17754.91;13-08-2023;DKK
HH_Search_NonBrand_Alm_202303;12173.36;1465;37476;45;24742.74;24-03-2023;DKK
HAVEHJ_Search_Brand_Alm_202302;3278.64;753;8508;15;8776.81;13-02-2023;DKK
HH_Search_Brand_Alm_202507;2715.98;308;15082;14;7610.93;16-07-2025;DKK
hh_dk_Search_NonBrand_BlackFriday_202211;23339.71;3468;84757;91;53557.95;06-11-2022;DKK
HAVEHJ_Search_Brand_Alm_202401;6369.05;868;16735;28;21559.25;16-01-2024;DKK
hh_dk_Search_NonBrand_BlackFriday_202311_kopi;21199.24;4339;65204;62;56596.93;25-11-2023;DKK
hh_dk_Search_Brand_Jul_202312;8874.04;1871;36997;45;27237.38;23-12-2023;DKK
Havehjornet_Search_NonBrand_Alm_202510;11171.00;1376;32623;36;21541.97;03-10-2025;DKK
hh_dk_Search_NonBrand_Alm_202301;10196.61;1932;60545;40;20371.81;19-01-2023;DKK
HAVEHJ_Search_NonBrand_Alm_202408;17986.94;2900;45256;68;33476.88;06-08-2024;DKK
Havehjornet_Search_NonBrand_Alm_202402;15527.09;2086;86130;58;34850.41;14-02-2024;DKK
HAVEHJ_Search_NonBrand_Alm_202409;16140.88;2806;72006;50;29143.59;06-09-2024;DKK
HAVEHJ_Search_Brand_Havesaeson_202206;3793.68;578;14844;16;14847.66;29-06-2022;DKK
Havehjornet_Search_Brand_Havesaeson_202505;13843.56;2161;38165;67;35391.00;14-05-2025;DKK
HAVEHJ_Search_NonBrand_Alm_202408;2882.45;476;10252;10;5436.55;25-08-2024;DKK
HH_Search_Brand_Havesaeson_202304;6072.58;857;17662;28;19149.25;13-04-2023;DKK
HAVEHJ_Search_NonBrand_Alm_202303;10002.27;1684;30700;36;18039.56;22-03-2023;DKK
hh_dk_Search_NonBrand_Havesaeson_202405;4081.41;3838;86699;99;9388.50;31-05-2024;EUR
HH_Search_Brand_Alm_202210_kopi;4627.58;1040;25602;20;13685.55;04-10-2022;DKK
hh_dk_Search_Brand_Havesaeson_202305_kopi;10024.13;1169;27996;46;37760.73;06-05-2023;DKK
HAVEHJ_Search_Brand_Alm_202309;4465.36;599;19368;18;13287.74;16-09-2023;DKK
HH_Search_Brand_Havesaeson_202204_kopi;208.35;195;5754;7;703.97;07-04-2022;EUR
hh_dk_Search_NonBrand_Alm_202301;1169.34;1025;48795;26;2771.18;07-01-2023;EUR
HH_Search_Brand_Alm_202502;6507.64;984;18971;31;17273.10;10-02-2025;DKK
HAVEHJ_Search_NonBrand_Alm_202203;8265.80;1401;34067;24;20310.52;08-03-2022;DKK
HH_Search_NonBrand_Alm_202508_kopi;1966.45;2805;53978;49;3495.42;03-08-2025;EUR
HAVEHJ_Search_Brand_Havesaeson_202306;584.49;638;13553;21;1861.25;12-06-2023;EUR
hh_dk_Search_NonBrand_Alm_202203;3253.08;3547;88138;89;7025.01;29-03-2022;EUR
HAVEHJ_Search_NonBrand_Jul_202412;7322.10;951;24445;26;16360.19;02-12-2024;DKK
hh_dk_Search_NonBrand_Havesaeson_202505;19266.23;2992;74029;58;42432.39;19-05-2025;DKK
hh_dk_Search_Brand_Havesaeson_202304;3171.32;359;13179;13;8848.82;08-04-2023;DKK
hh_dk_Search_NonBrand_Havesaeson_202504;109471.68;17698;559807;398;241988.24;12-04-2025;DKK
hh_dk_Search_NonBrand_Havesaeson_202304;133101.09;21113;417601;401;243865.33;27-04-2023;DKK
Havehjornet_Search_Brand_Alm_202310;4917.07;559;17388;21;17804.98;31-10-2023;DKK
Havehjornet_Search_Brand_Jul_202312;7845.82;1154;31290;36;24000.58;17-12-2023;DKK
HAVEHJ_Search_NonBrand_Alm_202210;11117.43;1809;58135;34;20955.45;31-10-2022;DKK
HH_Search_NonBrand_Alm_202302;13906.29;1609;45433;53;23351.13;22-02-2023;DKK
Havehjornet_Search_NonBrand_Alm_202403;6880.53;1331;26216;21;13617.85;31-03-2024;DKK
hh_dk_Search_Brand_Alm_202210;3293.29;426;15892;14;10216.60;08-10-2022;DKK
HH_Search_NonBrand_Alm_202209;6705.63;1281;17673;25;12322.36;30-09-2022;DKK
HH_Search_NonBrand_BlackFriday_202311;28709.83;6053;166336;112;65707.87;29-11-2023;DKK
HH_Search_Brand_Alm_202203;7926.83;1164;35516;41;19347.21;13-03-2022;DKK
HH_Search_Brand_Alm_202403;13830.23;1783;64761;74;59630.69;10-03-2024;DKK
HAVEHJ_Search_Brand_BlackFriday_202211;7898.60;1785;38127;35;26895.14;26-11-2022;DKK
Havehjornet_Search_NonBrand_Alm_202407;9186.85;1157;41615;30;20867.01;22-07-2024;DKK
HH_Search_NonBrand_Alm_202508;24332.62;3068;100150;71;52103.53;26-08-2025;DKK
hh_dk_Search_Brand_Alm_202509;6685.33;1277;20491;30;18154.49;15-09-2025;DKK
HH_Search_NonBrand_Alm_202510;6052.00;1131;30325;22;10138.53;21-10-2025;DKK
hh_dk_Search_Brand_BlackFriday_202511;8152.27;909;21964;40;17950.98;11-11-2025;DKK
HH_Search_Brand_Alm_202303;9849.87;1145;27738;42;31692.75;02-03-2023;DKK
HH_Search_Brand_Alm_202303;6985.44;884;34340;30;22230.89;22-03-2023;DKK
HH_Search_NonBrand_Alm_202501;14619.17;1704;54111;47;34730.28;26-01-2025;DKK
hh_dk_Search_NonBrand_Havesaeson_202305;23346.05;5007;70941;90;47508.88;17-05-2023;DKK
HH_Search_NonBrand_Alm_202502_kopi;6003.10;708;23771;18;10900.59;27-02-2025;DKK
Havehjornet_Search_Brand_BlackFriday_202211;11969.30;2536;60040;53;38866.75;03-11-2022;DKK
HAVEHJ_Search_NonBrand_Alm_202409;9240.29;1094;42377;29;17836.80;19-09-2024;DKK
Havehjornet_Search_NonBrand_Havesaeson_202205;37098.49;8670;97330;145;70597.59;08-05-2022;DKK
hh_dk_Search_Brand_Havesaeson_202405;9896.00;1857;38412;54;23696.97;14-05-2024;DKK
hh_dk_Search_Brand_Alm_202410;3395.39;751;9536;14;10980.26;06-10-2024;DKK
HAVEHJ_Search_Brand_Alm_202310;7091.06;1549;27272;34;23400.09;20-10-2023;DKK
HAVEHJ_Search_NonBrand_Alm_202507;38218.20;4663;103176;128;75380.96;06-07-2025;DKK
HH_Search_NonBrand_Alm_202208;3565.69;445;13395;11;10320.68;11-08-2022;DKK
Havehjornet_Search_Brand_Havesaeson_202406;10978.86;2314;50202;51;36599.21;07-06-2024;DKK
Havehjornet_Search_Brand_Havesaeson_202404_kopi;12316.44;1625;39461;61;41705.14;15-04-2024;DKK
hh_dk_Search_NonBrand_Havesaeson_202404;31664.04;7833;197700;111;66137.68;29-04-2024;DKK
HAVEHJ_Search_NonBrand_Alm_202308_kopi;9509.36;1602;32911;34;19536.73;05-08-2023;DKK
Havehjornet_Search_Brand_Alm_202308;6231.87;1397;26524;33;22877.80;05-08-2023;DKK
HH_Search_NonBrand_Alm_202208;5440.77;612;26400;17;9494.65;26-08-2022;DKK
Havehjornet_Search_NonBrand_Alm_202508;24586.49;3238;80777;94;39380.05;06-08-2025;DKK
hh_dk_Search_NonBrand_Alm_202203;8471.73;1042;27000;32;15835.82;16-03-2022;DKK
HH_Search_NonBrand_Havesaeson_202405;44414.31;9351;157944;156;122938.32;08-05-2024;DKK
HH_Search_Brand_Havesaeson_202504_kopi;3493.16;779;11106;18;9894.46;26-04-2025;DKK
HH_Search_NonBrand_Alm_202503;12674.57;2145;33197;40;33150.68;02-03-2025;DKK
HAVEHJ_Search_Brand_Alm_202203;10121.46;2066;53613;42;26403.10;02-03-2022;DKK
HH_Search_Brand_Havesaeson_202206;9144.84;1680;29575;38;23580.65;21-06-2022;DKK
HAVEHJ_Search_NonBrand_Havesaeson_202405;33147.97;4498;92362;126;71443.08;11-05-2024;DKK
Havehjornet_Search_Brand_Alm_202208;5988.75;680;19083;27;20846.23;19-08-2022;DKK
HH_Search_NonBrand_Alm_202403_kopi;9667.19;1660;32812;33;24293.19;11-03-2024;DKK
HH_Search_NonBrand_Alm_202210;14653.05;2108;43386;43;28643.63;18-10-2022;DKK
hh_dk_Search_Brand_Alm_202401;5223.90;1142;23121;22;12206.42;18-01-2024;DKK
HH_Search_Brand_BlackFriday_202211;7596.37;1136;19551;38;21694.14;02-11-2022;DKK
HH_Search_Brand_Jul_202212;508.38;508;13969;18;1748.96;12-12-2022;EUR
hh_dk_Search_Brand_Alm_202210_kopi;8070.97;1131;24139;38;27439.04;29-10-2022;DKK
HAVEHJ_Search_NonBrand_Jul_202312;9026.43;1789;38461;30;18187.48;04-12-2023;DKK
hh_dk_Search_NonBrand_Havesaeson_202304;49786.42;11184;294730;166;104097.51;17-04-2023;DKK
HH_Search_Brand_Alm_202310;3980.36;892;23465;19;10653.54;19-10-2023;DKK
hh_dk_Search_NonBrand_Alm_202210;8517.90;1708;21889;29;21095.93;01-10-2022;DKK
Havehjornet_Search_Brand_Alm_202502;19644.98;2396;85045;87;45585.37;27-02-2025;DKK
HAVEHJ_Search_NonBrand_Jul_202512;26065.63;4480;81918;90;44599.59;11-12-2025;DKK
HAVEHJ_Search_Brand_BlackFriday_202311_kopi;2657.05;2508;52438;83;8444.27;18-11-2023;EUR
HAVEHJ_Search_NonBrand_Havesaeson_202306;2812.76;2682;112636;76;5560.24;29-06-2023;EUR
hh_dk_Search_Brand_Havesaeson_202405;4183.25;518;23730;18;12977.98;19-05-2024;DKK
Havehjornet_Search_NonBrand_Alm_202510;6854.68;1018;45462;26;10991.07;29-10-2025;DKK
HH_Search_NonBrand_Alm_202507;1592.09;220;10301;5;3896.70;22-07-2025;DKK
HAVEHJ_Search_NonBrand_Alm_202403;7741.35;1157;24023;23;26873.35;06-03-2024;DKK
HH_Search_Brand_Alm_202510;5497.61;776;28040;28;14701.98;21-10-2025;DKK
Havehjornet_Search_NonBrand_Havesaeson_202505;32295.73;4993;198118;94;80729.13;07-05-2025;DKK
Havehjornet_Search_Brand_Alm_202307;998.47;1374;26420;31;2809.50;17-07-2023;EUR
hh_dk_Search_NonBrand_Jul_202512;18891.32;2656;47998;73;39151.78;13-12-2025;DKK
HAVEHJ_Search_Brand_Alm_202302;6104.91;771;19059;30;18119.46;15-02-2023;DKK
HH_Search_Brand_Havesaeson_202506;4308.14;841;17331;18;17136.40;24-06-2025;DKK
HAVEHJ_Search_Brand_BlackFriday_202211;6241.42;942;24514;33;19089.25;24-11-2022;DKK
HH_Search_NonBrand_Alm_202402;9116.69;1298;27193;28;20380.59;16-02-2024;DKK
HH_Search_Brand_BlackFriday_202411;7386.09;1265;29641;31;25970.81;14-11-2024;DKK
Havehjornet_Search_NonBrand_Alm_202510;4240.25;583;12356;16;6520.15;20-10-2025;DKK
HH_Search_Brand_Alm_202501;2834.15;518;11043;12;7018.56;03-01-2025;DKK
hh_dk_Search_NonBrand_Alm_202309;1302.43;183;7062;4;3705.80;20-09-2023;DKK
HAVEHJ_Search_NonBrand_Alm_202208;6239.65;1203;41115;23;12594.21;30-08-2022;DKK
HAVEHJ_Search_NonBrand_Havesaeson_202304_kopi;17780.24;3282;83705;59;43512.17;03-04-2023;DKK
hh_dk_Search_Brand_Alm_202403;2195.04;327;6493;10;7819.69;05-03-2024;DKK
Havehjornet_Search_NonBrand_Alm_202209;2506.00;299;9153;9;5560.14;15-09-2022;DKK
HAVEHJ_Search_Brand_Alm_202401;9637.19;1158;29419;47;22430.09;28-01-2024;DKK
Havehjornet_Search_NonBrand_Alm_202202;21006.28;2584;86035;68;50580.88;10-02-2022;DKK
hh_dk_Search_NonBrand_Alm_202401;392.31;407;9062;11;862.04;07-01-2024;EUR
Havehjornet_Search_NonBrand_Alm_202407;5047.39;664;19819;15;10762.76;25-07-2024;DKK
hh_dk_Search_Brand_Jul_202312;14144.50;1802;37181;57;46736.10;06-12-2023;DKK
Havehjornet_Search_Brand_Havesaeson_202405;642.11;801;15255;22;1573.80;06-05-2024;EUR
hh_dk_Search_Brand_Alm_202402;8865.24;1236;39097;45;29215.94;01-02-2024;DKK
Havehjornet_Search_NonBrand_Alm_202308;9379.43;1522;47340;35;19211.29;21-08-2023;DKK
HH_Search_NonBrand_Havesaeson_202304;11026.81;1783;29479;37;22202.47;01-04-2023;DKK
HAVEHJ_Search_Brand_Havesaeson_202406;8050.46;1176;32629;34;28269.50;21-06-2024;DKK
hh_dk_Search_Brand_Alm_202410;2514.78;488;13054;13;7272.87;30-10-2024;DKK
HH_Search_NonBrand_BlackFriday_202511_kopi;5828.88;811;17264;19;11421.57;09-11-2025;DKK
HAVEHJ_Search_NonBrand_BlackFriday_202311;14963.68;1893;92761;44;31827.86;08-11-2023;DKK
HH_Search_NonBrand_Havesaeson_202304;5960.41;693;32188;19;13272.27;30-04-2023;DKK
HH_Search_Brand_Havesaeson_202406;12303.58;1596;48705;50;30459.28;12-06-2024;DKK
HAVEHJ_Search_NonBrand_Havesaeson_202506;23272.07;3557;100304;71;46853.64;25-06-2025;DKK
HH_Search_NonBrand_Jul_202412;49622.26;10351;151071;188;91929.26;21-12-2024;DKK
HH_Search_Brand_BlackFriday_202411;13246.92;1772;44706;61;42267.58;02-11-2024;DKK
Havehjornet_Search_NonBrand_Alm_202407;10931.17;2463;40538;39;28361.96;12-07-2024;DKK
hh_dk_Search_NonBrand_Havesaeson_202406;61114.72;6885;170761;196;113455.37;03-06-2024;DKK
HAVEHJ_Search_NonBrand_Alm_202209_kopi;4934.29;556;17198;15;11235.52;21-09-2022;DKK
Havehjornet_Search_Brand_Alm_202509;7736.59;950;19836;40;19290.40;04-09-2025;DKK
hh_dk_Search_NonBrand_Jul_202412;27153.61;4946;136578;106;60988.41;20-12-2024;DKK
HAVEHJ_Search_Brand_Alm_202208;855.87;1313;18268;30;2647.09;26-08-2022;EUR
Havehjornet_Search_Brand_Alm_202308;1997.24;233;6608;9;6548.47;23-08-2023;DKK
HAVEHJ_Search_NonBrand_Alm_202307;14127.65;1741;80185;41;23014.55;16-07-2023;DKK
Havehjornet_Search_Brand_Alm_202408;5088.98;1139;25927;21;16077.08;20-08-2024;DKK
Havehjornet_Search_Brand_Alm_202408;669.56;982;31394;23;1813.77;12-08-2024;EUR
HH_Search_NonBrand_Jul_202212;11979.16;2548;45604;47;22913.70;11-12-2022;DKK
HH_Search_Brand_Alm_202208;3860.87;832;12194;17;16559.04;07-08-2022;DKK
Havehjornet_Search_NonBrand_Alm_202203;5043.33;571;16542;15;9040.51;27-03-2022;DKK
HH_Search_Brand_Alm_202302;10615.40;1536;32008;46;29968.83;28-02-2023;DKK
HH_Search_Brand_BlackFriday_202411;5147.49;945;16852;27;14011.20;13-11-2024;DKK
hh_dk_Search_Brand_Alm_202409;9595.03;2239;31402;45;25305.31;21-09-2024;DKK
HH_Search_Brand_Havesaeson_202404;3139.14;370;13850;14;11628.77;29-04-2024;DKK
Havehjornet_Search_Brand_Alm_202307;4266.11;521;21479;22;13472.39;04-07-2023;DKK
HH_Search_NonBrand_Alm_202409;1033.81;1725;21677;27;2011.61;18-09-2024;EUR
HH_Search_NonBrand_Havesaeson_202206;72481.13;17276;302768;236;147833.44;22-06-2022;DKK
hh_dk_Search_Brand_Havesaeson_202405;5570.82;1251;17513;28;18208.25;09-05-2024;DKK
hh_dk_Search_NonBrand_BlackFriday_202311_kopi;6426.10;927;29488;23;10313.64;17-11-2023;DKK
HAVEHJ_Search_Brand_Havesaeson_202306;7206.18;942;30404;32;21909.05;27-06-2023;DKK
Havehjornet_Search_Brand_BlackFriday_202211_kopi;10784.94;1621;40879;44;31217.32;27-11-2022;DKK
HH_Search_Brand_Alm_202507_kopi;5170.06;1011;26484;25;15367.14;19-07-2025;DKK
HH_Search_Brand_Alm_202309;1479.86;2182;51873;51;4531.26;18-09-2023;EUR
HAVEHJ_Search_Brand_Havesaeson_202505;7471.87;1487;29168;37;19157.07;02-05-2025;DKK
HH_Search_Brand_Havesaeson_202505;16202.41;2064;65040;79;58435.59;26-05-2025;DKK
HAVEHJ_Search_Brand_Alm_202307;2959.96;391;9482;13;8523.80;29-07-2023;DKK
hh_dk_Search_Brand_Alm_202207_kopi;5679.98;655;24599;24;15590.68;06-07-2022;DKK
Havehjornet_Search_Brand_Alm_202510_kopi;12456.87;2355;36687;55;30084.63;20-10-2025;DKK
HH_Search_NonBrand_BlackFriday_202511;36945.43;8926;144359;119;59879.86;21-11-2025;DKK
hh_dk_Search_Brand_Jul_202512;4084.10;628;16439;19;14002.59;10-12-2025;DKK
HAVEHJ_Search_Brand_Alm_202410;2512.23;536;7458;13;9539.88;17-10-2024;DKK
HAVEHJ_Search_Brand_Alm_202401;16243.45;1955;80524;68;54459.12;14-01-2024;DKK
HH_Search_NonBrand_Alm_202409;10075.17;1237;45400;29;19206.19;21-09-2024;DKK
HH_Search_Brand_Alm_202210;11877.58;1335;45014;53;39097.16;12-10-2022;DKK
hh_dk_Search_NonBrand_BlackFriday_202211;39631.85;4999;101893;132;93791.42;24-11-2022;DKK
Havehjornet_Search_NonBrand_Alm_202302;8113.50;1724;23601;32;16468.10;10-02-2023;DKK
HAVEHJ_Search_Brand_BlackFriday_202211;14501.81;3557;95180;65;35041.12;06-11-2022;DKK
HH_Search_NonBrand_Alm_202401;6965.95;1256;24831;24;14583.41;24-01-2024;DKK
HH_Search_NonBrand_Jul_202512;53601.69;6774;218875;201;140885.66;21-12-2025;DKK
HAVEHJ_Search_NonBrand_Havesaeson_202405;51315.63;7236;232521;171;106430.46;19-05-2024;DKK
HH_Search_Brand_Jul_202212_kopi;11352.96;1687;42770;59;36740.39;22-12-2022;DKK
HH_Search_NonBrand_Jul_202312;2188.12;486;6299;8;4608.08;25-12-2023;DKK
HH_Search_Brand_Alm_202207;4013.44;897;10642;17;12142.13;29-07-2022;DKK
hh_dk_Search_NonBrand_Havesaeson_202504;58027.72;11710;368640;220;104435.18;08-04-2025;DKK
hh_dk_Search_NonBrand_Alm_202303;10755.94;1893;60283;39;25545.51;20-03-2023;DKK
HAVEHJ_Search_NonBrand_Havesaeson_202206;66910.37;10849;172996;247;159721.54;13-06-2022;DKK
HAVEHJ_Search_Brand_Jul_202312;17240.75;3404;57694;70;63922.26;18-12-2023;DKK
hh_dk_Search_Brand_Alm_202201;4297.54;1058;16948;18;10514.64;17-01-2022;DKK
Havehjornet_Search_NonBrand_Alm_202408;15653.91;2758;44331;47;39599.50;05-08-2024;DKK
hh_dk_Search_NonBrand_Alm_202302;16438.42;2673;46504;64;29790.81;25-02-2023;DKK
HH_Search_Brand_Alm_202410;4589.31;692;19064;19;15411.05;09-10-2024;DKK
HAVEHJ_Search_Brand_Alm_202402;7855.86;908;22718;34;18721.14;23-02-2024;DKK
HH_Search_Brand_BlackFriday_202311;10732.29;2666;35706;57;36083.97;04-11-2023;DKK
HH_Search_NonBrand_Havesaeson_202406;51074.90;9481;309313;192;99129.47;30-06-2024;DKK
HAVEHJ_Search_Brand_Alm_202308_kopi;1866.72;225;5673;8;4784.58;04-08-2023;DKK
HAVEHJ_Search_NonBrand_Jul_202212_kopi;24328.76;3112;84464;92;53694.80;15-12-2022;DKK
HAVEHJ_Search_NonBrand_Havesaeson_202404;25031.50;4465;129055;79;50898.86;14-04-2024;DKK
HAVEHJ_Search_NonBrand_BlackFriday_202411;9213.35;2165;37686;33;26839.53;05-11-2024;DKK
hh_dk_Search_NonBrand_Alm_202407;15991.84;3928;96131;52;25839.54;05-07-2024;DKK
hh_dk_Search_Brand_Alm_202601;4869.42;907;15481;23;15856.79;01-01-2026;DKK
HH_Search_NonBrand_Alm_202410;18773.41;3585;55080;57;36590.20;28-10-2024;DKK
Havehjornet_Search_NonBrand_Alm_202501;14566.54;1722;38463;43;44550.75;23-01-2025;DKK
HH_Search_NonBrand_Alm_202401;1747.12;1613;41387;42;4735.50;26-01-2024;EUR
HH_Search_NonBrand_Alm_202503;8046.84;966;31152;26;15569.68;22-03-2025;DKK
HH_Search_NonBrand_Havesaeson_202204;58719.09;12088;148985;171;101922.95;09-04-2022;DKK
Havehjornet_Search_NonBrand_Havesaeson_202204;57252.45;13256;207763;167;117860.71;07-04-2022;DKK
HH_Search_NonBrand_Havesaeson_202305_kopi;52949.82;7884;140467;161;104501.34;07-05-2023;DKK
HH_Search_Brand_BlackFriday_202211;8632.26;995;35727;40;24663.50;14-11-2022;DKK
HH_Search_Brand_Alm_202207;3862.56;469;18711;16;8590.58;28-07-2022;DKK
hh_dk_Search_Brand_Alm_202407;2812.23;429;12268;13;8010.09;15-07-2024;DKK
hh_dk_Search_Brand_Jul_202312;17557.72;2097;81134;81;48717.80;07-12-2023;DKK
HH_Search_Brand_Alm_202410;8808.31;1472;26844;42;23309.27;31-10-2024;DKK
HAVEHJ_Search_Brand_Alm_202407;4768.84;792;12879;26;11821.69;02-07-2024;DKK
HH_Search_Brand_Havesaeson_202504_kopi;3004.49;652;9028;13;8967.67;15-04-2025;DKK
Havehjornet_Search_NonBrand_Havesaeson_202206;44499.01;6245;144613;151;93609.49;19-06-2022;DKK
hh_dk_Search_NonBrand_Alm_202202;12157.59;2169;63283;36;32991.27;05-02-2022;DKK
Havehjornet_Search_Brand_Alm_202202;1559.75;2222;70053;53;4826.74;28-02-2022;EUR
HH_Search_Brand_Jul_202212;12656.22;1829;61140;52;42351.18;26-12-2022;DKK
Havehjornet_Search_Brand_Alm_202302;5022.12;661;15965;21;14480.47;03-02-2023;DKK
HH_Search_Brand_Havesaeson_202305;13518.73;2812;47289;55;31324.36;11-05-2023;DKK
HAVEHJ_Search_NonBrand_Alm_202509;4710.38;956;18338;15;8207.59;02-09-2025;DKK
HAVEHJ_Search_Brand_Alm_202208;1471.35;320;4153;6;4276.23;17-08-2022;DKK
Havehjornet_Search_NonBrand_Jul_202212;10599.79;1181;37325;41;22654.76;30-12-2022;DKK
HAVEHJ_Search_NonBrand_Havesaeson_202506;32852.20;4156;126715;100;70778.27;14-06-2025;DKK
hh_dk_Search_Brand_Alm_202501;5091.99;874;19945;24;11793.13;17-01-2025;DKK
HH_Search_NonBrand_Alm_202508;9555.05;1125;62069;32;25772.28;28-08-2025;DKK
HAVEHJ_Search_Brand_Alm_202309;18445.99;2330;51617;83;75056.02;13-09-2023;DKK
HH_Search_NonBrand_Alm_202210;8806.18;1177;23890;29;27880.21;28-10-2022;DKK
HH_Search_NonBrand_Havesaeson_202506;74792.78;12783;470297;218;153121.69;26-06-2025;DKK
Havehjornet_Search_NonBrand_Alm_202302;9291.81;2302;23807;32;19415.20;08-02-2023;DKK
HH_Search_Brand_Havesaeson_202505;12957.72;1579;83381;56;41713.13;06-05-2025;DKK
hh_dk_Search_NonBrand_Alm_202207;5716.36;954;25621;21;9148.64;04-07-2022;DKK
Havehjornet_Search_Brand_Havesaeson_202504;23470.07;4814;139504;110;56173.88;29-04-2025;DKK
HAVEHJ_Search_NonBrand_Alm_202410;5432.29;810;28470;16;12374.72;25-10-2024;DKK
hh_dk_Search_NonBrand_Alm_202410;11263.27;1690;67352;42;19075.27;18-10-2024;DKK
HAVEHJ_Search_Brand_Alm_202401;5605.89;1238;18802;27;14941.70;12-01-2024;DKK
hh_dk_Search_Brand_Alm_202509;15934.76;2259;101835;73;55178.47;18-09-2025;DKK
Havehjornet_Search_Brand_Alm_202401;9682.22;1696;47177;39;38928.91;29-01-2024;DKK
HAVEHJ_Search_NonBrand_Jul_202512;16451.13;2521;92951;60;37915.10;04-12-2025;DKK
HAVEHJ_Search_NonBrand_Jul_202512;32217.96;4161;151098;100;65772.12;12-12-2025;DKK
HAVEHJ_Search_Brand_Alm_202309;14282.57;2939;38097;63;48767.45;10-09-2023;DKK
Havehjornet_Search_Brand_Alm_202403;1839.85;219;7302;10;4248.50;04-03-2024;DKK
HAVEHJ_Search_NonBrand_Alm_202208;13297.62;2233;44993;45;29651.44;18-08-2022;DKK
HH_Search_Brand_Alm_202207;3504.58;458;15457;16;9530.55;10-07-2022;DKK
HH_Search_NonBrand_Havesaeson_202205;40961.19;6472;162375;137;82089.76;16-05-2022;DKK
Havehjornet_Search_NonBrand_Havesaeson_202406_kopi;47817.28;9451;289219;165;106859.68;08-06-2024;DKK
