Campaign name;Amount spent (DKK);Impressions;Link clicks;Purchases;Purchase conversion value;date_str;currency
HAVEHJ_Social_Prospecting_Jul_202512;34867,02;557479;6129;192;125048,92;06.12.2025;DKK
Havehjornet_Social_Retargeting_Alm_202207;4756,74;78542;1423;20;12670,17;29.07.2022;DKK
hh_dk_Social_Retargeting_Alm_202310;7690,77;55482;1118;29;23756,23;09.10.2023;DKK
hh_dk_Social_Retargeting_Alm_202410;7574,44;72452;1542;35;18194,39;17.10.2024;DKK
Havehjornet_Social_Retargeting_Havesaeson_202506;11245,34;61025;3278;43;24737,06;26.06.2025;DKK
hh_dk_Social_Prospecting_Alm_202202;25913,86;256474;3491;108;70374,10;21.02.2022;DKK
HH_Social_Prospecting_Alm_202302;26903,36;211394;5757;115;59135,33;24.02.2023;DKK
HH_Social_Prospecting_Alm_202510;5164,97;39830;1643;21;11743,17;23.10.2025;DKK
HH_Social_Retargeting_Alm_202209;13835,77;72157;2690;64;42756,74;30.09.2022;DKK
hh_dk_Social_Prospecting_Havesaeson_202506;7033,88;38630;1161;29;15935,34;25.06.2025;DKK
HAVEHJ_Social_Prospecting_Alm_202508;29147,11;206797;8711;132;72952,73;20.08.2025;DKK
hh_dk_Social_Retargeting_Alm_202209;4838,95;28114;668;18;14230,36;13.09.2022;DKK
HH_Social_Retargeting_Alm_202507;1056,60;88889;2477;37;2934,37;15.07.2025;EUR
HH_Social_Retargeting_Alm_202303;5238,30;27525;974;21;11542,56;15.03.2023;DKK
HAVEHJ_Social_Prospecting_Alm_202309;35571,53;229142;6670;168;101587,40;04.09.2023;DKK
Havehjornet_Social_Prospecting_Havesaeson_202206;6449,28;250431;12070;248;15200,16;06.06.2022;EUR
HAVEHJ_Social_Retargeting_Alm_202508;5124,23;28504;728;19;11351,11;19.08.2025;DKK
HH_Social_Retargeting_Alm_202403_kopi;6797,15;94913;1295;29;17485,58;31.03.2024;DKK
HH_Social_Retargeting_Jul_202312;3547,18;21955;516;14;11045,22;07.12.2023;DKK
HH_Social_Retargeting_Alm_202302;2506,46;215088;2987;74;5107,24;16.02.2023;EUR
hh_dk_Social_Prospecting_Alm_202509;24246,88;162717;6548;112;71519,06;19.09.2025;DKK
HAVEHJ_Social_Retargeting_Havesaeson_202405;9301,36;49409;2197;38;17896,96;02.05.2024;DKK
HAVEHJ_Social_Retargeting_Havesaeson_202304;7538,02;51871;945;37;14446,71;20.04.2023;DKK
hh_dk_Social_Retargeting_Havesaeson_202204;11082,22;81239;1673;42;26830,03;30.04.2022;DKK
HAVEHJ_Social_Prospecting_Alm_202303;35889,28;371946;5567;193;93555,10;22.03.2023;DKK
Havehjornet_Social_Retargeting_Alm_202310;1597,63;84824;2843;55;4362,90;26.10.2023;EUR
Havehjornet_Social_Retargeting_Havesaeson_202404;7371,30;105183;1217;28;18951,03;05.04.2024;DKK
HH_Social_Prospecting_Alm_202203;19132,76;273868;4976;80;65148,44;31.03.2022;DKK
Havehjornet_Social_Prospecting_Havesaeson_202204_kopi;3049,64;190804;3617;114;7469,82;29.04.2022;EUR
Havehjornet_Social_Prospecting_Havesaeson_202304;13736,91;170327;4166;56;35594,85;23.04.2023;DKK
HAVEHJ_Social_Retargeting_Alm_202307;576,91;31972;973;16;1481,49;09.07.2023;EUR
HAVEHJ_Social_Prospecting_BlackFriday_202411;4599,31;38609;603;25;9841,14;02.11.2024;DKK
HH_Social_Retargeting_Alm_202203;16812,58;194532;2547;73;41711,31;13.03.2022;DKK
HH_Social_Prospecting_Alm_202510;8528,45;45308;1108;38;27802,90;13.10.2025;DKK
HAVEHJ_Social_Retargeting_Alm_202207;3875,52;32445;821;16;8679,71;09.07.2022;DKK
hh_dk_Social_Retargeting_Alm_202408_kopi;10689,94;75082;1636;45;34252,51;12.08.2024;DKK
HAVEHJ_Social_Prospecting_Jul_202212_kopi;10031,38;50985;1312;52;35644,74;07.12.2022;DKK
HH_Social_Prospecting_Alm_202409;12912,81;130826;2947;60;35993,18;04.09.2024;DKK
Havehjornet_Social_Prospecting_Havesaeson_202406_kopi;12241,70;82722;2735;52;34360,50;20.06.2024;DKK
hh_dk_Social_Retargeting_Alm_202308_kopi;684,57;53224;665;24;2380,62;10.08.2023;EUR
hh_dk_Social_Prospecting_Jul_202212;14838,80;278724;2434;79;46231,12;21.12.2022;DKK
HAVEHJ_Social_Retargeting_Jul_202512;6065,71;32477;1330;30;15225,76;04.12.2025;DKK
Havehjornet_Social_Prospecting_BlackFriday_202311;25350,65;281036;6692;116;76919,05;18.11.2023;DKK
Havehjornet_Social_Prospecting_Alm_202601;8727,56;135415;1645;47;22163,08;04.01.2026;DKK
hh_dk_Social_Prospecting_Alm_202409;12256,73;74746;2135;69;31866,14;19.09.2024;DKK
HAVEHJ_Social_Retargeting_Alm_202509;5042,69;31625;882;21;13538,08;10.09.2025;DKK
hh_dk_Social_Prospecting_Havesaeson_202206;7378,36;50360;1926;35;20298,24;12.06.2022;DKK
HH_Social_Prospecting_BlackFriday_202411;15264,35;87664;3252;74;36388,14;22.11.2024;DKK
HAVEHJ_Social_Prospecting_Alm_202403;15885,61;164042;2578;70;52237,62;25.03.2024;DKK
HAVEHJ_Social_Prospecting_Alm_202507;1988,55;37558;395;8;5959,59;22.07.2025;DKK
HAVEHJ_Social_Retargeting_Alm_202309;4919,42;56386;1024;19;12464,86;06.09.2023;DKK
Havehjornet_Social_Retargeting_Alm_202210;8931,81;82070;2408;33;40263,94;30.10.2022;DKK
Havehjornet_Social_Prospecting_Havesaeson_202306;10785,64;97890;1550;56;32583,99;10.06.2023;DKK
HAVEHJ_Social_Prospecting_Havesaeson_202304_kopi;18841,95;113404;3319;77;61317,70;08.04.2023;DKK
HAVEHJ_Social_Prospecting_Alm_202409;19902,16;246033;3818;82;43147,53;12.09.2024;DKK
hh_dk_Social_Retargeting_Alm_202508;1516,78;90454;1505;47;3852,30;02.08.2025;EUR
HAVEHJ_Social_Prospecting_Alm_202203;4649,74;311791;7890;172;11501,89;18.03.2022;EUR
Havehjornet_Social_Retargeting_BlackFriday_202511_kopi;542,32;49073;1071;15;1247,06;21.11.2025;EUR
HAVEHJ_Social_Retargeting_Alm_202401;2094,21;12267;452;9;8560,24;26.01.2024;DKK
HAVEHJ_Social_Retargeting_Alm_202202;2218,13;15255;552;9;6107,41;18.02.2022;DKK
hh_dk_Social_Prospecting_Havesaeson_202204;26341,70;193429;4869;133;74875,41;25.04.2022;DKK
Havehjornet_Social_Retargeting_Alm_202507;3690,71;48430;992;13;9119,45;11.07.2025;DKK
Havehjornet_Social_Retargeting_Alm_202408;10159,77;56203;2053;37;34511,90;13.08.2024;DKK
hh_dk_Social_Retargeting_Alm_202402;1519,00;71440;1822;47;3810,00;11.02.2024;EUR
Havehjornet_Social_Retargeting_Havesaeson_202504;5266,99;44879;1323;25;16786,91;20.04.2025;DKK
hh_dk_Social_Prospecting_Havesaeson_202404_kopi;14753,55;112949;2653;68;33659,59;20.04.2024;DKK
Havehjornet_Social_Retargeting_Alm_202210;3916,93;24736;1290;17;11169,95;02.10.2022;DKK
Havehjornet_Social_Prospecting_Havesaeson_202404;2506,56;139892;3924;82;5111,20;22.04.2024;EUR
HH_Social_Retargeting_Jul_202212;12629,03;226591;3131;55;26078,07;23.12.2022;DKK
HH_Social_Retargeting_Jul_202412;1404,93;141210;1445;41;4503,56;02.12.2024;EUR
hh_dk_Social_Prospecting_Jul_202312;5984,17;43068;1166;29;19267,17;27.12.2023;DKK
hh_dk_Social_Prospecting_Alm_202202;1121,86;115024;1602;45;2450,98;09.02.2022;EUR
HH_Social_Prospecting_Alm_202302;15113,19;195937;2125;82;33937,22;09.02.2023;DKK
HH_Social_Retargeting_Havesaeson_202204;1428,04;66719;1889;43;3136,08;22.04.2022;EUR
Havehjornet_Social_Retargeting_Alm_202407;4300,16;41377;655;21;12506,96;18.07.2024;DKK
HH_Social_Prospecting_BlackFriday_202211;1701,16;155974;1902;65;5903,82;21.11.2022;EUR
hh_dk_Social_Retargeting_Alm_202210;4745,26;62708;919;19;12625,03;21.10.2022;DKK
Havehjornet_Social_Prospecting_BlackFriday_202511;10037,00;79117;1548;43;39020,52;27.11.2025;DKK
HAVEHJ_Social_Retargeting_BlackFriday_202311;11230,95;106458;1567;53;21977,60;24.11.2023;DKK
HH_Social_Retargeting_Havesaeson_202206;5402,58;54000;838;26;14883,95;03.06.2022;DKK
HH_Social_Retargeting_Havesaeson_202405_kopi;3174,56;23371;787;13;8517,06;23.05.2024;DKK
hh_dk_Social_Retargeting_Alm_202209;931,91;130526;1501;33;2875,67;05.09.2022;EUR
Havehjornet_Social_Prospecting_Jul_202412;25893,72;179701;3580;132;100323,69;01.12.2024;DKK
hh_dk_Social_Retargeting_Alm_202309;4267,12;35345;825;17;12288,17;09.09.2023;DKK
Havehjornet_Social_Retargeting_Alm_202207;6910,58;66014;1438;28;15183,02;26.07.2022;DKK
HAVEHJ_Social_Prospecting_Havesaeson_202506;12602,58;113939;3335;67;33345,01;29.06.2025;DKK
hh_dk_Social_Prospecting_Alm_202301;5008,99;61462;961;23;11734,47;11.01.2023;DKK
HH_Social_Prospecting_Havesaeson_202304;15128,63;218307;4599;71;44154,03;12.04.2023;DKK
Havehjornet_Social_Prospecting_Havesaeson_202304;20083,06;147228;2659;94;86134,86;21.04.2023;DKK
hh_dk_Social_Retargeting_BlackFriday_202211;7607,66;55644;1038;29;18064,86;19.11.2022;DKK
HH_Social_Retargeting_Havesaeson_202304;569,11;22546;657;21;1107,25;01.04.2023;EUR
hh_dk_Social_Prospecting_BlackFriday_202511;12115,17;141110;3618;49;22647,27;24.11.2025;DKK
HH_Social_Prospecting_Alm_202507;27748,99;408262;4365;120;69386,88;27.07.2025;DKK
HH_Social_Retargeting_Havesaeson_202504;730,53;53703;1114;24;1999,18;16.04.2025;EUR
HH_Social_Retargeting_BlackFriday_202511_kopi;14401,25;119468;2811;55;33977,36;27.11.2025;DKK
hh_dk_Social_Retargeting_BlackFriday_202311;7424,92;45830;1069;29;20918,42;14.11.2023;DKK
hh_dk_Social_Retargeting_Alm_202208;13198,80;105110;1778;59;35049,25;07.08.2022;DKK
HH_Social_Retargeting_Alm_202503;14778,86;196355;2853;56;40456,32;03.03.2025;DKK
Havehjornet_Social_Prospecting_Alm_202507;2307,80;298170;2873;87;6439,61;28.07.2025;EUR
HH_Social_Prospecting_Havesaeson_202406_kopi;24382,06;216036;3666;122;62811,30;01.06.2024;DKK
Havehjornet_Social_Prospecting_Jul_202212;15526,85;112940;2097;70;47930,89;17.12.2022;DKK
HH_Social_Prospecting_Jul_202512;14257,86;75570;2996;63;53619,65;19.12.2025;DKK
HAVEHJ_Social_Prospecting_Jul_202212;20324,83;266435;3192;107;72476,45;18.12.2022;DKK
hh_dk_Social_Prospecting_Havesaeson_202406;26406,49;190154;8468;120;53909,63;05.06.2024;DKK
Havehjornet_Social_Prospecting_Alm_202310;6769,57;125238;2220;29;19348,74;05.10.2023;DKK
Havehjornet_Social_Prospecting_Alm_202307;17656,20;344636;3312;88;55409,77;30.07.2023;DKK
HH_Social_Prospecting_Havesaeson_202305;13535,49;86648;1935;61;39488,79;22.05.2023;DKK
Havehjornet_Social_Retargeting_Alm_202302;1877,66;13077;341;8;4500,25;21.02.2023;DKK
hh_dk_Social_Prospecting_Alm_202410;17539,85;307611;3029;94;56748,83;05.10.2024;DKK
HAVEHJ_Social_Retargeting_Alm_202509;6193,98;44026;1079;23;12330,27;11.09.2025;DKK
HH_Social_Prospecting_Alm_202410;29233,33;210917;6717;135;99345,67;14.10.2024;DKK
Havehjornet_Social_Retargeting_Jul_202512;678,22;51818;1495;23;1539,29;06.12.2025;EUR
HAVEHJ_Social_Prospecting_Havesaeson_202505;11598,42;63989;2095;62;30140,66;26.05.2025;DKK
HH_Social_Prospecting_Havesaeson_202406;16676,03;103573;4777;75;48861,63;19.06.2024;DKK
Havehjornet_Social_Retargeting_Alm_202510_kopi;133,81;10524;142;4;386,58;17.10.2025;EUR
HH_Social_Retargeting_Alm_202307;1053,08;46579;1062;39;3003,07;22.07.2023;EUR
Havehjornet_Social_Prospecting_Alm_202403;27233,18;198593;4296;119;83019,95;27.03.2024;DKK
hh_dk_Social_Retargeting_Alm_202510;844,11;34650;1872;31;2571,29;19.10.2025;EUR
HH_Social_Prospecting_Alm_202510;3710,99;55878;529;19;9217,01;02.10.2025;DKK
hh_dk_Social_Prospecting_Havesaeson_202306;14520,75;94624;4779;66;38656,18;22.06.2023;DKK
hh_dk_Social_Retargeting_Alm_202307;6049,43;33737;1024;26;11626,58;31.07.2023;DKK
HH_Social_Prospecting_Havesaeson_202206;2229,15;98953;2393;70;8916,03;25.06.2022;EUR
Havehjornet_Social_Retargeting_Havesaeson_202505;8262,15;77981;1614;32;23673,07;19.05.2025;DKK
Havehjornet_Social_Retargeting_Alm_202307;10527,02;62213;1669;49;29648,76;06.07.2023;DKK
hh_dk_Social_Retargeting_Alm_202301;3656,77;50746;480;16;14202,39;20.01.2023;DKK
HH_Social_Prospecting_Havesaeson_202206_kopi;21783,99;269671;4204;92;62288,69;15.06.2022;DKK
hh_dk_Social_Prospecting_Jul_202412;11025,50;57465;2121;60;28128,09;02.12.2024;DKK
Havehjornet_Social_Prospecting_Havesaeson_202406;6643,69;109533;1681;33;16470,16;25.06.2024;DKK
Havehjornet_Social_Retargeting_Alm_202301;11318,05;73368;2792;45;30263,96;06.01.2023;DKK
HH_Social_Retargeting_Alm_202509;2475,68;33141;374;9;5760,99;29.09.2025;DKK
HH_Social_Prospecting_Havesaeson_202304;10479,31;100248;1828;45;39927,96;22.04.2023;DKK
Havehjornet_Social_Prospecting_Alm_202309;5971,49;33856;757;33;14632,95;06.09.2023;DKK
HH_Social_Prospecting_Alm_202309;12307,43;74397;2903;53;45592,45;30.09.2023;DKK
hh_dk_Social_Retargeting_Alm_202407;4161,82;49335;1342;19;13002,31;20.07.2024;DKK
hh_dk_Social_Retargeting_Alm_202209;11010,05;88527;2286;44;27160,35;08.09.2022;DKK
Havehjornet_Social_Retargeting_Alm_202401;1155,25;118706;1348;34;3229,58;23.01.2024;EUR
hh_dk_Social_Prospecting_Havesaeson_202305_kopi;13992,22;118590;2451;62;44956,22;15.05.2023;DKK
HAVEHJ_Social_Prospecting_Alm_202501_kopi;5458,38;44618;1208;24;19141,52;05.01.2025;DKK
HAVEHJ_Social_Prospecting_Alm_202203;34962,41;520858;8759;158;100277,68;21.03.2022;DKK
hh_dk_Social_Prospecting_Alm_202301;8048,13;41419;1053;43;23551,29;01.01.2023;DKK
hh_dk_Social_Prospecting_Alm_202310;15831,67;296049;4412;85;61721,11;16.10.2023;DKK
Havehjornet_Social_Prospecting_BlackFriday_202211_kopi;18514,97;212840;2622;93;65576,83;19.11.2022;DKK
Havehjornet_Social_Retargeting_Alm_202310;17121,76;103938;4087;67;46293,41;28.10.2023;DKK
hh_dk_Social_Prospecting_Alm_202308;22990,81;161318;2876;123;66560,97;13.08.2023;DKK
hh_dk_Social_Retargeting_Alm_202203;9695,56;59777;1729;42;20164,47;17.03.2022;DKK
HH_Social_Retargeting_Alm_202401;3860,57;60013;699;15;7714,16;29.01.2024;DKK
hh_dk_Social_Retargeting_Jul_202312;1553,88;164713;2031;44;2677,04;13.12.2023;EUR
HH_Social_Retargeting_Alm_202401;7193,35;58739;2253;27;16360,67;08.01.2024;DKK
hh_dk_Social_Prospecting_Alm_202402;28822,80;147891;9524;142;71788,73;29.02.2024;DKK
HAVEHJ_Social_Prospecting_Havesaeson_202406;24347,82;173662;6622;137;67555,88;28.06.2024;DKK
Havehjornet_Social_Prospecting_Alm_202302;11092,58;56042;1995;60;36988,86;17.02.2023;DKK
Havehjornet_Social_Prospecting_Alm_202508_kopi;5905,94;238232;8012;216;22332,67;17.08.2025;EUR
hh_dk_Social_Retargeting_Havesaeson_202204;11508,08;69911;1500;43;30709,92;03.04.2022;DKK
HH_Social_Retargeting_Alm_202401;687,43;27399;660;22;1711,50;25.01.2024;EUR
Havehjornet_Social_Prospecting_Jul_202412;25346,04;342907;3796;124;79029,35;28.12.2024;DKK
HAVEHJ_Social_Prospecting_Havesaeson_202506_kopi;10044,64;80907;1953;46;44994,25;30.06.2025;DKK
hh_dk_Social_Prospecting_Alm_202510;5830,17;45438;818;32;18779,10;07.10.2025;DKK
HH_Social_Prospecting_Alm_202408;37562,18;246432;5307;155;87882,53;08.08.2024;DKK
HAVEHJ_Social_Prospecting_Alm_202207;9713,75;66127;1357;51;32993,25;16.07.2022;DKK
hh_dk_Social_Prospecting_Alm_202203;39378,33;258089;8558;220;132579,54;20.03.2022;DKK
HAVEHJ_Social_Prospecting_Alm_202507;9517,79;51693;1797;41;25683,77;11.07.2025;DKK
HAVEHJ_Social_Prospecting_Jul_202312;29628,88;285972;4021;139;88030,53;06.12.2023;DKK
Havehjornet_Social_Prospecting_Alm_202202;11648,72;212124;2315;62;53307,78;22.02.2022;DKK
hh_dk_Social_Prospecting_Alm_202309;9960,24;53117;1711;49;24420,56;25.09.2023;DKK
HH_Social_Retargeting_Alm_202203_kopi;7985,26;52310;1985;39;16982,24;09.03.2022;DKK
HAVEHJ_Social_Retargeting_Alm_202310;4530,52;28191;892;17;13607,84;19.10.2023;DKK
hh_dk_Social_Prospecting_Havesaeson_202306_kopi;25657,04;199989;4206;114;64187,82;07.06.2023;DKK
hh_dk_Social_Retargeting_Jul_202212;7437,02;80213;1378;29;19031,71;07.12.2022;DKK
Havehjornet_Social_Retargeting_Alm_202502;5490,63;43337;1011;21;14870,48;21.02.2025;DKK
HH_Social_Prospecting_Alm_202503;15690,11;181315;1966;83;39938,95;29.03.2025;DKK
hh_dk_Social_Retargeting_Alm_202209;7771,99;46848;1158;34;19124,41;21.09.2022;DKK
HAVEHJ_Social_Prospecting_Havesaeson_202204;20962,60;198096;4607;93;59398,77;02.04.2022;DKK
Havehjornet_Social_Prospecting_Alm_202409;2397,80;152907;3236;96;4493,34;23.09.2024;EUR
HAVEHJ_Social_Retargeting_Alm_202508;4916,94;35161;725;20;12467,09;28.08.2025;DKK
hh_dk_Social_Retargeting_Alm_202310;914,56;81662;1088;26;1920,52;22.10.2023;EUR
HAVEHJ_Social_Prospecting_Havesaeson_202206;22862,56;225674;5764;119;70172,76;17.06.2022;DKK
Havehjornet_Social_Retargeting_Alm_202409;9371,29;62192;1992;36;24005,09;06.09.2024;DKK
hh_dk_Social_Retargeting_Alm_202509;7324,52;50196;1748;27;21553,33;28.09.2025;DKK
HH_Social_Retargeting_Havesaeson_202505;5819,32;95867;778;21;12195,19;21.05.2025;DKK
Havehjornet_Social_Retargeting_Alm_202202;4193,85;42348;772;18;8983,82;01.02.2022;DKK
HAVEHJ_Social_Prospecting_BlackFriday_202511;6531,60;476377;6316;220;18735,65;25.11.2025;EUR
Havehjornet_Social_Retargeting_Alm_202302;8775,68;67616;1100;35;31297,15;20.02.2023;DKK
hh_dk_Social_Retargeting_Alm_202408;12891,76;75861;1710;50;28133,26;26.08.2024;DKK
HAVEHJ_Social_Retargeting_Alm_202408;2260,13;170503;2651;65;6134,99;16.08.2024;EUR
HH_Social_Retargeting_Alm_202207;1219,95;141986;1885;36;2331,82;24.07.2022;EUR
HAVEHJ_Social_Retargeting_Alm_202502;4691,91;43317;1265;22;11700,86;18.02.2025;DKK
HH_Social_Retargeting_BlackFriday_202411;2980,88;19816;412;11;8692,25;19.11.2024;DKK
HAVEHJ_Social_Prospecting_Havesaeson_202206;19150,38;183324;4322;97;44240,17;24.06.2022;DKK
HH_Social_Retargeting_Alm_202207;6028,44;54096;765;28;21003,80;13.07.2022;DKK
Havehjornet_Social_Prospecting_Alm_202310;1736,23;172900;1704;58;5363,69;30.10.2023;EUR
HH_Social_Retargeting_Alm_202503;3438,20;17253;636;14;7860,61;05.03.2025;DKK
Havehjornet_Social_Prospecting_Alm_202509;8730,07;104051;1716;37;30660,75;30.09.2025;DKK
HH_Social_Retargeting_Alm_202210;11033,55;75472;3156;52;20098,50;03.10.2022;DKK
HH_Social_Retargeting_Havesaeson_202404;7103,03;37866;1151;32;19074,11;15.04.2024;DKK
HH_Social_Prospecting_Alm_202407;20821,77;292182;2880;86;60324,47;23.07.2024;DKK
Havehjornet_Social_Retargeting_Alm_202410_kopi;6513,31;124817;912;27;20182,62;08.10.2024;DKK
HH_Social_Retargeting_Alm_202310;4416,74;64354;1304;20;12491,12;01.10.2023;DKK
HAVEHJ_Social_Retargeting_Havesaeson_202304_kopi;12291,48;66165;2286;59;26045,91;16.04.2023;DKK
Havehjornet_Social_Prospecting_Alm_202403;38618,35;202840;5623;158;89708,90;15.03.2024;DKK
hh_dk_Social_Prospecting_Alm_202209;8842,54;83922;1819;43;27585,89;27.09.2022;DKK
Havehjornet_Social_Retargeting_Alm_202402;6674,32;128085;1027;31;13087,93;13.02.2024;DKK
hh_dk_Social_Retargeting_Alm_202403;8738,21;59857;2059;40;16436,95;27.03.2024;DKK
HAVEHJ_Social_Prospecting_Jul_202212;4062,13;35251;550;17;12384,22;30.12.2022;DKK
hh_dk_Social_Retargeting_Havesaeson_202205;7793,16;48653;2342;31;18405,90;14.05.2022;DKK
HH_Social_Prospecting_BlackFriday_202311;26264,52;462194;5272;121;76980,02;27.11.2023;DKK
HH_Social_Prospecting_Alm_202303;13341,07;93306;2377;61;36728,44;11.03.2023;DKK
HH_Social_Retargeting_Alm_202510;8554,63;62292;2654;41;22450,64;01.10.2025;DKK
HH_Social_Retargeting_Havesaeson_202506;25799,21;358784;5489;112;49765,55;02.06.2025;DKK
Havehjornet_Social_Prospecting_Alm_202403;35147,86;363466;11523;152;98063,50;07.03.2024;DKK
hh_dk_Social_Prospecting_Alm_202210;17837,16;96703;2973;83;47694,59;17.10.2022;DKK
HAVEHJ_Social_Prospecting_Alm_202407;3367,80;233330;3910;121;11424,37;01.07.2024;EUR
HH_Social_Prospecting_Alm_202303;44487,75;294691;10208;231;110266,79;19.03.2023;DKK
HAVEHJ_Social_Retargeting_Havesaeson_202405;7051,22;74339;1045;31;24125,67;04.05.2024;DKK
Havehjornet_Social_Prospecting_Alm_202308;15042,32;79195;2260;84;50637,11;26.08.2023;DKK
HH_Social_Prospecting_Alm_202410;2023,55;93420;2384;74;5721,69;13.10.2024;EUR
hh_dk_Social_Retargeting_Alm_202510;15231,29;106705;2795;71;40175,78;08.10.2025;DKK
Havehjornet_Social_Retargeting_Alm_202310;1477,44;68931;2061;49;4001,96;23.10.2023;EUR
HH_Social_Prospecting_Alm_202507;1763,62;137872;2022;71;6278,50;02.07.2025;EUR
Havehjornet_Social_Retargeting_Havesaeson_202406;7096,70;54664;1358;27;17566,45;09.06.2024;DKK
hh_dk_Social_Retargeting_BlackFriday_202411;5914,02;32627;757;27;11097,75;18.11.2024;DKK
HAVEHJ_Social_Prospecting_Alm_202310;8971,10;69193;2091;49;27639,98;14.10.2023;DKK
Havehjornet_Social_Retargeting_Havesaeson_202504;19086,14;295042;5084;77;40797,75;10.04.2025;DKK
hh_dk_Social_Prospecting_Alm_202308;32076,36;529550;9737;178;87051,72;14.08.2023;DKK
Havehjornet_Social_Retargeting_Alm_202508;7242,37;38089;907;31;18553,30;15.08.2025;DKK
Havehjornet_Social_Prospecting_Havesaeson_202205;36417,96;391276;5044;170;138288,79;21.05.2022;DKK
Havehjornet_Social_Retargeting_Jul_202212;444,64;18387;529;15;1332,57;14.12.2022;EUR
Havehjornet_Social_Prospecting_Alm_202401;13929,41;93955;2626;61;45200,46;10.01.2024;DKK
hh_dk_Social_Retargeting_Alm_202209;1282,23;77227;1313;41;2795,32;18.09.2022;EUR
HAVEHJ_Social_Retargeting_Jul_202512_kopi;6110,78;42856;1124;23;13991,69;03.12.2025;DKK
hh_dk_Social_Prospecting_Havesaeson_202205;69954,94;1168155;9470;286;208931,92;23.05.2022;DKK
Havehjornet_Social_Retargeting_Alm_202402;5001,79;29106;719;19;15210,61;26.02.2024;DKK
hh_dk_Social_Retargeting_Alm_202408;595,56;79746;626;18;1461,55;31.08.2024;EUR
Havehjornet_Social_Prospecting_Alm_202208;51440,49;817081;16860;222;128996,38;28.08.2022;DKK
HH_Social_Retargeting_BlackFriday_202311;11463,12;59206;1855;55;32136,13;19.11.2023;DKK
HH_Social_Prospecting_Alm_202401;10980,33;70248;2663;50;31194,87;07.01.2024;DKK
HAVEHJ_Social_Retargeting_Alm_202403;394,82;23382;634;14;1171,83;20.03.2024;EUR
hh_dk_Social_Retargeting_Alm_202501;11608,56;78248;2244;54;26018,43;25.01.2025;DKK
HAVEHJ_Social_Retargeting_Alm_202507;6979,87;91214;1365;29;15090,14;21.07.2025;DKK
HH_Social_Retargeting_Havesaeson_202406;15386,65;259043;3410;60;32470,65;30.06.2024;DKK
HH_Social_Prospecting_Alm_202410;12323,81;151219;2398;63;43202,80;02.10.2024;DKK
HAVEHJ_Social_Retargeting_Jul_202512;8686,90;49485;1282;38;17850,88;02.12.2025;DKK
Havehjornet_Social_Retargeting_Alm_202402;198,65;17105;232;6;518,73;03.02.2024;EUR
Havehjornet_Social_Retargeting_Alm_202503;11345,77;213876;2151;50;34881,86;04.03.2025;DKK
HAVEHJ_Social_Prospecting_Havesaeson_202504;1515,35;59732;1798;51;3793,66;22.04.2025;EUR
HH_Social_Prospecting_BlackFriday_202311;27476,71;278668;5224;151;92526,42;21.11.2023;DKK
HH_Social_Prospecting_Havesaeson_202204;19955,97;102347;2999;90;59628,45;19.04.2022;DKK
hh_dk_Social_Prospecting_Alm_202501;4499,98;43243;596;22;10780,88;24.01.2025;DKK
HH_Social_Retargeting_Alm_202402;5998,19;83300;1677;24;17070,03;07.02.2024;DKK
HH_Social_Prospecting_Havesaeson_202506;1780,83;163386;1935;75;6427,99;22.06.2025;EUR
hh_dk_Social_Retargeting_Havesaeson_202505_kopi;11412,62;64380;1624;44;35294,46;26.05.2025;DKK
Havehjornet_Social_Prospecting_Alm_202503;34487,80;187160;4590;185;75410,17;16.03.2025;DKK
hh_dk_Social_Retargeting_BlackFriday_202411;573,61;25524;1020;20;1870,04;10.11.2024;EUR
hh_dk_Social_Retargeting_Jul_202212;1037,74;116280;1017;36;2387,52;20.12.2022;EUR
HH_Social_Prospecting_Alm_202208;7282,11;481868;11834;303;23557,93;20.08.2022;EUR
Havehjornet_Social_Prospecting_Alm_202210;23701,83;424609;6930;96;60888,97;02.10.2022;DKK
HH_Social_Retargeting_Alm_202210;7276,42;106813;1054;29;19387,69;05.10.2022;DKK
HH_Social_Prospecting_Havesaeson_202505;36284,29;509532;5574;164;95150,36;16.05.2025;DKK
HH_Social_Prospecting_Havesaeson_202306;21321,36;135762;4688;116;61681,96;08.06.2023;DKK
hh_dk_Social_Prospecting_Alm_202202;37237,40;222773;7210;169;92064,26;24.02.2022;DKK
hh_dk_Social_Retargeting_Havesaeson_202306;8392,75;111923;1067;39;25421,14;25.06.2023;DKK
HH_Social_Retargeting_Alm_202410;808,81;42380;846;28;1600,29;28.10.2024;EUR
hh_dk_Social_Retargeting_Havesaeson_202306;18244,59;108490;2386;87;47866,74;09.06.2023;DKK
Havehjornet_Social_Prospecting_Havesaeson_202305;50107,83;921103;12047;279;128793,29;18.05.2023;DKK
hh_dk_Social_Prospecting_Alm_202210;11590,56;103103;2436;54;37289,94;20.10.2022;DKK
HAVEHJ_Social_Prospecting_Alm_202407;4045,98;75202;703;22;10671,67;24.07.2024;DKK
HH_Social_Prospecting_Havesaeson_202206;3537,88;272271;4556;147;8645,51;07.06.2022;EUR
hh_dk_Social_Retargeting_BlackFriday_202311_kopi;4965,52;70220;988;21;11701,77;29.11.2023;DKK
Havehjornet_Social_Retargeting_Alm_202402;77,92;3286;81;3;186,46;06.02.2024;EUR
hh_dk_Social_Prospecting_Jul_202512;8033,20;43619;1395;34;22640,52;12.12.2025;DKK
HH_Social_Retargeting_Alm_202407;6062,35;37050;997;26;14042,46;16.07.2024;DKK
HAVEHJ_Social_Prospecting_Alm_202201;6804,96;92585;1718;29;22020,83;30.01.2022;DKK
hh_dk_Social_Prospecting_Havesaeson_202405;18690,22;249228;5406;85;47080,48;08.05.2024;DKK
HAVEHJ_Social_Retargeting_Alm_202301_kopi;11171,16;102252;1793;46;26734,44;05.01.2023;DKK
hh_dk_Social_Prospecting_Havesaeson_202305;27401,35;517988;4016;147;86424,79;16.05.2023;DKK
hh_dk_Social_Retargeting_Havesaeson_202406;1248,35;56675;2102;45;3922,95;06.06.2024;EUR
Havehjornet_Social_Retargeting_Alm_202209;8774,44;164580;1316;34;23458,85;24.09.2022;DKK
Havehjornet_Social_Retargeting_Alm_202203;8111,55;41141;1144;39;24598,61;14.03.2022;DKK
HAVEHJ_Social_Prospecting_Alm_202403;12048,53;82820;1566;55;31846,75;11.03.2024;DKK
HAVEHJ_Social_Prospecting_Havesaeson_202505;3972,23;260413;4317;133;8465,38;23.05.2025;EUR
Havehjornet_Social_Retargeting_BlackFriday_202211;3881,81;65401;693;14;8575,72;03.11.2022;DKK
Havehjornet_Social_Prospecting_BlackFriday_202511;6038,07;81686;1268;27;19489,47;22.11.2025;DKK
HH_Social_Retargeting_Havesaeson_202205;17542,78;295152;3675;70;62536,31;19.05.2022;DKK
Havehjornet_Social_Retargeting_Alm_202308;10041,89;110827;1887;39;25110,10;08.08.2023;DKK
Havehjornet_Social_Retargeting_Alm_202202;5801,20;55646;1252;29;16508,67;04.02.2022;DKK
HAVEHJ_Social_Prospecting_Alm_202408;17940,48;93385;5047;93;50940,70;26.08.2024;DKK
hh_dk_Social_Retargeting_Alm_202209;1122,10;6171;294;4;2678,98;19.09.2022;DKK
Havehjornet_Social_Retargeting_Alm_202208;11169,45;202007;3289;49;35187,93;09.08.2022;DKK
HH_Social_Retargeting_Havesaeson_202206;15318,39;100520;3123;71;33135,27;05.06.2022;DKK
HAVEHJ_Social_Retargeting_Havesaeson_202404;526,07;35475;582;16;1133,22;20.04.2024;EUR
HH_Social_Retargeting_Alm_202409;5849,77;33173;1861;27;18089,17;03.09.2024;DKK
HH_Social_Retargeting_Jul_202312;9867,62;87220;1533;50;26486,11;03.12.2023;DKK
Havehjornet_Social_Prospecting_Havesaeson_202504;14458,46;132171;2533;81;29985,55;27.04.2025;DKK
HH_Social_Retargeting_Alm_202302;19291,09;184001;2442;83;51329,07;06.02.2023;DKK
Havehjornet_Social_Prospecting_Alm_202310;3720,20;546232;4282;142;12720,81;18.10.2023;EUR
Havehjornet_Social_Prospecting_Alm_202402;36313,03;623424;5729;200;115078,80;19.02.2024;DKK
HAVEHJ_Social_Prospecting_Alm_202408;42526,20;254809;7616;175;138286,42;05.08.2024;DKK
Havehjornet_Social_Prospecting_Alm_202310;14281,32;135402;3045;67;44053,72;25.10.2023;DKK
Havehjornet_Social_Prospecting_Alm_202401;20893,17;147617;3385;86;62561,00;31.01.2024;DKK
hh_dk_Social_Retargeting_Jul_202412;4911,03;80549;745;20;14523,99;01.12.2024;DKK
HH_Social_Retargeting_Alm_202303;1341,22;78552;2490;50;3035,78;23.03.2023;EUR
HAVEHJ_Social_Prospecting_Havesaeson_202304;63529,28;474941;8110;349;199281,66;28.04.2023;DKK
Havehjornet_Social_Prospecting_Havesaeson_202506;639,69;50888;616;20;1443,21;13.06.2025;EUR
HH_Social_Retargeting_Alm_202307_kopi;937,26;82105;1571;25;2244,54;18.07.2023;EUR
hh_dk_Social_Retargeting_Alm_202207;9975,61;83162;2138;42;22805,37;08.07.2022;DKK
HH_Social_Retargeting_BlackFriday_202211;7682,20;61959;1161;31;21576,29;01.11.2022;DKK
Havehjornet_Social_Retargeting_Alm_202309;14936,66;228399;1933;59;64813,21;04.09.2023;DKK
HAVEHJ_Social_Retargeting_Jul_202312;1282,62;50426;1487;37;3144,25;23.12.2023;EUR
HAVEHJ_Social_Retargeting_Alm_202208;6020,38;54180;844;29;13207,73;04.08.2022;DKK
HAVEHJ_Social_Retargeting_Havesaeson_202205;3267,81;23252;465;12;7650,68;18.05.2022;DKK
HH_Social_Retargeting_Jul_202212;13239,93;124689;2479;63;29160,76;16.12.2022;DKK
HH_Social_Retargeting_Alm_202210;6816,25;49413;930;30;20650,52;09.10.2022;DKK
Havehjornet_Social_Prospecting_BlackFriday_202311;40108,74;356219;6601;172;101323,62;28.11.2023;DKK
HAVEHJ_Social_Retargeting_Alm_202203;3133,86;38231;671;12;8745,40;20.03.2022;DKK
hh_dk_Social_Retargeting_Alm_202410;3508,09;65024;734;13;11085,72;11.10.2024;DKK
HAVEHJ_Social_Prospecting_Havesaeson_202504;5095,35;64883;860;24;9716,23;04.04.2025;DKK
hh_dk_Social_Prospecting_Alm_202509;1579,87;122838;2210;65;4121,71;16.09.2025;EUR
Havehjornet_Social_Retargeting_Alm_202501;6343,50;34960;831;23;11382,55;30.01.2025;DKK
hh_dk_Social_Retargeting_Havesaeson_202205;12756,98;80293;1816;52;33344,63;02.05.2022;DKK
hh_dk_Social_Retargeting_Alm_202207;15468,50;125140;3157;74;41422,61;23.07.2022;DKK
Havehjornet_Social_Prospecting_Alm_202601;7510,08;85503;976;35;18206,36;03.01.2026;DKK
Havehjornet_Social_Prospecting_Havesaeson_202206;6632,18;38946;1274;36;21318,86;28.06.2022;DKK
Havehjornet_Social_Retargeting_Havesaeson_202205;6861,11;82180;1010;29;17348,95;04.05.2022;DKK
HAVEHJ_Social_Prospecting_Alm_202203;19904,66;105477;2788;112;58783,86;25.03.2022;DKK
hh_dk_Social_Retargeting_Havesaeson_202505;1890,95;15084;311;9;5494,33;13.05.2025;DKK
hh_dk_Social_Retargeting_Havesaeson_202304;9413,01;67228;2070;46;26884,12;11.04.2023;DKK
HAVEHJ_Social_Prospecting_Alm_202510;34949,25;267225;4623;146;87608,03;24.10.2025;DKK
HAVEHJ_Social_Prospecting_Alm_202403;2918,14;125094;4562;114;8832,58;28.03.2024;EUR
HH_Social_Retargeting_Alm_202309;6318,13;38530;1307;31;16446,13;13.09.2023;DKK
HH_Social_Retargeting_Alm_202208;16385,05;294663;2355;63;47212,60;17.08.2022;DKK
hh_dk_Social_Retargeting_Havesaeson_202205;7264,92;40405;1472;33;18901,70;22.05.2022;DKK
HH_Social_Retargeting_Havesaeson_202406;1271,18;120838;2464;36;2650,28;02.06.2024;EUR
HH_Social_Prospecting_Alm_202302;14573,75;145098;2397;72;49018,84;01.02.2023;DKK
HAVEHJ_Social_Retargeting_Alm_202202_kopi;540,93;54152;643;16;1086,19;24.02.2022;EUR
HH_Social_Prospecting_Alm_202501;6836,39;114855;1691;37;23552,46;27.01.2025;DKK
hh_dk_Social_Retargeting_Alm_202410;8446,27;112293;2309;42;28121,57;31.10.2024;DKK
hh_dk_Social_Retargeting_Alm_202203;7229,22;60451;1472;27;21881,77;01.03.2022;DKK
HAVEHJ_Social_Retargeting_Alm_202509;8758,51;49967;1893;38;21180,87;20.09.2025;DKK
hh_dk_Social_Retargeting_Alm_202201_kopi;1867,92;14071;503;7;4815,63;17.01.2022;DKK
Havehjornet_Social_Retargeting_Alm_202401;3381,73;18338;461;17;7385,45;28.01.2024;DKK
HAVEHJ_Social_Retargeting_BlackFriday_202311;1097,26;134996;2592;32;3255,98;30.11.2023;EUR
Havehjornet_Social_Prospecting_Jul_202512;1627,62;101226;1943;54;4169,22;27.12.2025;EUR
HAVEHJ_Social_Prospecting_Alm_202308;4480,88;632082;5052;140;10191,26;03.08.2023;EUR
Havehjornet_Social_Retargeting_Alm_202310;10529,42;80882;1882;41;22897,70;04.10.2023;DKK
hh_dk_Social_Retargeting_Alm_202407;3647,98;34220;1002;16;8898,72;26.07.2024;DKK
HAVEHJ_Social_Prospecting_Alm_202308;21650,76;335170;5763;101;59486,46;12.08.2023;DKK
Havehjornet_Social_Retargeting_Alm_202402_kopi;1766,10;173178;1701;66;6784,54;08.02.2024;EUR
Havehjornet_Social_Prospecting_Havesaeson_202505;52349,83;378637;12095;254;138904,26;29.05.2025;DKK
Havehjornet_Social_Prospecting_Havesaeson_202505;12779,02;101443;3418;64;37538,79;27.05.2025;DKK
hh_dk_Social_Prospecting_Alm_202507;2026,13;246301;4250;85;7388,25;21.07.2025;EUR
hh_dk_Social_Retargeting_BlackFriday_202511;1117,48;129903;1319;35;3011,90;04.11.2025;EUR
HAVEHJ_Social_Prospecting_Alm_202509_kopi;13977,06;230343;2390;77;30683,83;21.09.2025;DKK
HAVEHJ_Social_Prospecting_Alm_202510;18230,50;131218;3332;89;46606,79;05.10.2025;DKK
Havehjornet_Social_Prospecting_Havesaeson_202305;24070,63;146701;3121;111;99933,25;04.05.2023;DKK
HH_Social_Retargeting_Havesaeson_202504;4880,94;86112;698;20;15693,72;25.04.2025;DKK
hh_dk_Social_Prospecting_Alm_202209;8045,11;58399;1121;37;25912,24;17.09.2022;DKK
hh_dk_Social_Prospecting_Havesaeson_202405;8277,90;52728;2460;44;18390,58;26.05.2024;DKK
hh_dk_Social_Retargeting_Alm_202509;5374,92;32682;918;23;14018,96;05.09.2025;DKK
Havehjornet_Social_Retargeting_Alm_202207;11161,72;212462;1651;52;32235,75;19.07.2022;DKK
Havehjornet_Social_Retargeting_Havesaeson_202504;1009,65;40011;1235;35;2356,88;29.04.2025;EUR
HH_Social_Prospecting_BlackFriday_202211;11556,47;107712;2219;52;32288,86;10.11.2022;DKK
HAVEHJ_Social_Retargeting_Alm_202507;963,33;77326;1325;29;2103,62;03.07.2025;EUR
Havehjornet_Social_Prospecting_BlackFriday_202311;31169,24;197924;4788;143;106825,47;14.11.2023;DKK
HH_Social_Prospecting_Havesaeson_202306;14321,78;77233;3142;65;42146,64;20.06.2023;DKK
Havehjornet_Social_Retargeting_Alm_202407;6665,86;46610;1177;27;18294,00;01.07.2024;DKK
HH_Social_Prospecting_Alm_202202;14786,68;116290;2312;68;41949,86;06.02.2022;DKK
hh_dk_Social_Prospecting_Havesaeson_202406;5197,04;36562;993;28;12693,34;24.06.2024;DKK
HH_Social_Retargeting_Alm_202207;8836,53;108414;1724;41;23812,18;16.07.2022;DKK
HAVEHJ_Social_Prospecting_Alm_202402;30099,67;190592;7615;130;68830,26;27.02.2024;DKK
hh_dk_Social_Prospecting_Havesaeson_202405;80488,18;572385;16204;345;157260,56;18.05.2024;DKK
HH_Social_Retargeting_Havesaeson_202304;888,87;40623;1663;24;2410,54;23.04.2023;EUR
hh_dk_Social_Retargeting_Jul_202212;12547,34;152824;1628;53;27292,13;30.12.2022;DKK
HAVEHJ_Social_Prospecting_Alm_202403;32467,19;175931;8270;179;83908,98;02.03.2024;DKK
HH_Social_Prospecting_BlackFriday_202311;17508,55;120306;2221;85;62774,57;16.11.2023;DKK
HAVEHJ_Social_Retargeting_Alm_202210;7449,84;54898;1280;32;14078,45;04.10.2022;DKK
hh_dk_Social_Retargeting_Havesaeson_202205;8102,03;87005;1210;32;23308,89;23.05.2022;DKK
Havehjornet_Social_Retargeting_Jul_202412;6417,58;104842;1231;30;18230,91;31.12.2024;DKK
Havehjornet_Social_Prospecting_Alm_202203;12205,42;602274;26545;440;32572,65;11.03.2022;EUR
HH_Social_Retargeting_Alm_202310;2845,31;18432;373;11;6482,52;16.10.2023;DKK
Havehjornet_Social_Prospecting_Alm_202207;12756,07;113713;1931;63;39591,84;27.07.2022;DKK
hh_dk_Social_Prospecting_Alm_202408;14321,06;119334;2752;64;34265,32;09.08.2024;DKK
hh_dk_Social_Retargeting_Alm_202210;7144,34;62010;1074;35;19545,10;16.10.2022;DKK
HAVEHJ_Social_Prospecting_Alm_202407;41889,03;632360;6478;188;100520,72;22.07.2024;DKK
hh_dk_Social_Prospecting_Alm_202408;972,87;52056;1967;38;2588,87;21.08.2024;EUR
HAVEHJ_Social_Prospecting_Alm_202402;40372,68;517890;9022;191;87322,88;21.02.2024;DKK
HAVEHJ_Social_Retargeting_Alm_202408;8292,45;76275;2711;32;22586,35;01.08.2024;DKK
HAVEHJ_Social_Prospecting_Alm_202210;20208,92;104295;3130;88;66695,11;21.10.2022;DKK
HH_Social_Prospecting_Alm_202308;93126,93;1192605;24865;469;218170,06;09.08.2023;DKK
HH_Social_Retargeting_Alm_202502;13904,87;74534;2735;60;37519,76;20.02.2025;DKK
HH_Social_Retargeting_BlackFriday_202311;6641,06;59092;2041;26;13143,02;13.11.2023;DKK
hh_dk_Social_Prospecting_BlackFriday_202211;3928,79;307073;7984;150;10584,07;08.11.2022;EUR
hh_dk_Social_Retargeting_Havesaeson_202206;5903,30;34928;784;24;21182,07;26.06.2022;DKK
hh_dk_Social_Retargeting_Havesaeson_202504;6682,90;106034;1285;29;13192,90;07.04.2025;DKK
hh_dk_Social_Retargeting_Alm_202302;11835,17;192626;1703;46;27347,04;08.02.2023;DKK
hh_dk_Social_Prospecting_Alm_202203;30403,45;259958;5294;145;93517,41;05.03.2022;DKK
HH_Social_Prospecting_Alm_202210;14581,84;224515;2041;66;34814,87;16.10.2022;DKK
hh_dk_Social_Retargeting_Havesaeson_202506;2663,10;25740;469;10;7383,40;10.06.2025;DKK
HAVEHJ_Social_Retargeting_Alm_202208;6522,48;114518;1152;32;15372,36;03.08.2022;DKK
HH_Social_Prospecting_Havesaeson_202405;55585,56;653660;9795;227;162324,73;16.05.2024;DKK
HAVEHJ_Social_Retargeting_BlackFriday_202511;190,08;11851;303;5;451,02;09.11.2025;EUR
hh_dk_Social_Prospecting_Havesaeson_202306_kopi;3644,21;189938;3506;114;8636,46;01.06.2023;EUR
Havehjornet_Social_Prospecting_Alm_202509;21512,65;107910;3637;106;65329,08;07.09.2025;DKK
HAVEHJ_Social_Retargeting_Alm_202203;9478,64;121659;2752;42;18385,27;16.03.2022;DKK
HH_Social_Prospecting_Havesaeson_202204;1330,95;184099;1309;44;3759,41;08.04.2022;EUR
hh_dk_Social_Prospecting_Jul_202212;2019,60;253536;3635;74;5347,33;15.12.2022;EUR
HH_Social_Prospecting_Alm_202308;2483,55;252382;2540;81;8512,54;15.08.2023;EUR
HAVEHJ_Social_Retargeting_Alm_202508;1233,00;96390;1912;37;3078,76;26.08.2025;EUR
HAVEHJ_Social_Prospecting_BlackFriday_202311_kopi;2704,37;202843;5039;103;8998,52;24.11.2023;EUR
hh_dk_Social_Retargeting_BlackFriday_202511_kopi;9513,73;187389;2925;46;21559,49;15.11.2025;DKK
Havehjornet_Social_Retargeting_Jul_202512;17669,07;89111;2394;79;44780,77;29.12.2025;DKK
HH_Social_Retargeting_BlackFriday_202411;6199,32;112078;1900;22;18899,42;23.11.2024;DKK
HH_Social_Retargeting_Alm_202310_kopi;11291,23;189474;2589;53;22323,75;07.10.2023;DKK
hh_dk_Social_Prospecting_Alm_202401;8294,28;96906;1045;36;26321,59;26.01.2024;DKK
hh_dk_Social_Retargeting_Alm_202410;3155,91;22525;584;12;6837,43;18.10.2024;DKK
hh_dk_Social_Retargeting_Alm_202510;5012,79;69860;902;22;13733,36;25.10.2025;DKK
Havehjornet_Social_Prospecting_Alm_202503;31892,94;356908;4880;160;86342,79;18.03.2025;DKK
HAVEHJ_Social_Prospecting_Alm_202301;8683,94;97147;1218;35;20129,66;15.01.2023;DKK
Havehjornet_Social_Prospecting_Alm_202308_kopi;2168,38;95236;3533;74;6581,97;02.08.2023;EUR
HAVEHJ_Social_Retargeting_Jul_202312;3822,47;40050;549;18;11114,30;28.12.2023;DKK
HAVEHJ_Social_Retargeting_Alm_202502;9008,22;45767;1589;34;24857,34;25.02.2025;DKK
hh_dk_Social_Retargeting_Alm_202208;1179,21;96668;1350;36;2503,71;08.08.2022;EUR
HAVEHJ_Social_Prospecting_Alm_202303_kopi;26279,10;184384;4459;125;100106,16;12.03.2023;DKK
hh_dk_Social_Retargeting_Alm_202508;7516,72;38790;1552;34;17263,95;12.08.2025;DKK
Havehjornet_Social_Retargeting_Havesaeson_202306;3960,94;21344;523;15;7720,80;06.06.2023;DKK
HH_Social_Retargeting_Alm_202508;7239,88;90503;1050;33;14393,72;13.08.2025;DKK
hh_dk_Social_Prospecting_Havesaeson_202405;5366,68;701833;6573;198;16045,74;10.05.2024;EUR
HH_Social_Retargeting_BlackFriday_202211;14056,34;70713;1825;59;35744,17;23.11.2022;DKK
Havehjornet_Social_Retargeting_Havesaeson_202206;6579,94;63352;1108;29;18616,13;10.06.2022;DKK
Havehjornet_Social_Prospecting_BlackFriday_202311;47349,24;615440;6316;214;138974,89;06.11.2023;DKK
hh_dk_Social_Retargeting_Alm_202410;4033,67;38061;852;17;8196,88;24.10.2024;DKK
HAVEHJ_Social_Retargeting_Alm_202301;8037,98;92346;2375;32;11995,76;26.01.2023;DKK
Havehjornet_Social_Retargeting_Havesaeson_202506;11245,34;61025;3278;43;24737,06;26.06.2025;DKK
Havehjornet_Social_Retargeting_Alm_202408;16842,51;173424;2330;75;32902,66;25.08.2024;DKK
Havehjornet_Social_Prospecting_Havesaeson_202306;17211,70;188741;4422;78;75455,79;28.06.2023;DKK
hh_dk_Social_Retargeting_Alm_202303;1657,07;8507;249;8;4991,93;19.03.2023;DKK
hh_dk_Social_Retargeting_Havesaeson_202405_kopi;13337,64;71064;2472;50;39674,50;20.05.2024;DKK
HH_Social_Retargeting_Havesaeson_202405;4193,88;45000;582;18;10059,94;30.05.2024;DKK
HH_Social_Prospecting_BlackFriday_202411;34230,77;216511;9081;172;66792,87;01.11.2024;DKK
HH_Social_Prospecting_Alm_202510_kopi;2398,11;101197;2965;89;6764,43;22.10.2025;EUR
Havehjornet_Social_Prospecting_Havesaeson_202506;8113,68;64815;1286;44;23876,33;17.06.2025;DKK
HAVEHJ_Social_Prospecting_Havesaeson_202205;13632,97;127945;3738;59;26203,14;26.05.2022;DKK
hh_dk_Social_Retargeting_Alm_202203;9795,37;104702;2644;37;26560,94;24.03.2022;DKK
HH_Social_Retargeting_Alm_202208;1785,92;22660;228;6;5462,12;20.08.2022;DKK
Havehjornet_Social_Retargeting_Havesaeson_202404;6745,89;34810;1669;28;14559,19;13.04.2024;DKK
HH_Social_Prospecting_Alm_202307;2638,41;255472;5820;84;7559,67;09.07.2023;EUR
HH_Social_Prospecting_Alm_202510;18355,58;106053;2345;96;58425,81;01.10.2025;DKK
HAVEHJ_Social_Retargeting_Alm_202501;14056,60;91070;3184;53;32841,14;19.01.2025;DKK
hh_dk_Social_Retargeting_BlackFriday_202411;6034,26;56486;2002;23;20113,66;30.11.2024;DKK
HH_Social_Prospecting_Alm_202301;14284,01;134558;2618;78;39220,95;09.01.2023;DKK
Havehjornet_Social_Prospecting_Alm_202509;26618,72;459647;5520;146;77500,61;05.09.2025;DKK
Havehjornet_Social_Prospecting_Alm_202301_kopi;2145,57;108663;2041;76;5319,83;08.01.2023;EUR
Havehjornet_Social_Retargeting_Alm_202209;6646,26;83048;1186;28;11973,15;10.09.2022;DKK
HAVEHJ_Social_Prospecting_Alm_202302_kopi;8079,48;542206;7565;303;26932,83;14.02.2023;EUR
HAVEHJ_Social_Prospecting_Havesaeson_202505;26383,16;351761;5598;132;102190,33;21.05.2025;DKK
Havehjornet_Social_Retargeting_Alm_202509;14250,91;90012;2315;68;36020,97;27.09.2025;DKK
HAVEHJ_Social_Prospecting_Alm_202209;4719,74;225186;4829;153;17707,62;18.09.2022;EUR
HAVEHJ_Social_Retargeting_Alm_202409;4960,88;40498;769;20;14562,74;23.09.2024;DKK
hh_dk_Social_Prospecting_Havesaeson_202404;23435,67;169514;2980;109;53856,35;15.04.2024;DKK
Havehjornet_Social_Retargeting_Alm_202402;4719,60;38413;720;18;12256,79;02.02.2024;DKK
HH_Social_Retargeting_BlackFriday_202311;5215,19;31510;748;19;11388,95;06.11.2023;DKK
hh_dk_Social_Prospecting_Alm_202408;23805,61;453094;5353;100;69077,74;01.08.2024;DKK
Havehjornet_Social_Retargeting_Alm_202410_kopi;948,67;118017;1226;27;2778,12;10.10.2024;EUR
HH_Social_Retargeting_Alm_202209;5954,92;33588;1804;30;16511,92;22.09.2022;DKK
HAVEHJ_Social_Prospecting_Jul_202312;9766,67;52007;1536;41;33084,20;19.12.2023;DKK
hh_dk_Social_Retargeting_BlackFriday_202211;9489,46;59054;1749;36;32135,19;26.11.2022;DKK
Havehjornet_Social_Retargeting_Jul_202312;2419,24;32415;488;10;4710,81;15.12.2023;DKK
HAVEHJ_Social_Prospecting_BlackFriday_202311;68768,32;415562;9883;293;183687,37;11.11.2023;DKK
HAVEHJ_Social_Prospecting_Alm_202507;2967,16;282665;3947;90;6133,60;03.07.2025;EUR
hh_dk_Social_Prospecting_Havesaeson_202205;26863,47;271496;5840;135;71350,28;24.05.2022;DKK
Havehjornet_Social_Retargeting_Alm_202509;1477,30;83040;1404;52;3790,84;23.09.2025;EUR
HH_Social_Retargeting_Havesaeson_202306;8405,87;53520;1154;41;14144,02;17.06.2023;DKK
hh_dk_Social_Retargeting_Jul_202412;12410,52;102991;2658;59;23912,80;07.12.2024;DKK
HH_Social_Prospecting_Alm_202401;6381,03;115407;1442;32;16812,26;06.01.2024;DKK
HH_Social_Retargeting_Havesaeson_202204;2257,29;29822;494;9;4649,92;12.04.2022;DKK
HH_Social_Prospecting_Jul_202512;16409,16;108354;5398;77;46596,91;02.12.2025;DKK
HAVEHJ_Social_Retargeting_Alm_202503;2803,35;23741;744;11;8547,68;01.03.2025;DKK
HAVEHJ_Social_Retargeting_Alm_202502;2947,53;27639;717;15;6357,58;05.02.2025;DKK
HAVEHJ_Social_Prospecting_Alm_202402;6925,59;41805;921;38;18687,69;07.02.2024;DKK
hh_dk_Social_Prospecting_Alm_202407;10227,38;65859;2656;42;23830,01;10.07.2024;DKK
HAVEHJ_Social_Retargeting_Alm_202207;19009,94;195562;3152;76;53975,50;11.07.2022;DKK
HH_Social_Prospecting_Alm_202208;22037,95;210086;2826;94;89869,89;10.08.2022;DKK
hh_dk_Social_Retargeting_Alm_202310;1378,62;203335;1521;49;3912,45;10.10.2023;EUR
Havehjornet_Social_Prospecting_Havesaeson_202304;26106,79;441309;3958;123;78153,50;24.04.2023;DKK
HH_Social_Retargeting_Alm_202209;426,77;24496;437;14;1266,03;09.09.2022;EUR
Havehjornet_Social_Prospecting_Jul_202212;7226,36;71110;1526;33;23478,74;27.12.2022;DKK
HH_Social_Retargeting_Havesaeson_202204;7232,22;76024;1033;36;18896,20;01.04.2022;DKK
hh_dk_Social_Retargeting_BlackFriday_202211;7432,30;44858;1117;30;19928,48;09.11.2022;DKK
Havehjornet_Social_Retargeting_BlackFriday_202511_kopi;5275,51;44397;1113;22;16148,59;11.11.2025;DKK
Havehjornet_Social_Retargeting_BlackFriday_202411;14261,52;96739;2121;52;34358,11;20.11.2024;DKK
hh_dk_Social_Retargeting_Alm_202509;2306,13;38780;407;11;5299,80;09.09.2025;DKK
hh_dk_Social_Retargeting_Alm_202401;11753,36;114101;2315;54;22268,77;14.01.2024;DKK
HAVEHJ_Social_Retargeting_Havesaeson_202404;13885,39;78925;3241;70;45273,06;16.04.2024;DKK
HAVEHJ_Social_Prospecting_Alm_202202;14252,64;73935;2032;74;31358,31;03.02.2022;DKK
HAVEHJ_Social_Retargeting_Alm_202210;14789,60;159906;2040;67;40076,67;25.10.2022;DKK
HAVEHJ_Social_Retargeting_Jul_202512;11789,94;79091;1846;43;21872,24;15.12.2025;DKK
HH_Social_Prospecting_Havesaeson_202505;29907,04;214380;6001;149;103773,32;24.05.2025;DKK
HH_Social_Prospecting_Alm_202508;35273,91;181247;11114;193;97000,56;31.08.2025;DKK
HAVEHJ_Social_Retargeting_Alm_202308;5555,66;33269;1121;22;13304,20;31.08.2023;DKK
HH_Social_Retargeting_Havesaeson_202504;4702,16;33989;600;17;8675,03;15.04.2025;DKK
HH_Social_Prospecting_Havesaeson_202206;24510,67;125294;8070;121;89374,98;14.06.2022;DKK
HH_Social_Prospecting_Jul_202412_kopi;30880,81;400633;6771;129;85063,76;04.12.2024;DKK
hh_dk_Social_Prospecting_Alm_202301;7087,76;41254;1388;33;18049,21;25.01.2023;DKK
HH_Social_Prospecting_Havesaeson_202405;32860,50;334682;9514;140;105457,61;03.05.2024;DKK
HAVEHJ_Social_Retargeting_Alm_202510_kopi;5897,01;68076;1557;24;14310,54;15.10.2025;DKK
Havehjornet_Social_Retargeting_Alm_202402_kopi;6793,58;35791;1958;33;17798,49;29.02.2024;DKK
hh_dk_Social_Retargeting_Alm_202209_kopi;9446,92;63439;2731;39;17783,24;15.09.2022;DKK
HAVEHJ_Social_Retargeting_Alm_202408;1818,21;70825;1780;51;4844,85;17.08.2024;EUR
HH_Social_Retargeting_Jul_202512;6193,49;91733;890;25;16453,63;08.12.2025;DKK
HAVEHJ_Social_Prospecting_Alm_202309;9698,59;53791;1469;46;29894,32;29.09.2023;DKK
HAVEHJ_Social_Retargeting_Alm_202308;4913,32;33821;620;20;13386,77;22.08.2023;DKK
hh_dk_Social_Prospecting_Jul_202412;17165,72;119112;2219;97;50370,65;22.12.2024;DKK
Havehjornet_Social_Retargeting_Alm_202403;5526,65;53498;1329;23;12246,61;13.03.2024;DKK
HAVEHJ_Social_Prospecting_Havesaeson_202504;1338,68;74680;2119;50;4374,49;16.04.2025;EUR
Havehjornet_Social_Retargeting_Havesaeson_202305;5786,99;63724;1647;22;18588,81;08.05.2023;DKK
HH_Social_Prospecting_Havesaeson_202504;8840,58;46206;1807;36;25777,41;21.04.2025;DKK
Havehjornet_Social_Prospecting_Alm_202502;31024,89;209798;5006;127;65978,33;17.02.2025;DKK
Havehjornet_Social_Retargeting_Alm_202209;6350,00;34779;1131;26;14765,94;23.09.2022;DKK
hh_dk_Social_Prospecting_Alm_202210;13200,53;189434;3057;55;35858,83;29.10.2022;DKK
HAVEHJ_Social_Prospecting_Havesaeson_202405;22738,52;140755;4021;94;40194,49;17.05.2024;DKK
Havehjornet_Social_Retargeting_Jul_202312;973,80;59959;965;27;1803,67;22.12.2023;EUR
HAVEHJ_Social_Retargeting_Havesaeson_202306;6370,41;52208;1292;31;22094,24;14.06.2023;DKK
HH_Social_Retargeting_Alm_202403;1937,35;23397;351;9;4386,97;24.03.2024;DKK
Havehjornet_Social_Retargeting_BlackFriday_202211;4186,65;78068;1328;19;11107,06;29.11.2022;DKK
hh_dk_Social_Prospecting_Jul_202312;22446,76;112569;3151;119;60572,94;03.12.2023;DKK
hh_dk_Social_Retargeting_Alm_202207;9702,31;69006;2471;44;27942,03;10.07.2022;DKK
HAVEHJ_Social_Retargeting_Alm_202203;5654,60;52838;1176;27;11796,11;05.03.2022;DKK
hh_dk_Social_Prospecting_BlackFriday_202511;7108,74;310050;7165;218;25530,11;03.11.2025;EUR
Havehjornet_Social_Retargeting_Alm_202210;899,14;33875;890;30;2375,96;31.10.2022;EUR
hh_dk_Social_Retargeting_Havesaeson_202504;6808,11;123530;1223;34;20345,28;02.04.2025;DKK
Havehjornet_Social_Prospecting_Havesaeson_202404;16891,02;187020;3828;83;48082,59;01.04.2024;DKK
Havehjornet_Social_Retargeting_Havesaeson_202506;978,61;11843;245;4;2977,94;25.06.2025;DKK
hh_dk_Social_Retargeting_Alm_202209;7037,50;51949;1345;32;17464,81;20.09.2022;DKK
hh_dk_Social_Retargeting_Alm_202601_kopi;405,24;16695;691;12;1034,59;03.01.2026;EUR
HAVEHJ_Social_Prospecting_Havesaeson_202504;28762,13;156900;3956;152;103234,91;19.04.2025;DKK
HAVEHJ_Social_Prospecting_Havesaeson_202305;35906,81;490690;7621;173;136796,13;06.05.2023;DKK
HH_Social_Retargeting_Jul_202512;6435,57;58824;1158;25;12138,32;07.12.2025;DKK
HAVEHJ_Social_Retargeting_Alm_202509_kopi;2882,13;27492;554;14;8138,77;13.09.2025;DKK
HH_Social_Retargeting_Jul_202512;4904,95;37953;628;19;13701,15;18.12.2025;DKK
HAVEHJ_Social_Prospecting_Alm_202201;13140,35;75740;4030;62;38923,85;31.01.2022;DKK
HH_Social_Prospecting_Alm_202307_kopi;2322,21;251081;5290;79;7889,33;06.07.2023;EUR
HH_Social_Retargeting_Jul_202412;14672,82;82777;1970;60;45621,64;03.12.2024;DKK
hh_dk_Social_Prospecting_Havesaeson_202504;1954,59;76184;2376;74;5540,70;09.04.2025;EUR
hh_dk_Social_Retargeting_BlackFriday_202311;3235,10;37772;893;16;8970,46;21.11.2023;DKK
hh_dk_Social_Prospecting_Alm_202403;35738,30;362309;10091;190;105778,58;03.03.2024;DKK
HAVEHJ_Social_Retargeting_Alm_202310_kopi;5385,07;61352;1420;20;15289,17;06.10.2023;DKK
hh_dk_Social_Prospecting_Havesaeson_202506;8310,36;50274;1893;38;22485,80;09.06.2025;DKK
HH_Social_Prospecting_Havesaeson_202405;17024,61;106576;2344;72;48391,68;20.05.2024;DKK
HH_Social_Prospecting_Alm_202508;18294,95;349549;3522;97;58604,30;22.08.2025;DKK
hh_dk_Social_Prospecting_Alm_202507;8441,31;110844;1173;48;17013,60;01.07.2025;DKK
hh_dk_Social_Prospecting_Jul_202312;41277,60;306759;9091;187;124763,90;24.12.2023;DKK
Havehjornet_Social_Prospecting_Alm_202408;33844,58;306719;8150;144;71097,04;23.08.2024;DKK
HAVEHJ_Social_Prospecting_Alm_202203;21027,94;131668;4658;109;43046,48;02.03.2022;DKK
HH_Social_Retargeting_Havesaeson_202405;8327,58;55211;2324;30;21848,84;03.05.2024;DKK
HH_Social_Retargeting_Alm_202202_kopi;13094,30;95790;1916;58;34173,55;15.02.2022;DKK
hh_dk_Social_Retargeting_Alm_202210;4042,84;39548;534;16;11508,55;11.10.2022;DKK
hh_dk_Social_Retargeting_BlackFriday_202411;4169,27;26354;571;19;8727,90;12.11.2024;DKK
hh_dk_Social_Retargeting_Alm_202202;4911,09;38776;721;22;10662,24;12.02.2022;DKK
HAVEHJ_Social_Prospecting_Havesaeson_202205;28694,92;401098;5546;156;95821,58;15.05.2022;DKK
Havehjornet_Social_Prospecting_Alm_202307;5874,92;113499;1066;29;19966,81;01.07.2023;DKK
hh_dk_Social_Retargeting_Alm_202407;1168,45;57429;1283;38;2729,22;30.07.2024;EUR
hh_dk_Social_Retargeting_Havesaeson_202406_kopi;6296,75;113399;998;27;16479,36;08.06.2024;DKK
Havehjornet_Social_Prospecting_Havesaeson_202406;18598,84;97906;2439;96;54087,54;29.06.2024;DKK
HH_Social_Prospecting_Alm_202309;816,07;107019;1352;32;2603,82;21.09.2023;EUR
HH_Social_Retargeting_Jul_202312;1113,99;59563;1481;38;1760,92;11.12.2023;EUR
Havehjornet_Social_Prospecting_Alm_202408;9653,55;407131;14415;391;27303,57;25.08.2024;EUR
Havehjornet_Social_Prospecting_Jul_202412;17169,78;228396;3154;71;50140,40;10.12.2024;DKK
HAVEHJ_Social_Retargeting_Alm_202309;4188,19;24993;549;19;9257,41;23.09.2023;DKK
HAVEHJ_Social_Retargeting_Havesaeson_202506;7027,79;41936;917;27;19293,33;30.06.2025;DKK
Havehjornet_Social_Prospecting_Havesaeson_202504_kopi;4302,79;170972;8036;153;10891,98;24.04.2025;EUR
hh_dk_Social_Prospecting_Havesaeson_202406;18339,88;282964;4470;103;61461,92;06.06.2024;DKK
Havehjornet_Social_Prospecting_Havesaeson_202205;20707,85;200586;2698;98;84086,68;12.05.2022;DKK
hh_dk_Social_Prospecting_Havesaeson_202204_kopi;10842,52;116087;2474;59;39555,64;18.04.2022;DKK
HAVEHJ_Social_Prospecting_Jul_202312;51413,31;351596;7456;264;151246,56;10.12.2023;DKK
Havehjornet_Social_Retargeting_Alm_202403_kopi;14867,03;86141;2153;71;29529,14;21.03.2024;DKK
Havehjornet_Social_Prospecting_Alm_202509;4322,28;22790;580;18;12296,63;27.09.2025;DKK
hh_dk_Social_Prospecting_Alm_202201;9245,42;62445;1609;47;17260,66;23.01.2022;DKK
HAVEHJ_Social_Retargeting_Jul_202312;6204,92;79602;2034;27;15748,50;10.12.2023;DKK
Havehjornet_Social_Retargeting_Alm_202209;17609,94;164915;3874;73;34079,79;01.09.2022;DKK
HH_Social_Retargeting_BlackFriday_202211;1972,61;75584;2443;59;3573,16;22.11.2022;EUR
HH_Social_Retargeting_Jul_202312;3102,54;32866;503;12;6282,37;12.12.2023;DKK
Havehjornet_Social_Retargeting_Havesaeson_202205;6548,50;79609;955;24;18977,50;16.05.2022;DKK
Havehjornet_Social_Prospecting_Alm_202410;14332,34;103903;3905;69;41281,55;26.10.2024;DKK
HAVEHJ_Social_Prospecting_Alm_202403_kopi;11881,46;59989;3390;64;30250,80;12.03.2024;DKK
HH_Social_Retargeting_Alm_202508;9397,21;106663;1334;36;22692,48;24.08.2025;DKK
HAVEHJ_Social_Prospecting_BlackFriday_202511;18823,46;174220;2564;77;46244,73;05.11.2025;DKK
HAVEHJ_Social_Prospecting_Havesaeson_202204;15407,66;87005;2568;79;34556,37;20.04.2022;DKK
hh_dk_Social_Prospecting_Alm_202209;12779,67;223362;2163;57;48088,33;22.09.2022;DKK
HH_Social_Retargeting_Alm_202408;10326,62;66339;2808;39;18566,86;18.08.2024;DKK
HH_Social_Prospecting_BlackFriday_202211;16796,74;196116;3014;70;35244,52;27.11.2022;DKK
HAVEHJ_Social_Prospecting_Alm_202207_kopi;19719,82;182537;3003;111;48352,08;23.07.2022;DKK
HAVEHJ_Social_Prospecting_Havesaeson_202306;21584,59;277260;4977;95;59116,45;21.06.2023;DKK
hh_dk_Social_Retargeting_Alm_202407;7724,40;49910;1759;32;21912,61;09.07.2024;DKK
Havehjornet_Social_Retargeting_Havesaeson_202504;1499,81;114835;3240;50;3043,34;30.04.2025;EUR
hh_dk_Social_Retargeting_Alm_202402;1979,23;159137;2955;71;4084,37;09.02.2024;EUR
hh_dk_Social_Prospecting_Havesaeson_202404;29314,32;395618;4558;131;71756,33;25.04.2024;DKK
Havehjornet_Social_Retargeting_BlackFriday_202411;6720,15;41109;1283;30;14482,26;17.11.2024;DKK
Havehjornet_Social_Prospecting_Alm_202307;13688,53;103030;1800;56;46977,88;07.07.2023;DKK
hh_dk_Social_Retargeting_Alm_202507;11261,64;99571;2842;48;25645,07;01.07.2025;DKK
hh_dk_Social_Prospecting_Alm_202208_kopi;16838,05;84288;2106;93;59968,03;17.08.2022;DKK
HAVEHJ_Social_Retargeting_Jul_202212;6829,25;39346;1733;32;13184,74;01.12.2022;DKK
hh_dk_Social_Retargeting_Havesaeson_202406;10558,13;111010;2017;41;24325,44;29.06.2024;DKK
Havehjornet_Social_Retargeting_Alm_202303;1395,65;17200;424;7;2504,73;14.03.2023;DKK
HAVEHJ_Social_Retargeting_Alm_202509;8875,60;81606;1227;33;18992,12;22.09.2025;DKK
HH_Social_Prospecting_Alm_202207_kopi;9185,18;57759;2563;42;26864,06;19.07.2022;DKK
HAVEHJ_Social_Retargeting_Alm_202309;4542,00;23567;660;23;15044,72;22.09.2023;DKK
HH_Social_Retargeting_Havesaeson_202305;4525,16;48638;983;21;12208,12;13.05.2023;DKK
Havehjornet_Social_Retargeting_Alm_202503;15708,42;181489;2342;69;34775,44;15.03.2025;DKK
HH_Social_Prospecting_Havesaeson_202204;14435,64;107909;2124;71;31585,92;30.04.2022;DKK
hh_dk_Social_Retargeting_Havesaeson_202206;9859,78;168871;1901;39;31142,12;29.06.2022;DKK
Havehjornet_Social_Retargeting_Alm_202202;5402,96;39258;1594;22;15597,74;20.02.2022;DKK
Havehjornet_Social_Retargeting_Alm_202508;9611,99;98959;1510;39;28725,60;05.08.2025;DKK
Havehjornet_Social_Retargeting_Alm_202503;3033,29;21624;646;13;7032,26;07.03.2025;DKK
Havehjornet_Social_Prospecting_Alm_202503;41645,96;295756;6805;230;108979,45;14.03.2025;DKK
HH_Social_Retargeting_Alm_202309;8124,81;141854;1281;29;21900,25;02.09.2023;DKK
Havehjornet_Social_Prospecting_Jul_202412;13791,40;224448;1761;57;39811,85;21.12.2024;DKK
HAVEHJ_Social_Retargeting_Alm_202401;2306,07;117107;3486;78;6116,65;20.01.2024;EUR
Havehjornet_Social_Retargeting_Alm_202503;6448,62;40925;1381;31;16230,97;11.03.2025;DKK
HAVEHJ_Social_Retargeting_Alm_202409;7155,47;38268;1967;32;26424,31;30.09.2024;DKK
Havehjornet_Social_Retargeting_Jul_202412;10223,63;55924;2840;40;26436,55;09.12.2024;DKK
HH_Social_Retargeting_Havesaeson_202404;1333,62;11187;326;5;3567,29;11.04.2024;DKK
HAVEHJ_Social_Retargeting_Havesaeson_202306;12798,11;69995;2275;61;39751,32;21.06.2023;DKK
Havehjornet_Social_Prospecting_Havesaeson_202304;17467,18;314658;5666;83;42001,65;26.04.2023;DKK
HH_Social_Retargeting_Alm_202302;4435,20;71782;694;21;11782,26;18.02.2023;DKK
hh_dk_Social_Prospecting_Jul_202312;11874,64;67056;2185;51;32180,86;05.12.2023;DKK
hh_dk_Social_Prospecting_Alm_202403;14921,60;78088;2048;63;32689,54;10.03.2024;DKK
hh_dk_Social_Prospecting_Alm_202303;15117,66;161876;2879;72;36198,11;16.03.2023;DKK
HAVEHJ_Social_Prospecting_Alm_202210;3994,43;404414;5361;137;13074,05;28.10.2022;EUR
HAVEHJ_Social_Prospecting_Alm_202508;11973,01;117546;1541;55;29271,95;27.08.2025;DKK
HAVEHJ_Social_Retargeting_Alm_202201_kopi;2028,16;77225;2337;73;3774,42;24.01.2022;EUR
HH_Social_Prospecting_Havesaeson_202206;34145,05;654517;5775;167;87189,37;05.06.2022;DKK
HAVEHJ_Social_Retargeting_Havesaeson_202404;6595,75;96281;1663;27;16548,78;12.04.2024;DKK
Havehjornet_Social_Retargeting_BlackFriday_202511;1068,28;62617;1274;33;2648,67;23.11.2025;EUR
HAVEHJ_Social_Retargeting_Alm_202301;7949,91;107189;1688;34;16237,64;04.01.2023;DKK
hh_dk_Social_Retargeting_Alm_202307_kopi;8981,33;70343;1376;45;30756,32;28.07.2023;DKK
HH_Social_Prospecting_Jul_202512;2311,06;40264;301;10;6008,86;22.12.2025;DKK
HAVEHJ_Social_Prospecting_Alm_202302;23330,25;195348;2978;114;56796,94;08.02.2023;DKK
Havehjornet_Social_Prospecting_Havesaeson_202204;19028,71;153445;5394;93;76394,27;16.04.2022;DKK
HH_Social_Retargeting_Alm_202401;2886,71;38212;365;14;6976,06;05.01.2024;DKK
HAVEHJ_Social_Retargeting_Alm_202507;2241,50;103879;5384;75;7662,39;28.07.2025;EUR
Havehjornet_Social_Prospecting_Alm_202401;5138,18;38823;906;28;14573,68;09.01.2024;DKK
Havehjornet_Social_Prospecting_Alm_202403;4692,23;244528;5303;174;15236,96;17.03.2024;EUR
HH_Social_Retargeting_Alm_202202;5643,60;51894;886;26;11633,03;17.02.2022;DKK
Havehjornet_Social_Prospecting_Alm_202402;22521,04;344873;3580;98;68987,98;16.02.2024;DKK
HH_Social_Retargeting_Jul_202412_kopi;423,26;21120;927;12;876,23;28.12.2024;EUR
hh_dk_Social_Retargeting_Alm_202301;9045,15;65186;1217;37;23852,93;27.01.2023;DKK
Havehjornet_Social_Prospecting_Alm_202508;56303,29;560699;9163;252;129704,48;18.08.2025;DKK
HH_Social_Prospecting_Alm_202509;13249,69;124483;2226;73;43887,62;18.09.2025;DKK
HAVEHJ_Social_Retargeting_Alm_202402;452,87;36654;548;12;1540,72;01.02.2024;EUR
HAVEHJ_Social_Retargeting_Alm_202509;1033,24;38657;1162;32;2056,39;14.09.2025;EUR
Havehjornet_Social_Prospecting_Alm_202409;5072,37;294841;5077;154;15489,66;05.09.2024;EUR
HAVEHJ_Social_Retargeting_Alm_202503;7757,03;50437;1850;31;18601,15;09.03.2025;DKK
Havehjornet_Social_Retargeting_Havesaeson_202504_kopi;9673,86;67003;2078;37;20088,02;05.04.2025;DKK
Havehjornet_Social_Retargeting_Alm_202202;7671,29;112097;1026;29;22239,33;06.02.2022;DKK
hh_dk_Social_Prospecting_Alm_202201;24085,28;220379;3728;113;69416,55;24.01.2022;DKK
HAVEHJ_Social_Prospecting_Alm_202402;12362,12;161946;1918;53;29402,37;17.02.2024;DKK
HH_Social_Prospecting_Havesaeson_202206;14526,98;144369;3396;69;40089,86;29.06.2022;DKK
Havehjornet_Social_Prospecting_Havesaeson_202206;10263,83;52492;2192;49;21828,68;16.06.2022;DKK
hh_dk_Social_Retargeting_Alm_202507;8872,37;66923;1132;34;27161,55;08.07.2025;DKK
hh_dk_Social_Retargeting_Jul_202512;6621,32;39125;902;28;15569,33;24.12.2025;DKK
hh_dk_Social_Retargeting_Alm_202503_kopi;4086,43;34343;521;17;7210,20;20.03.2025;DKK
hh_dk_Social_Retargeting_Havesaeson_202506;10817,23;67236;1521;52;23786,79;18.06.2025;DKK
Havehjornet_Social_Retargeting_Alm_202301;4498,76;50309;1053;23;9954,68;01.01.2023;DKK
HH_Social_Retargeting_Alm_202301;12410,64;140765;1560;59;28295,15;31.01.2023;DKK
HAVEHJ_Social_Prospecting_Havesaeson_202406;6831,54;48211;2275;30;18226,46;18.06.2024;DKK
HAVEHJ_Social_Retargeting_Havesaeson_202506;7935,44;51651;2207;34;18637,93;21.06.2025;DKK
hh_dk_Social_Prospecting_Alm_202402;18099,93;191822;5680;85;44950,29;26.02.2024;DKK
hh_dk_Social_Prospecting_Alm_202401;790,15;34114;1745;25;2877,90;27.01.2024;EUR
hh_dk_Social_Retargeting_Havesaeson_202206;7526,41;68341;1133;35;15980,57;04.06.2022;DKK
HH_Social_Prospecting_Alm_202401;2135,26;125738;2215;72;4716,54;16.01.2024;EUR
hh_dk_Social_Prospecting_Alm_202408;22909,06;127615;3038;129;52995,48;27.08.2024;DKK
hh_dk_Social_Prospecting_BlackFriday_202311;8618,68;118816;2698;47;27798,48;09.11.2023;DKK
hh_dk_Social_Prospecting_BlackFriday_202511;5682,98;37825;1199;23;20547,60;26.11.2025;DKK
hh_dk_Social_Prospecting_Havesaeson_202505;1216,35;47681;1502;49;3826,01;14.05.2025;EUR
hh_dk_Social_Retargeting_Alm_202303;12545,12;71343;3746;49;37161,14;06.03.2023;DKK
HAVEHJ_Social_Prospecting_Alm_202309;642,91;24860;1125;20;1891,75;17.09.2023;EUR
hh_dk_Social_Prospecting_BlackFriday_202211;7493,03;542849;8242;280;20058,34;17.11.2022;EUR
HH_Social_Retargeting_Alm_202403;10331,08;161035;1332;42;27753,22;02.03.2024;DKK
HH_Social_Retargeting_BlackFriday_202511;2311,32;38986;470;11;5176,94;05.11.2025;DKK
hh_dk_Social_Retargeting_Alm_202409;10604,47;53494;2796;47;26659,99;19.09.2024;DKK
hh_dk_Social_Retargeting_Jul_202412;11855,17;68492;2272;43;31351,62;17.12.2024;DKK
Havehjornet_Social_Prospecting_Alm_202202;35208,72;362293;10869;147;98974,12;14.02.2022;DKK
HAVEHJ_Social_Prospecting_Havesaeson_202506;15401,55;105128;1958;68;45952,37;18.06.2025;DKK
HH_Social_Retargeting_Alm_202202;12447,42;82858;2280;54;27389,79;23.02.2022;DKK
hh_dk_Social_Prospecting_Alm_202307;8019,58;82532;1652;38;21484,74;15.07.2023;DKK
hh_dk_Social_Retargeting_Alm_202310;7386,89;58480;2441;28;14393,23;30.10.2023;DKK
hh_dk_Social_Retargeting_Havesaeson_202404;12641,64;69874;1620;50;25670,26;29.04.2024;DKK
HH_Social_Prospecting_Havesaeson_202504;14678,05;146804;4097;80;35225,08;17.04.2025;DKK
Havehjornet_Social_Prospecting_Alm_202203;32989,67;430400;4913;176;69650,72;29.03.2022;DKK
Havehjornet_Social_Prospecting_Alm_202210_kopi;16819,51;85572;5172;88;51237,97;08.10.2022;DKK
hh_dk_Social_Retargeting_Jul_202512_kopi;6520,07;102839;1260;30;14895,61;14.12.2025;DKK
HAVEHJ_Social_Prospecting_Alm_202402;1834,69;213261;4397;56;7524,97;02.02.2024;EUR
Havehjornet_Social_Prospecting_BlackFriday_202411;31348,68;602119;6525;161;77194,74;10.11.2024;DKK
Havehjornet_Social_Retargeting_Alm_202508;3952,37;35252;1080;17;10776,84;21.08.2025;DKK
HAVEHJ_Social_Retargeting_Alm_202407;4352,07;26904;998;18;11775,26;10.07.2024;DKK
hh_dk_Social_Retargeting_Alm_202403;3501,44;37630;490;17;6425,60;22.03.2024;DKK
HH_Social_Retargeting_BlackFriday_202311;16949,91;107558;3041;82;50899,48;23.11.2023;DKK
hh_dk_Social_Retargeting_Havesaeson_202205;7301,23;41794;1538;35;16213,41;10.05.2022;DKK
Havehjornet_Social_Prospecting_Alm_202202;2753,24;209166;3523;104;8655,06;13.02.2022;EUR
Havehjornet_Social_Prospecting_Alm_202202;4403,73;253016;6572;141;15839,99;28.02.2022;EUR
HH_Social_Retargeting_Alm_202501;288,17;16742;383;10;905,02;04.01.2025;EUR
HH_Social_Retargeting_Jul_202212;885,88;61577;1085;32;1639,07;22.12.2022;EUR
Havehjornet_Social_Retargeting_Alm_202202;3977,00;51011;620;19;9386,11;02.02.2022;DKK
HAVEHJ_Social_Retargeting_Alm_202307;1029,01;79823;1623;35;4173,78;02.07.2023;EUR
HAVEHJ_Social_Prospecting_Havesaeson_202406;13799,06;96017;1783;61;51440,35;16.06.2024;DKK
HAVEHJ_Social_Prospecting_BlackFriday_202311;26496,29;230455;4615;134;87480,62;29.11.2023;DKK
hh_dk_Social_Prospecting_Alm_202408_kopi;4234,70;196859;5207;168;12416,82;11.08.2024;EUR
hh_dk_Social_Prospecting_Alm_202207;15230,74;92861;2524;80;45404,46;25.07.2022;DKK
HAVEHJ_Social_Prospecting_Alm_202509;3627,74;19560;711;18;9118,62;28.09.2025;DKK
Havehjornet_Social_Prospecting_Alm_202303_kopi;28740,10;205658;3835;156;73132,95;05.03.2023;DKK
Havehjornet_Social_Retargeting_Havesaeson_202304;1439,27;9121;343;6;4451,85;26.04.2023;DKK
hh_dk_Social_Prospecting_Alm_202207_kopi;23348,77;182863;4072;100;56664,33;26.07.2022;DKK
Havehjornet_Social_Prospecting_Havesaeson_202305;6443,39;261782;6842;234;19973,32;30.05.2023;EUR
HH_Social_Retargeting_Alm_202408;1551,51;153239;1726;55;3904,22;27.08.2024;EUR
HH_Social_Prospecting_Alm_202308_kopi;48848,79;369438;9601;198;88739,68;20.08.2023;DKK
hh_dk_Social_Prospecting_Alm_202510;1443,17;102444;1781;60;3853,48;19.10.2025;EUR
hh_dk_Social_Retargeting_Havesaeson_202506;3680,68;60986;839;15;9649,97;14.06.2025;DKK
HH_Social_Prospecting_Havesaeson_202306;16478,18;215940;2106;86;37308,58;26.06.2023;DKK
Havehjornet_Social_Prospecting_Alm_202503;4961,67;256029;12056;172;14904,50;11.03.2025;EUR
HAVEHJ_Social_Retargeting_Alm_202208;6279,28;87164;927;27;14811,51;14.08.2022;DKK
HAVEHJ_Social_Retargeting_Jul_202312;12399,34;142485;1679;59;39900,24;01.12.2023;DKK
hh_dk_Social_Prospecting_Alm_202503;15412,98;141015;3739;66;50894,66;21.03.2025;DKK
HH_Social_Prospecting_Havesaeson_202406;8227,90;73866;1231;33;30105,25;08.06.2024;DKK
HAVEHJ_Social_Prospecting_Jul_202512;2149,75;84497;4225;73;6069,24;11.12.2025;EUR
HAVEHJ_Social_Retargeting_Alm_202203;7343,88;44606;1884;28;18500,17;12.03.2022;DKK
HH_Social_Prospecting_Alm_202207;5213,67;44525;841;26;10267,49;03.07.2022;DKK
HH_Social_Prospecting_Alm_202402;9022,43;72238;2911;37;23170,79;24.02.2024;DKK
HH_Social_Retargeting_Alm_202501;2589,57;17482;332;13;4771,17;10.01.2025;DKK
Havehjornet_Social_Retargeting_Alm_202409;12257,45;86104;1700;51;28098,65;18.09.2024;DKK
hh_dk_Social_Retargeting_Alm_202401;12520,29;62764;3909;57;24600,73;17.01.2024;DKK
hh_dk_Social_Retargeting_Havesaeson_202204;6200,44;87768;915;29;18563,24;07.04.2022;DKK
HH_Social_Retargeting_Havesaeson_202206;2982,90;39804;610;11;7792,97;24.06.2022;DKK
HH_Social_Prospecting_BlackFriday_202511;33472,56;439596;9131;166;116120,50;19.11.2025;DKK
Havehjornet_Social_Retargeting_Havesaeson_202206;1740,59;9738;541;7;5185,54;22.06.2022;DKK
Havehjornet_Social_Prospecting_Havesaeson_202504_kopi;4598,86;25000;612;24;11269,12;01.04.2025;DKK
HAVEHJ_Social_Prospecting_Alm_202303;22569,34;196046;3394;103;54601,08;03.03.2023;DKK
hh_dk_Social_Retargeting_BlackFriday_202411;7512,38;73312;1395;30;15360,58;26.11.2024;DKK
HH_Social_Prospecting_BlackFriday_202211;14615,08;190209;3770;72;33581,58;05.11.2022;DKK
HH_Social_Prospecting_Alm_202310;7180,48;90536;2105;32;17085,29;13.10.2023;DKK
HAVEHJ_Social_Prospecting_Alm_202310;23089,79;147281;2895;97;60212,39;23.10.2023;DKK
hh_dk_Social_Prospecting_Havesaeson_202205;32971,89;309969;6061;150;103007,04;03.05.2022;DKK
hh_dk_Social_Prospecting_Alm_202510_kopi;21612,05;151055;5796;110;82101,64;08.10.2025;DKK
HH_Social_Retargeting_Jul_202512;6573,59;60205;996;32;13605,82;26.12.2025;DKK
HAVEHJ_Social_Prospecting_Alm_202208;29980,06;308461;8245;152;111346,07;16.08.2022;DKK
HAVEHJ_Social_Retargeting_Alm_202303_kopi;1422,91;96009;1834;47;4231,98;18.03.2023;EUR
HH_Social_Retargeting_Havesaeson_202205;4830,75;45353;729;20;12562,10;08.05.2022;DKK
HAVEHJ_Social_Retargeting_Alm_202201;7566,72;58968;1778;29;16505,33;10.01.2022;DKK
HAVEHJ_Social_Retargeting_Alm_202408;7806,16;46474;1026;30;21747,07;09.08.2024;DKK
HH_Social_Prospecting_Alm_202308;1929,07;111344;1848;77;6628,10;28.08.2023;EUR
Havehjornet_Social_Prospecting_Alm_202508;55865,79;585097;10284;232;131949,12;06.08.2025;DKK
hh_dk_Social_Retargeting_Havesaeson_202505;6910,70;47173;1545;28;21726,05;25.05.2025;DKK
HAVEHJ_Social_Retargeting_Alm_202201;378,44;21787;532;13;842,31;06.01.2022;EUR
HH_Social_Prospecting_Alm_202310;6673,64;36884;1511;31;14848,48;01.10.2023;DKK
Havehjornet_Social_Prospecting_Havesaeson_202505;28514,65;225687;3714;135;86601,21;12.05.2025;DKK
HH_Social_Prospecting_Alm_202509;6888,85;110695;1166;29;22529,68;03.09.2025;DKK
Havehjornet_Social_Retargeting_Havesaeson_202404;8413,71;45148;1387;31;16255,66;18.04.2024;DKK
HAVEHJ_Social_Retargeting_BlackFriday_202211;1141,68;64800;2110;40;3085,90;18.11.2022;EUR
HH_Social_Retargeting_Havesaeson_202404;5666,95;30306;1401;27;16429,24;19.04.2024;DKK
HH_Social_Retargeting_Alm_202303;5693,74;32160;988;22;16856,86;30.03.2023;DKK
Havehjornet_Social_Prospecting_Alm_202203;50170,96;265022;7945;252;146205,61;15.03.2022;DKK
HH_Social_Retargeting_Alm_202202;15447,22;242021;3077;60;38112,82;13.02.2022;DKK
hh_dk_Social_Prospecting_Alm_202401;714,42;35136;683;22;1870,10;17.01.2024;EUR
hh_dk_Social_Retargeting_Alm_202402;647,04;28681;1088;19;1456,64;04.02.2024;EUR
HAVEHJ_Social_Prospecting_Havesaeson_202405;51751,85;445588;8583;224;140379,48;09.05.2024;DKK
HH_Social_Retargeting_Alm_202407;9752,16;115668;1793;49;40344,71;11.07.2024;DKK
HAVEHJ_Social_Retargeting_Alm_202401;2490,09;17100;418;11;6751,22;16.01.2024;DKK
HAVEHJ_Social_Prospecting_Alm_202302_kopi;45742,69;454423;12298;207;162831,97;20.02.2023;DKK
hh_dk_Social_Prospecting_Alm_202409;8700,62;97084;2580;46;17808,38;21.09.2024;DKK
Havehjornet_Social_Prospecting_Alm_202410;11142,88;186954;2979;48;31360,94;04.10.2024;DKK
hh_dk_Social_Retargeting_Alm_202302;12177,66;69114;3817;56;24810,24;23.02.2023;DKK
HH_Social_Prospecting_Havesaeson_202306_kopi;27688,88;423033;5180;156;41070,95;16.06.2023;DKK
hh_dk_Social_Retargeting_Alm_202301;5628,21;43161;1526;25;17747,77;13.01.2023;DKK
HH_Social_Retargeting_Jul_202312;23458,08;281245;3811;95;49231,45;17.12.2023;DKK
HH_Social_Prospecting_Alm_202501_kopi;25016,22;348766;3649;102;91925,60;01.01.2025;DKK
HH_Social_Retargeting_Alm_202203_kopi;976,48;123353;1284;30;2215,56;10.03.2022;EUR
HAVEHJ_Social_Prospecting_Havesaeson_202305;41374,19;224713;5375;169;103674,21;02.05.2023;DKK
Havehjornet_Social_Prospecting_Alm_202307;27254,47;141434;6322;124;90587,58;08.07.2023;DKK
HAVEHJ_Social_Retargeting_Alm_202309_kopi;1164,00;67366;1194;36;3178,89;07.09.2023;EUR
HH_Social_Retargeting_Alm_202507;688,29;39172;913;19;1514,98;19.07.2025;EUR
Havehjornet_Social_Retargeting_Havesaeson_202505;6527,29;74048;890;33;16323,34;03.05.2025;DKK
HH_Social_Retargeting_Alm_202408;13150,73;98390;3376;53;32221,72;20.08.2024;DKK
Havehjornet_Social_Prospecting_Alm_202210;24901,23;476758;6563;128;52225,40;18.10.2022;DKK
HH_Social_Prospecting_Alm_202510_kopi;2285,40;11596;404;12;4935,23;12.10.2025;DKK
hh_dk_Social_Retargeting_Alm_202501_kopi;9408,59;109945;1785;44;19306,01;07.01.2025;DKK
Havehjornet_Social_Retargeting_BlackFriday_202511;11853,62;83082;1712;44;29147,52;13.11.2025;DKK
Havehjornet_Social_Prospecting_Havesaeson_202404;2525,90;132150;2562;93;7251,71;02.04.2024;EUR
Havehjornet_Social_Prospecting_Alm_202409;12116,76;78190;2392;53;34952,68;15.09.2024;DKK
Havehjornet_Social_Prospecting_Havesaeson_202405;32682,44;206409;7138;179;105539,19;15.05.2024;DKK
HH_Social_Retargeting_Jul_202212_kopi;10038,65;77272;1980;50;22787,26;03.12.2022;DKK
HH_Social_Prospecting_Alm_202210;7248,96;38140;2141;38;21372,45;01.10.2022;DKK
HH_Social_Retargeting_Alm_202403_kopi;12742,43;94030;1597;56;33304,69;28.03.2024;DKK
hh_dk_Social_Prospecting_BlackFriday_202411;3553,40;470707;3926;111;12610,28;03.11.2024;EUR
hh_dk_Social_Prospecting_Havesaeson_202305;9752,95;76295;2117;42;29736,58;20.05.2023;DKK
Havehjornet_Social_Prospecting_Alm_202502;18701,33;111223;4748;81;49639,23;13.02.2025;DKK
HH_Social_Retargeting_Havesaeson_202206;7753,69;60593;1306;31;18868,54;28.06.2022;DKK
HH_Social_Prospecting_Alm_202208;12333,78;75601;1961;65;31701,77;31.08.2022;DKK
HH_Social_Prospecting_Alm_202301;581,67;33409;639;23;1669,82;10.01.2023;EUR
HAVEHJ_Social_Retargeting_Alm_202202;10040,71;71029;1686;41;21322,70;26.02.2022;DKK
Havehjornet_Social_Retargeting_Alm_202301_kopi;1443,42;116551;1757;40;4435,02;15.01.2023;EUR
hh_dk_Social_Retargeting_Alm_202507_kopi;1138,88;118265;1756;40;2771,99;26.07.2025;EUR
hh_dk_Social_Retargeting_Havesaeson_202404;6032,58;79243;920;27;13862,42;26.04.2024;DKK
Havehjornet_Social_Retargeting_Havesaeson_202306;5179,03;53934;932;25;13570,29;22.06.2023;DKK
Havehjornet_Social_Prospecting_Alm_202301;10203,29;59600;1723;42;17727,44;19.01.2023;DKK
HH_Social_Retargeting_Jul_202312;3616,71;27594;628;15;6775,80;16.12.2023;DKK
HAVEHJ_Social_Retargeting_Alm_202308;7514,82;73037;2339;33;18787,22;28.08.2023;DKK
HAVEHJ_Social_Retargeting_Jul_202512;10786,80;172001;1588;42;25754,21;22.12.2025;DKK
HH_Social_Retargeting_Alm_202207;8974,60;49119;1917;45;26576,76;17.07.2022;DKK
Havehjornet_Social_Prospecting_Havesaeson_202504;6669,29;53017;1011;35;24031,85;11.04.2025;DKK
hh_dk_Social_Retargeting_Havesaeson_202404;303,18;17069;370;9;1119,99;25.04.2024;EUR
hh_dk_Social_Retargeting_Havesaeson_202505;1639,89;10335;473;7;3170,32;12.05.2025;DKK
HH_Social_Prospecting_Alm_202302;39215,09;299045;6837;195;94887,54;13.02.2023;DKK
HAVEHJ_Social_Retargeting_Havesaeson_202406;11762,26;85037;1893;57;30161,05;13.06.2024;DKK
Havehjornet_Social_Prospecting_Alm_202301;3528,70;39117;1160;15;11871,07;05.01.2023;DKK
HAVEHJ_Social_Retargeting_Havesaeson_202404;22973,02;219966;3754;90;58773,14;23.04.2024;DKK
HH_Social_Retargeting_Alm_202303;900,97;69346;850;27;2356,38;24.03.2023;EUR
hh_dk_Social_Retargeting_Alm_202410;7703,26;68279;1836;32;18217,91;14.10.2024;DKK
HAVEHJ_Social_Prospecting_Alm_202301;8983,10;54536;1467;37;29983,74;04.01.2023;DKK
hh_dk_Social_Retargeting_Alm_202501;2770,93;18778;437;10;5054,13;09.01.2025;DKK
HAVEHJ_Social_Retargeting_Alm_202302;3956,49;24357;1195;16;9532,10;24.02.2023;DKK
hh_dk_Social_Retargeting_Havesaeson_202304;4460,75;22744;958;16;15170,61;12.04.2023;DKK
HAVEHJ_Social_Prospecting_Jul_202412;7254,83;86019;1132;40;31173,36;29.12.2024;DKK
HH_Social_Prospecting_Alm_202403;27130,04;182385;5721;116;89096,38;18.03.2024;DKK
Havehjornet_Social_Prospecting_Alm_202209;8414,55;44343;2447;41;16761,37;13.09.2022;DKK
HAVEHJ_Social_Retargeting_Alm_202201;3553,68;28821;945;15;9937,99;19.01.2022;DKK
HAVEHJ_Social_Prospecting_Alm_202408;5767,68;361524;8186;226;18663,02;14.08.2024;EUR
hh_dk_Social_Prospecting_Alm_202508;32282,46;292099;5066;178;91136,71;19.08.2025;DKK
hh_dk_Social_Retargeting_Alm_202509;11267,50;72898;2250;41;21022,94;17.09.2025;DKK
HH_Social_Retargeting_BlackFriday_202211;4614,14;27348;705;18;8882,05;05.11.2022;DKK
HAVEHJ_Social_Retargeting_Alm_202307;7670,71;39488;1263;29;18095,14;11.07.2023;DKK
Havehjornet_Social_Retargeting_Alm_202401;5708,06;47524;1365;22;11662,95;18.01.2024;DKK
hh_dk_Social_Retargeting_BlackFriday_202211;4635,81;27775;624;22;10091,51;27.11.2022;DKK
hh_dk_Social_Prospecting_Havesaeson_202505;18814,92;105341;2636;85;56794,88;22.05.2025;DKK
HAVEHJ_Social_Prospecting_Havesaeson_202406;13626,60;112749;2712;71;43064,00;13.06.2024;DKK
HAVEHJ_Social_Prospecting_Alm_202501;732,36;60496;919;25;1723,45;12.01.2025;EUR
hh_dk_Social_Prospecting_Havesaeson_202304;14551,26;252846;3223;81;41779,50;09.04.2023;DKK
Havehjornet_Social_Retargeting_BlackFriday_202211;7483,90;96605;2048;31;15437,49;07.11.2022;DKK
Havehjornet_Social_Prospecting_Alm_202501;9361,60;47685;1904;50;19958,34;23.01.2025;DKK
Havehjornet_Social_Retargeting_Alm_202407;7082,50;56942;1404;32;19071,22;05.07.2024;DKK
HH_Social_Retargeting_Havesaeson_202206;5402,58;54000;838;26;14883,95;03.06.2022;DKK
hh_dk_Social_Prospecting_Alm_202202;29151,29;149131;4007;137;88044,22;15.02.2022;DKK
HAVEHJ_Social_Retargeting_Alm_202502;6889,87;43427;991;30;17426,95;15.02.2025;DKK
hh_dk_Social_Retargeting_Havesaeson_202505_kopi;5882,49;100194;820;26;15707,09;18.05.2025;DKK
HH_Social_Prospecting_Havesaeson_202304;23548,85;176800;3638;100;37782,68;07.04.2023;DKK
Havehjornet_Social_Prospecting_Jul_202312_kopi;11396,10;70727;2072;48;38165,01;26.12.2023;DKK
HH_Social_Retargeting_Alm_202302;3638,81;18436;547;15;12316,13;26.02.2023;DKK
HH_Social_Prospecting_Alm_202201;7385,27;46252;937;32;20798,64;05.01.2022;DKK
hh_dk_Social_Retargeting_Alm_202502;3084,29;22534;415;12;7696,78;14.02.2025;DKK
HH_Social_Prospecting_Alm_202402;37004,51;197870;5713;176;108197,62;01.02.2024;DKK
hh_dk_Social_Retargeting_BlackFriday_202311;7407,99;41451;1449;28;18920,19;27.11.2023;DKK
HAVEHJ_Social_Prospecting_Alm_202301;8976,82;45521;1448;45;24866,27;06.01.2023;DKK
Havehjornet_Social_Prospecting_Havesaeson_202205;58188,05;301779;14992;281;171518,59;14.05.2022;DKK
HAVEHJ_Social_Retargeting_Alm_202302;3131,84;21305;706;12;7563,09;07.02.2023;DKK
HAVEHJ_Social_Prospecting_Alm_202307;27059,81;516284;4270;133;70335,70;02.07.2023;DKK
HAVEHJ_Social_Prospecting_Havesaeson_202306;12447,82;78847;2769;58;35865,31;14.06.2023;DKK
hh_dk_Social_Retargeting_Havesaeson_202204;11642,52;86575;2613;55;27479,12;13.04.2022;DKK
HAVEHJ_Social_Prospecting_Alm_202307;6440,21;128586;1319;28;19293,13;22.07.2023;DKK
Havehjornet_Social_Retargeting_Havesaeson_202304;1150,85;84183;1079;38;3584,35;07.04.2023;EUR
HH_Social_Retargeting_Jul_202412;11261,25;95637;1481;52;26443,24;30.12.2024;DKK
hh_dk_Social_Prospecting_Havesaeson_202404;20103,48;319047;3397;112;41300,12;27.04.2024;DKK
hh_dk_Social_Retargeting_Alm_202408_kopi;11008,78;86467;1381;40;29256,81;29.08.2024;DKK
HAVEHJ_Social_Prospecting_Alm_202501;8413,01;109493;1939;40;28707,90;07.01.2025;DKK
HH_Social_Prospecting_Havesaeson_202406;14222,92;186677;2050;67;34272,24;17.06.2024;DKK
hh_dk_Social_Retargeting_Havesaeson_202406;7129,36;88579;1050;26;16043,69;19.06.2024;DKK
Havehjornet_Social_Prospecting_Alm_202208;19782,22;105635;2861;84;56284,14;29.08.2022;DKK
HAVEHJ_Social_Retargeting_Alm_202203;7343,88;44606;1884;28;18500,17;12.03.2022;DKK
hh_dk_Social_Retargeting_Alm_202501;7195,59;46694;1162;28;16586,06;28.01.2025;DKK
hh_dk_Social_Prospecting_Alm_202209;13671,05;70991;3579;60;30583,60;15.09.2022;DKK
HAVEHJ_Social_Retargeting_Havesaeson_202304;2810,87;14465;366;13;8699,05;22.04.2023;DKK
hh_dk_Social_Retargeting_Alm_202202;12701,25;73925;1701;63;32556,27;09.02.2022;DKK
hh_dk_Social_Retargeting_Alm_202503;8289,26;64342;1128;38;16278,21;10.03.2025;DKK
Havehjornet_Social_Prospecting_Havesaeson_202506;11327,58;59522;1864;56;29886,33;21.06.2025;DKK
HH_Social_Retargeting_Alm_202407;710,41;45103;845;23;2081,57;31.07.2024;EUR
HH_Social_Prospecting_Jul_202212;24790,67;198939;3355;107;81735,96;22.12.2022;DKK
HAVEHJ_Social_Retargeting_Alm_202309_kopi;2433,30;134305;3173;73;5519,72;12.09.2023;EUR
Havehjornet_Social_Retargeting_Havesaeson_202206;6490,36;62438;1413;26;12241,88;25.06.2022;DKK
hh_dk_Social_Retargeting_Havesaeson_202204;7973,70;145237;1263;37;21511,76;08.04.2022;DKK
HAVEHJ_Social_Prospecting_Alm_202507;14784,75;144238;2957;72;42316,52;31.07.2025;DKK
Havehjornet_Social_Retargeting_Havesaeson_202305;5616,02;103153;934;27;21724,70;10.05.2023;DKK
HAVEHJ_Social_Prospecting_Alm_202201;11154,62;70086;2383;51;29589,70;11.01.2022;DKK
Havehjornet_Social_Prospecting_Alm_202310_kopi;20611,54;176484;3200;99;49485,45;29.10.2023;DKK
HH_Social_Retargeting_Alm_202407;1385,10;66026;1673;46;3129,19;17.07.2024;EUR
HAVEHJ_Social_Prospecting_Alm_202407;19427,48;113264;4704;86;79579,00;20.07.2024;DKK
HAVEHJ_Social_Retargeting_BlackFriday_202311;10103,94;60516;1595;38;16800,78;11.11.2023;DKK
hh_dk_Social_Prospecting_Jul_202312;5766,25;46401;1079;24;17507,30;12.12.2023;DKK
Havehjornet_Social_Prospecting_Alm_202407;39596,55;259467;6670;221;124966,05;31.07.2024;DKK
HH_Social_Prospecting_Alm_202210;10656,35;212703;2727;53;36981,56;11.10.2022;DKK
HAVEHJ_Social_Retargeting_Havesaeson_202305;21434,12;111778;5327;82;69046,27;02.05.2023;DKK
HAVEHJ_Social_Prospecting_Havesaeson_202305;21565,88;121274;6060;96;78096,48;05.05.2023;DKK
HAVEHJ_Social_Prospecting_Alm_202508_kopi;45145,74;569881;6473;224;163526,12;01.08.2025;DKK
hh_dk_Social_Prospecting_Alm_202209;4180,78;215855;4094;148;11097,16;04.09.2022;EUR
hh_dk_Social_Prospecting_BlackFriday_202511;79850,02;1484802;26355;342;176516,48;11.11.2025;DKK
hh_dk_Social_Retargeting_Havesaeson_202305;1742,78;120801;2767;55;4362,93;27.05.2023;EUR
HAVEHJ_Social_Prospecting_Alm_202309;20582,59;177620;2917;109;51707,80;24.09.2023;DKK
hh_dk_Social_Retargeting_Alm_202210;851,06;54126;1072;23;2331,27;12.10.2022;EUR
hh_dk_Social_Prospecting_BlackFriday_202511;4436,45;272931;6160;142;10939,35;08.11.2025;EUR
Havehjornet_Social_Retargeting_Alm_202207;11070,10;59848;3397;55;27694,61;28.07.2022;DKK
HH_Social_Prospecting_Alm_202207;10145,54;61118;2882;51;24466,07;30.07.2022;DKK
HH_Social_Prospecting_Havesaeson_202206;16892,71;239696;2268;72;45773,46;08.06.2022;DKK
HAVEHJ_Social_Prospecting_Alm_202408;5486,66;374554;6089;172;20241,80;30.08.2024;EUR
HAVEHJ_Social_Retargeting_BlackFriday_202411;18535,70;134024;2842;71;52893,91;15.11.2024;DKK
Havehjornet_Social_Retargeting_Alm_202409;4216,48;29144;1140;19;10951,27;10.09.2024;DKK
HAVEHJ_Social_Prospecting_BlackFriday_202511;23668,50;227727;5980;113;71377,56;15.11.2025;DKK
HAVEHJ_Social_Prospecting_Havesaeson_202305;66855,28;384931;9003;292;187637,43;17.05.2023;DKK
Havehjornet_Social_Prospecting_Alm_202410;5329,82;75434;711;22;15657,49;06.10.2024;DKK
HH_Social_Prospecting_Alm_202401;999,43;74429;1396;31;2257,89;18.01.2024;EUR
Havehjornet_Social_Prospecting_Alm_202408;38457,12;489900;8626;158;80621,03;04.08.2024;DKK
Havehjornet_Social_Retargeting_Alm_202403;11007,79;83692;1574;54;34818,48;09.03.2024;DKK
HH_Social_Retargeting_Havesaeson_202205;8552,31;130443;2570;41;20801,59;20.05.2022;DKK
Havehjornet_Social_Retargeting_Alm_202509;349,93;27736;398;12;854,77;07.09.2025;EUR
Havehjornet_Social_Prospecting_Havesaeson_202504;33017,37;176672;7952;148;71395,53;23.04.2025;DKK
HH_Social_Prospecting_Alm_202302;2147,72;272108;2087;79;7187,79;05.02.2023;EUR
hh_dk_Social_Retargeting_Jul_202212;10346,77;71087;3276;51;26414,34;26.12.2022;DKK
hh_dk_Social_Retargeting_Jul_202412;1036,76;39888;1805;37;2337,56;12.12.2024;EUR
hh_dk_Social_Retargeting_Alm_202509;2097,42;22359;520;8;4003,51;16.09.2025;DKK
hh_dk_Social_Retargeting_Havesaeson_202405;2035,91;26158;258;8;5465,59;31.05.2024;DKK
HH_Social_Prospecting_BlackFriday_202211;36278,62;526097;6028;155;109878,29;26.11.2022;DKK
HH_Social_Prospecting_Havesaeson_202205_kopi;46760,35;393857;7714;212;120228,51;22.05.2022;DKK
hh_dk_Social_Retargeting_Alm_202403;2801,75;27859;643;14;7206,16;14.03.2024;DKK
HAVEHJ_Social_Retargeting_Havesaeson_202504_kopi;10572,93;86474;1332;43;31622,55;26.04.2025;DKK
HH_Social_Retargeting_Alm_202503;7203,85;125559;1635;32;15080,81;22.03.2025;DKK
hh_dk_Social_Prospecting_Alm_202208;27298,15;248376;3726;120;80326,34;18.08.2022;DKK
HAVEHJ_Social_Prospecting_Jul_202512;19946,14;301209;2693;113;49909,60;25.12.2025;DKK
HAVEHJ_Social_Prospecting_Alm_202303;6349,81;80287;1213;30;19911,12;02.03.2023;DKK
hh_dk_Social_Retargeting_BlackFriday_202411;12421,78;96256;3917;45;24246,09;25.11.2024;DKK
Havehjornet_Social_Retargeting_Havesaeson_202504;6232,49;72866;934;28;19627,77;27.04.2025;DKK
hh_dk_Social_Retargeting_Alm_202207;3116,67;40184;609;14;6101,61;02.07.2022;DKK
Havehjornet_Social_Prospecting_Alm_202209;20893,14;126644;4617;98;44018,80;09.09.2022;DKK
hh_dk_Social_Retargeting_Alm_202408;1622,06;11242;221;7;4482,17;08.08.2024;DKK
hh_dk_Social_Retargeting_Havesaeson_202304;7887,38;109631;1201;29;17406,05;18.04.2023;DKK
hh_dk_Social_Prospecting_Alm_202408;20454,39;334934;4532;110;63206,30;20.08.2024;DKK
hh_dk_Social_Retargeting_Havesaeson_202504;3209,87;34500;480;12;8492,55;04.04.2025;DKK
Havehjornet_Social_Retargeting_Jul_202212;1563,90;9640;359;6;3013,29;10.12.2022;DKK
HAVEHJ_Social_Retargeting_Alm_202501_kopi;5902,07;51736;1254;22;13134,70;27.01.2025;DKK
Havehjornet_Social_Retargeting_Alm_202307;10130,81;79798;2286;47;27274,50;10.07.2023;DKK
HH_Social_Prospecting_Alm_202508;42076,61;297908;6482;180;132761,85;12.08.2025;DKK
hh_dk_Social_Retargeting_Havesaeson_202204;7464,30;145310;970;30;21797,17;02.04.2022;DKK
hh_dk_Social_Retargeting_Havesaeson_202306;4172,12;24101;678;16;10345,16;13.06.2023;DKK
HH_Social_Prospecting_Havesaeson_202206;8813,80;70356;1523;41;26768,36;11.06.2022;DKK
HAVEHJ_Social_Prospecting_Jul_202412;17645,51;130182;2690;77;60190,70;15.12.2024;DKK
HAVEHJ_Social_Retargeting_BlackFriday_202311;4720,91;23763;1142;23;8902,42;08.11.2023;DKK
HH_Social_Retargeting_Havesaeson_202305;5215,60;51041;764;21;10909,10;26.05.2023;DKK
HH_Social_Prospecting_Alm_202307;13803,80;238311;3369;60;45913,39;16.07.2023;DKK
HH_Social_Retargeting_Alm_202509_kopi;2602,18;25210;444;10;4817,64;26.09.2025;DKK
Havehjornet_Social_Prospecting_Alm_202302;21235,62;115849;3321;110;63785,47;10.02.2023;DKK
HH_Social_Retargeting_Alm_202203;11596,68;118405;2645;49;31173,47;27.03.2022;DKK
Havehjornet_Social_Retargeting_Alm_202409;6467,69;47518;2064;24;20932,80;13.09.2024;DKK
hh_dk_Social_Prospecting_Havesaeson_202304;20705,32;190493;5850;106;68160,91;03.04.2023;DKK
HAVEHJ_Social_Prospecting_Alm_202201;3202,14;31058;425;14;8191,22;17.01.2022;DKK
Havehjornet_Social_Retargeting_Alm_202503;7211,31;38736;1249;28;20500,86;21.03.2025;DKK
hh_dk_Social_Prospecting_Alm_202409;4960,63;32086;1491;22;13101,19;25.09.2024;DKK
hh_dk_Social_Retargeting_Havesaeson_202205;1704,25;113054;2955;50;5041,96;31.05.2022;EUR
HAVEHJ_Social_Prospecting_Alm_202202;14696,20;75821;2886;72;36387,44;23.02.2022;DKK
HH_Social_Prospecting_Alm_202407_kopi;2946,34;309655;3071;111;6715,14;03.07.2024;EUR
HAVEHJ_Social_Prospecting_Alm_202507;31071,42;306054;5385;164;93203,35;17.07.2025;DKK
hh_dk_Social_Prospecting_Alm_202308;33518,02;343653;6860;141;106297,47;30.08.2023;DKK
hh_dk_Social_Prospecting_Alm_202401;13402,62;195358;2153;66;38102,41;20.01.2024;DKK
hh_dk_Social_Retargeting_Alm_202410;1584,90;60577;1734;44;4805,27;06.10.2024;EUR
Havehjornet_Social_Prospecting_Alm_202203;19087,50;119073;2895;106;76123,78;30.03.2022;DKK
HAVEHJ_Social_Retargeting_Havesaeson_202305;996,75;100502;1747;36;2692,12;06.05.2023;EUR
hh_dk_Social_Prospecting_Havesaeson_202504;21846,74;282130;3431;106;50595,81;07.04.2025;DKK
hh_dk_Social_Retargeting_Alm_202201;6885,96;35834;957;32;15669,00;25.01.2022;DKK
Havehjornet_Social_Retargeting_Alm_202310;1589,69;90444;2881;51;4780,79;27.10.2023;EUR
Havehjornet_Social_Prospecting_Alm_202207;24415,04;127719;4550;104;67464,30;17.07.2022;DKK
Havehjornet_Social_Prospecting_Alm_202408;20707,52;185517;4613;105;55231,64;03.08.2024;DKK
HH_Social_Retargeting_Jul_202512;551,84;80335;650;15;1441,15;01.12.2025;EUR
hh_dk_Social_Retargeting_Havesaeson_202505;16537,96;174972;5348;72;38432,48;08.05.2025;DKK
HAVEHJ_Social_Retargeting_Jul_202312;13918,47;131227;2149;54;28600,32;25.12.2023;DKK
HH_Social_Prospecting_Alm_202308;22926,95;154448;3578;102;45123,44;05.08.2023;DKK
HH_Social_Retargeting_Havesaeson_202206;23974,87;387119;6289;96;45903,92;15.06.2022;DKK
HAVEHJ_Social_Prospecting_Jul_202312;2390,21;93139;5851;88;8537,41;15.12.2023;EUR
HAVEHJ_Social_Retargeting_Alm_202210;779,65;33499;1496;21;2120,31;18.10.2022;EUR
HH_Social_Prospecting_Alm_202503;32919,61;195838;5358;150;80245,75;15.03.2025;DKK
HH_Social_Retargeting_Alm_202408;484,87;26587;714;17;1053,00;19.08.2024;EUR
HH_Social_Retargeting_Jul_202512;972,75;49795;963;28;2696,66;05.12.2025;EUR
HAVEHJ_Social_Retargeting_Alm_202208;9756,59;65599;2236;36;24188,74;15.08.2022;DKK
HH_Social_Prospecting_Alm_202407;8719,54;65176;1458;38;25621,25;14.07.2024;DKK
hh_dk_Social_Retargeting_Alm_202202;8731,87;51862;1390;37;19018,35;07.02.2022;DKK
HAVEHJ_Social_Retargeting_Alm_202403;4395,43;25563;922;21;9985,66;29.03.2024;DKK
HH_Social_Retargeting_Havesaeson_202506;9901,51;59282;1863;38;19445,40;13.06.2025;DKK
Havehjornet_Social_Retargeting_Havesaeson_202505;11758,97;60179;2856;44;25621,75;20.05.2025;DKK
HH_Social_Prospecting_BlackFriday_202511;61645,13;651363;8711;279;169828,10;20.11.2025;DKK
HH_Social_Prospecting_Alm_202307;22467,55;138670;3941;106;67456,62;28.07.2023;DKK
HH_Social_Retargeting_Alm_202208;12602,08;63328;1765;46;32230,77;12.08.2022;DKK
Havehjornet_Social_Retargeting_Havesaeson_202504;10496,63;131862;2235;42;22083,10;01.04.2025;DKK
HAVEHJ_Social_Retargeting_Havesaeson_202206;15179,58;86173;1923;58;51243,76;17.06.2022;DKK
Havehjornet_Social_Prospecting_Alm_202201;10486,12;84324;2687;49;43389,01;04.01.2022;DKK
hh_dk_Social_Retargeting_Jul_202312;12367,04;73433;3820;57;26007,93;26.12.2023;DKK
HAVEHJ_Social_Prospecting_Havesaeson_202506;32609,42;190814;4502;154;95107,90;14.06.2025;DKK
HH_Social_Retargeting_Alm_202208;7707,77;67231;1632;38;17824,36;01.08.2022;DKK
HAVEHJ_Social_Prospecting_Alm_202509_kopi;1954,78;165467;2059;69;5920,81;02.09.2025;EUR
HAVEHJ_Social_Retargeting_Havesaeson_202304;10035,80;76451;2205;37;25036,59;02.04.2023;DKK
Havehjornet_Social_Prospecting_Alm_202507;15670,31;92944;2465;72;29857,36;18.07.2025;DKK
HH_Social_Prospecting_Jul_202512;18893,83;189672;3152;94;44215,43;01.12.2025;DKK
hh_dk_Social_Retargeting_Alm_202301;6021,47;72077;1406;23;15030,17;10.01.2023;DKK
hh_dk_Social_Retargeting_Alm_202302;3910,31;39053;833;17;6267,85;05.02.2023;DKK
hh_dk_Social_Retargeting_Alm_202303_kopi;9410,67;82898;1580;46;29404,56;08.03.2023;DKK
HH_Social_Prospecting_Alm_202509;13442,41;92549;2149;64;57202,53;12.09.2025;DKK
Havehjornet_Social_Prospecting_Havesaeson_202506;2909,44;317735;4496;96;6818,55;12.06.2025;EUR
HAVEHJ_Social_Retargeting_Jul_202312;7271,78;72845;1276;30;11985,25;21.12.2023;DKK
HH_Social_Prospecting_Alm_202210;3367,49;346555;4904;124;9809,77;06.10.2022;EUR
hh_dk_Social_Retargeting_Alm_202401;11753,36;114101;2315;54;22268,77;14.01.2024;DKK
hh_dk_Social_Prospecting_Alm_202507;15030,09;170813;3263;81;32568,48;24.07.2025;DKK
HAVEHJ_Social_Retargeting_BlackFriday_202211;2725,09;17005;392;12;5670,98;11.11.2022;DKK
hh_dk_Social_Retargeting_Alm_202308;7158,26;57234;1493;35;19962,42;17.08.2023;DKK
HH_Social_Retargeting_Alm_202308;4308,95;23855;1065;20;11981,98;29.08.2023;DKK
Havehjornet_Social_Retargeting_Alm_202409;8150,82;59739;2562;31;21232,93;24.09.2024;DKK
Havehjornet_Social_Retargeting_Jul_202212;11080,23;62547;2222;53;31853,69;19.12.2022;DKK
Havehjornet_Social_Retargeting_Alm_202207;2991,08;19524;640;13;6983,34;25.07.2022;DKK
HAVEHJ_Social_Prospecting_Alm_202208;4573,51;253553;4474;150;15587,12;14.08.2022;EUR
HAVEHJ_Social_Prospecting_Alm_202501;604,06;43879;915;23;1583,70;25.01.2025;EUR
HAVEHJ_Social_Retargeting_BlackFriday_202411;3417,64;17941;1034;17;6866,45;04.11.2024;DKK
HAVEHJ_Social_Retargeting_Alm_202302;7756,27;39484;1003;36;17102,44;11.02.2023;DKK
hh_dk_Social_Retargeting_Alm_202301;5113,36;28269;1189;21;10598,11;29.01.2023;DKK
HAVEHJ_Social_Retargeting_Alm_202407;502,48;48580;646;17;1258,76;21.07.2024;EUR
Havehjornet_Social_Prospecting_Alm_202207;3373,00;480672;3344;122;13419,57;13.07.2022;EUR
HAVEHJ_Social_Retargeting_Alm_202510;2056,91;37814;374;8;5617,84;02.10.2025;DKK
HAVEHJ_Social_Prospecting_Alm_202409;22639,40;122318;5005;114;64209,31;07.09.2024;DKK
HAVEHJ_Social_Retargeting_Alm_202209;914,92;103029;1536;27;2016,16;25.09.2022;EUR
HH_Social_Retargeting_Alm_202401;2576,14;100803;2817;79;6502,49;22.01.2024;EUR
HH_Social_Retargeting_Alm_202309;2271,68;15530;530;8;4817,60;26.09.2023;DKK
HH_Social_Retargeting_Havesaeson_202206;1635,09;14838;270;7;4539,71;27.06.2022;DKK
HAVEHJ_Social_Prospecting_Alm_202309;13949,52;104264;2045;63;40180,86;15.09.2023;DKK
hh_dk_Social_Retargeting_Alm_202310;4191,44;63117;1258;18;9276,11;15.10.2023;DKK
Havehjornet_Social_Retargeting_Jul_202512;1397,60;64925;1834;42;3850,65;30.12.2025;EUR
HH_Social_Prospecting_Alm_202402;18746,85;137939;3946;104;63762,19;03.02.2024;DKK
Havehjornet_Social_Prospecting_Jul_202412;1246,31;67725;1881;49;3513,22;30.12.2024;EUR
HAVEHJ_Social_Retargeting_Alm_202501;8922,16;64576;1412;33;22682,04;24.01.2025;DKK
hh_dk_Social_Prospecting_Jul_202212;14838,80;278724;2434;79;46231,12;21.12.2022;DKK
hh_dk_Social_Retargeting_Alm_202301;4893,09;30580;1074;24;9054,49;21.01.2023;DKK
hh_dk_Social_Prospecting_Alm_202502;16989,22;85984;4901;78;33554,64;15.02.2025;DKK
Havehjornet_Social_Prospecting_BlackFriday_202411;20414,42;104238;2779;85;57102,58;27.11.2024;DKK
HH_Social_Prospecting_Jul_202412;11311,23;90100;3438;52;31338,62;24.12.2024;DKK
HH_Social_Prospecting_Havesaeson_202306;28489,24;355781;6828;159;59786,24;11.06.2023;DKK
Havehjornet_Social_Retargeting_Havesaeson_202204;5199,47;53656;700;22;12721,55;04.04.2022;DKK
HH_Social_Prospecting_BlackFriday_202211;33520,45;431759;7063;171;84314,51;16.11.2022;DKK
HAVEHJ_Social_Retargeting_Alm_202407;880,45;61885;1265;31;2049,27;15.07.2024;EUR
Havehjornet_Social_Retargeting_Alm_202410;4318,95;28087;1048;20;10149,19;26.10.2024;DKK
HAVEHJ_Social_Retargeting_Alm_202510;5022,64;30023;865;21;8781,52;11.10.2025;DKK
HAVEHJ_Social_Retargeting_Jul_202312;723,77;34386;1242;24;1989,77;20.12.2023;EUR
HH_Social_Retargeting_Alm_202308;6212,95;34978;809;31;12035,44;16.08.2023;DKK
hh_dk_Social_Prospecting_Alm_202302;26361,65;254607;6692;146;58455,21;25.02.2023;DKK
HH_Social_Retargeting_Alm_202308;6206,94;49116;1690;25;18233,82;20.08.2023;DKK
hh_dk_Social_Retargeting_Alm_202409;6632,62;55041;1679;29;16093,34;08.09.2024;DKK
HAVEHJ_Social_Prospecting_Havesaeson_202304;32480,01;389612;5834;133;103280,71;18.04.2023;DKK
hh_dk_Social_Prospecting_Havesaeson_202304;27587,25;366628;7520;128;61606,40;02.04.2023;DKK
hh_dk_Social_Retargeting_Alm_202401;4541,83;36737;664;16;10284,10;12.01.2024;DKK
Havehjornet_Social_Retargeting_Alm_202303;480,13;20223;461;17;1457,35;01.03.2023;EUR
HAVEHJ_Social_Prospecting_Alm_202401;3424,79;30255;545;19;8536,23;30.01.2024;DKK
Havehjornet_Social_Retargeting_BlackFriday_202211;13524,83;134192;2153;58;30749,30;14.11.2022;DKK
hh_dk_Social_Retargeting_BlackFriday_202411;5564,50;37868;998;26;11590,00;05.11.2024;DKK
Havehjornet_Social_Retargeting_Alm_202402;14961,71;190060;2031;72;31871,60;16.02.2024;DKK
HAVEHJ_Social_Prospecting_Alm_202408;51152,25;499497;8376;246;107984,49;07.08.2024;DKK
HAVEHJ_Social_Retargeting_Jul_202312_kopi;12527,09;100848;1706;54;27168,35;05.12.2023;DKK
hh_dk_Social_Retargeting_Jul_202512_kopi;7313,85;39970;1021;36;30788,70;27.12.2025;DKK
hh_dk_Social_Retargeting_Havesaeson_202406;2346,90;14751;499;9;7421,20;28.06.2024;DKK
hh_dk_Social_Prospecting_Alm_202403_kopi;26173,68;146478;6837;123;85378,46;30.03.2024;DKK
Havehjornet_Social_Prospecting_Alm_202307;23093,95;252529;3474;117;62364,97;11.07.2023;DKK
hh_dk_Social_Retargeting_Alm_202408;11373,22;71740;1603;45;26911,98;04.08.2024;DKK
HH_Social_Prospecting_Alm_202502;35714,27;216996;6985;154;114333,49;12.02.2025;DKK
hh_dk_Social_Prospecting_Alm_202509;12319,52;72337;2518;67;36611,84;22.09.2025;DKK
hh_dk_Social_Prospecting_Alm_202303;3307,05;133188;4781;126;9252,64;23.03.2023;EUR
HH_Social_Prospecting_Alm_202407;12149,69;131688;1940;65;34604,82;19.07.2024;DKK
HAVEHJ_Social_Retargeting_Havesaeson_202506;5107,58;50486;1185;25;11470,37;23.06.2025;DKK
HAVEHJ_Social_Retargeting_Alm_202401;2486,60;17079;588;9;6291,99;24.01.2024;DKK
HAVEHJ_Social_Prospecting_Alm_202207;19970,17;134805;2859;104;45542,86;08.07.2022;DKK
hh_dk_Social_Retargeting_Alm_202501;8907,29;53728;1303;37;22540,41;29.01.2025;DKK
HAVEHJ_Social_Prospecting_Alm_202309_kopi;3231,55;170185;3612;134;8515,78;03.09.2023;EUR
Havehjornet_Social_Retargeting_BlackFriday_202211;8802,26;53095;1223;39;20697,56;16.11.2022;DKK
HAVEHJ_Social_Retargeting_Alm_202509;4278,16;24741;552;18;17418,31;03.09.2025;DKK
HAVEHJ_Social_Retargeting_Alm_202503;1529,78;129001;2580;48;4427,63;23.03.2025;EUR
HAVEHJ_Social_Retargeting_Alm_202309;840,25;6811;150;3;1913,28;20.09.2023;DKK
HAVEHJ_Social_Retargeting_Alm_202309;3417,97;36646;778;16;7794,88;16.09.2023;DKK
hh_dk_Social_Prospecting_Havesaeson_202306;18593,42;95700;2586;76;52367,99;24.06.2023;DKK
HH_Social_Retargeting_BlackFriday_202311;8161,69;123182;1204;40;17040,45;25.11.2023;DKK
HH_Social_Prospecting_BlackFriday_202211;39253,00;270008;5172;215;114027,86;06.11.2022;DKK
HAVEHJ_Social_Retargeting_Jul_202212;5243,35;92929;825;23;14189,11;28.12.2022;DKK
Havehjornet_Social_Retargeting_Alm_202408;2628,49;38599;338;10;6669,37;05.08.2024;DKK
hh_dk_Social_Prospecting_Alm_202407;7422,76;140433;1645;34;15880,14;18.07.2024;DKK
HH_Social_Prospecting_Alm_202202;12579,39;71827;2513;69;37027,48;05.02.2022;DKK
Havehjornet_Social_Prospecting_Alm_202310;1925,58;103085;2673;61;5284,24;24.10.2023;EUR
HH_Social_Retargeting_Alm_202507;10601,81;82372;1502;49;20098,60;09.07.2025;DKK
Havehjornet_Social_Prospecting_BlackFriday_202311;41628,73;210002;6391;175;148197,82;19.11.2023;DKK
HH_Social_Retargeting_Alm_202407;7027,81;60209;1114;27;20073,07;13.07.2024;DKK
HH_Social_Retargeting_Havesaeson_202305;8249,25;73271;1265;36;18615,03;19.05.2023;DKK
HAVEHJ_Social_Prospecting_Alm_202403;726,37;37638;1482;23;2091,48;26.03.2024;EUR
hh_dk_Social_Prospecting_Havesaeson_202505_kopi;65503,19;924374;13354;281;173227,66;28.05.2025;DKK
Havehjornet_Social_Prospecting_Havesaeson_202304;48135,66;257955;6291;227;193160,63;29.04.2023;DKK
hh_dk_Social_Prospecting_Havesaeson_202205;26511,09;294596;8563;118;62898,73;09.05.2022;DKK
hh_dk_Social_Prospecting_Havesaeson_202404;10856,74;86434;2579;50;24171,80;30.04.2024;DKK
HAVEHJ_Social_Retargeting_Alm_202501;4598,09;23919;633;19;11005,43;22.01.2025;DKK
hh_dk_Social_Prospecting_Jul_202312;11803,85;120686;1490;59;41702,72;30.12.2023;DKK
HAVEHJ_Social_Prospecting_Alm_202402;16056,78;105263;5111;89;34481,02;08.02.2024;DKK
HH_Social_Prospecting_Havesaeson_202306;9720,80;81496;1745;43;22795,92;17.06.2023;DKK
HAVEHJ_Social_Prospecting_Havesaeson_202304;2473,83;172747;3727;85;6608,94;27.04.2023;EUR
Havehjornet_Social_Prospecting_Alm_202309;13075,99;81644;4230;71;38077,47;10.09.2023;DKK
HAVEHJ_Social_Prospecting_Jul_202412;15147,22;167488;3357;68;37174,08;18.12.2024;DKK
Havehjornet_Social_Retargeting_Alm_202410;1207,75;140047;1913;33;1866,88;09.10.2024;EUR
HAVEHJ_Social_Prospecting_Alm_202410;2207,44;91218;2344;68;7443,20;08.10.2024;EUR
hh_dk_Social_Retargeting_Alm_202303;4608,77;40488;1130;20;10649,31;13.03.2023;DKK
Havehjornet_Social_Retargeting_Alm_202408;8119,34;64516;1043;35;23748,93;10.08.2024;DKK
HH_Social_Prospecting_Alm_202309;1817,84;107227;4338;55;6497,19;19.09.2023;EUR
HH_Social_Prospecting_Alm_202401_kopi;14617,74;129803;2948;71;43317,15;03.01.2024;DKK
Havehjornet_Social_Retargeting_Havesaeson_202306_kopi;13600,21;100448;1970;51;29503,25;18.06.2023;DKK
HAVEHJ_Social_Prospecting_Alm_202409;1282,15;52572;1749;40;3210,52;08.09.2024;EUR
HH_Social_Prospecting_Havesaeson_202206;763,17;75412;1100;31;2343,91;20.06.2022;EUR
HAVEHJ_Social_Prospecting_Jul_202512;18380,79;342273;3435;82;64171,31;15.12.2025;DKK
hh_dk_Social_Retargeting_Jul_202512_kopi;11897,99;68870;1989;51;32246,42;10.12.2025;DKK
HH_Social_Prospecting_Havesaeson_202404_kopi;16501,09;93231;2590;75;72587,08;19.04.2024;DKK
hh_dk_Social_Retargeting_Jul_202312;13949,39;88089;3567;53;39329,39;18.12.2023;DKK
HAVEHJ_Social_Retargeting_Alm_202507;8596,49;139381;1285;33;16183,33;13.07.2025;DKK
HAVEHJ_Social_Retargeting_Alm_202403;8761,63;102706;1166;35;23513,58;30.03.2024;DKK
Havehjornet_Social_Prospecting_BlackFriday_202211;39287,82;409129;5591;176;123559,61;18.11.2022;DKK
HH_Social_Retargeting_Havesaeson_202305;1770,44;187157;3348;64;4078,26;03.05.2023;EUR
HAVEHJ_Social_Prospecting_Havesaeson_202504;11009,38;114648;3006;57;26980,56;15.04.2025;DKK
HH_Social_Retargeting_BlackFriday_202411;3274,86;21317;577;13;11021,47;11.11.2024;DKK
HH_Social_Retargeting_Alm_202510;10754,34;73884;1649;51;27802,98;31.10.2025;DKK
HH_Social_Prospecting_BlackFriday_202311;8904,14;45829;1176;40;25544,30;10.11.2023;DKK
Havehjornet_Social_Prospecting_Alm_202403;23662,61;225429;3832;113;82096,69;05.03.2024;DKK
Havehjornet_Social_Prospecting_Alm_202201;6174,48;101824;1563;32;24024,18;19.01.2022;DKK
HH_Social_Retargeting_Havesaeson_202205;14543,01;107809;2809;60;35006,89;03.05.2022;DKK
HH_Social_Retargeting_Alm_202409;5098,72;81101;836;24;13731,47;02.09.2024;DKK
hh_dk_Social_Retargeting_Alm_202508;6087,69;42399;1221;23;13099,73;22.08.2025;DKK
HAVEHJ_Social_Prospecting_Havesaeson_202205;6584,13;253733;8308;266;22892,37;06.05.2022;EUR
Havehjornet_Social_Retargeting_Havesaeson_202204;12809,12;75658;2243;55;27104,54;25.04.2022;DKK
HAVEHJ_Social_Prospecting_BlackFriday_202211;3446,49;309969;6827;111;9197,35;03.11.2022;EUR
HAVEHJ_Social_Prospecting_Havesaeson_202204;2114,47;102335;4592;80;7961,05;15.04.2022;EUR
hh_dk_Social_Retargeting_Havesaeson_202504;916,94;108641;966;30;2321,65;12.04.2025;EUR
hh_dk_Social_Prospecting_Havesaeson_202504;11758,08;68054;1660;65;38211,08;08.04.2025;DKK
HAVEHJ_Social_Prospecting_BlackFriday_202211;13721,94;191144;2378;76;59547,31;15.11.2022;DKK
HAVEHJ_Social_Prospecting_Havesaeson_202404;21849,89;143832;4272;114;49207,36;21.04.2024;DKK
hh_dk_Social_Prospecting_Alm_202308;13984,99;237022;2299;71;49327,66;04.08.2023;DKK
HAVEHJ_Social_Retargeting_Havesaeson_202506;11231,96;111544;3535;44;29864,10;19.06.2025;DKK
HH_Social_Retargeting_Havesaeson_202504;4702,16;33989;600;17;8675,03;15.04.2025;DKK
HH_Social_Prospecting_Alm_202207;27380,69;478241;7690;138;60219,37;29.07.2022;DKK
hh_dk_Social_Prospecting_Alm_202401;1835,24;99050;2795;58;5263,81;11.01.2024;EUR
HAVEHJ_Social_Prospecting_Alm_202501;11395,12;110945;2060;51;34245,98;14.01.2025;DKK
HH_Social_Prospecting_Alm_202203_kopi;14558,39;87551;3074;69;42669,25;10.03.2022;DKK
HAVEHJ_Social_Prospecting_Alm_202401;13832,44;122587;1947;64;45091,58;24.01.2024;DKK
hh_dk_Social_Retargeting_Alm_202308_kopi;1740,73;10864;267;8;3717,77;12.08.2023;DKK
Havehjornet_Social_Retargeting_Alm_202309;749,75;62601;1539;28;2644,87;29.09.2023;EUR
HAVEHJ_Social_Retargeting_BlackFriday_202511;8800,91;110380;2434;43;24522,57;19.11.2025;DKK
Havehjornet_Social_Retargeting_Alm_202502;724,80;27369;769;24;1387,54;24.02.2025;EUR
hh_dk_Social_Retargeting_Alm_202308;3570,78;30573;517;16;11232,25;02.08.2023;DKK
HAVEHJ_Social_Retargeting_Havesaeson_202305;6330,09;59992;975;24;12201,33;04.05.2023;DKK
Havehjornet_Social_Prospecting_Havesaeson_202406;3613,11;163790;6254;114;7857,76;14.06.2024;EUR
HAVEHJ_Social_Retargeting_Jul_202412;7606,17;52434;1852;29;16679,27;18.12.2024;DKK
HH_Social_Retargeting_BlackFriday_202311;10330,31;68521;1942;41;30914,62;10.11.2023;DKK
hh_dk_Social_Retargeting_Jul_202312_kopi;9368,88;82494;3103;43;23998,93;29.12.2023;DKK
HAVEHJ_Social_Prospecting_Havesaeson_202204;16439,76;176167;3646;82;43305,12;11.04.2022;DKK
HAVEHJ_Social_Retargeting_Alm_202208;6231,56;31471;1342;31;19921,50;26.08.2022;DKK
HH_Social_Retargeting_Alm_202401;1375,18;149114;3093;45;3171,89;27.01.2024;EUR
hh_dk_Social_Retargeting_Havesaeson_202304;1831,60;19745;272;9;5505,76;04.04.2023;DKK
hh_dk_Social_Retargeting_Alm_202507;7771,29;43328;1069;37;18997,44;14.07.2025;DKK
hh_dk_Social_Retargeting_Jul_202212;5625,83;29268;1666;24;11736,78;12.12.2022;DKK
HH_Social_Prospecting_Havesaeson_202405;4166,88;378679;5482;176;11771,48;30.05.2024;EUR
hh_dk_Social_Prospecting_Alm_202210;12171,38;61451;1606;53;36252,31;09.10.2022;DKK
Havehjornet_Social_Retargeting_Alm_202502;10606,60;53654;2704;45;28476,50;02.02.2025;DKK
hh_dk_Social_Prospecting_Alm_202202_kopi;9361,53;61582;1615;40;39571,27;16.02.2022;DKK
Havehjornet_Social_Retargeting_Alm_202203;6683,27;36280;945;27;13907,87;28.03.2022;DKK
Havehjornet_Social_Retargeting_Alm_202209_kopi;1385,93;16296;251;6;4742,51;29.09.2022;DKK
Havehjornet_Social_Retargeting_Alm_202510;369,83;22575;534;12;1147,73;26.10.2025;EUR
Havehjornet_Social_Retargeting_Alm_202508;5823,63;42371;1747;28;18234,32;23.08.2025;DKK
Havehjornet_Social_Retargeting_Jul_202412_kopi;1318,28;11725;245;6;3569,72;19.12.2024;DKK
hh_dk_Social_Retargeting_Alm_202210;6170,67;78900;1160;27;16935,93;20.10.2022;DKK
Havehjornet_Social_Retargeting_Alm_202307;9174,80;61312;2625;41;28069,97;04.07.2023;DKK
hh_dk_Social_Prospecting_Alm_202302;27430,74;457751;4442;131;100149,71;18.02.2023;DKK
HH_Social_Prospecting_BlackFriday_202311;20563,28;104698;5529;108;57873,31;26.11.2023;DKK
hh_dk_Social_Retargeting_Alm_202202;3785,88;27187;947;15;10779,75;05.02.2022;DKK
HAVEHJ_Social_Retargeting_Alm_202403;10598,83;120756;1459;47;23281,26;11.03.2024;DKK
HAVEHJ_Social_Prospecting_Alm_202510;8056,06;64464;1688;43;22561,16;18.10.2025;DKK
hh_dk_Social_Retargeting_BlackFriday_202411;7951,84;108138;1632;35;15119,31;08.11.2024;DKK
hh_dk_Social_Retargeting_Alm_202307;6516,55;38138;973;26;14119,96;24.07.2023;DKK
Havehjornet_Social_Prospecting_Alm_202207;1295,18;50650;1238;40;5216,61;02.07.2022;EUR
hh_dk_Social_Prospecting_Alm_202207;15844,45;118576;4442;80;39769,42;22.07.2022;DKK
HAVEHJ_Social_Retargeting_Alm_202410;12107,41;64686;1545;48;32971,26;13.10.2024;DKK
HH_Social_Prospecting_Jul_202212;19608,03;99933;2756;86;37270,37;08.12.2022;DKK
Havehjornet_Social_Prospecting_Jul_202412;1422,92;78577;1402;54;3149,08;25.12.2024;EUR
HAVEHJ_Social_Retargeting_Alm_202307;591,22;22878;730;17;1915,00;03.07.2023;EUR
Havehjornet_Social_Retargeting_BlackFriday_202511;10350,14;111788;3270;41;24870,95;07.11.2025;DKK
HAVEHJ_Social_Retargeting_Havesaeson_202304;5724,70;65476;720;26;15110,83;03.04.2023;DKK
hh_dk_Social_Retargeting_Havesaeson_202205;12215,95;115342;1656;48;32608,00;15.05.2022;DKK
HH_Social_Prospecting_BlackFriday_202411;26980,53;181031;6175;125;83127,84;15.11.2024;DKK
HH_Social_Retargeting_Alm_202410;3921,23;27811;565;16;13484,91;23.10.2024;DKK
HH_Social_Retargeting_Alm_202601;4693,01;41637;606;17;12561,86;01.01.2026;DKK
hh_dk_Social_Retargeting_Havesaeson_202304;5783,54;65239;757;24;9333,26;13.04.2023;DKK
Havehjornet_Social_Retargeting_Havesaeson_202404;2634,15;155185;3393;72;5348,96;06.04.2024;EUR
Havehjornet_Social_Prospecting_Havesaeson_202206;15229,36;160271;2098;81;48670,34;23.06.2022;DKK
HAVEHJ_Social_Prospecting_Alm_202410;12918,35;82536;1719;63;51555,67;01.10.2024;DKK
HH_Social_Prospecting_Alm_202301;4912,07;31213;734;21;15048,57;31.01.2023;DKK
hh_dk_Social_Retargeting_Alm_202402;10336,16;152653;2666;50;29644,40;18.02.2024;DKK
Havehjornet_Social_Prospecting_Alm_202203;974,39;49809;1474;39;3815,23;19.03.2022;EUR
Havehjornet_Social_Retargeting_Alm_202308;4646,62;27839;905;21;10221,20;26.08.2023;DKK
hh_dk_Social_Prospecting_Havesaeson_202205;54488,38;301246;11222;278;118035,47;07.05.2022;DKK
Havehjornet_Social_Prospecting_Alm_202503;2800,50;177777;4009;100;7557,61;30.03.2025;EUR
Havehjornet_Social_Retargeting_Alm_202307;10740,77;106499;1672;40;25538,95;14.07.2023;DKK
HAVEHJ_Social_Retargeting_Alm_202507;4048,68;27626;523;16;7399,90;18.07.2025;DKK
Havehjornet_Social_Prospecting_BlackFriday_202311;1792,80;247733;2653;66;5125,05;07.11.2023;EUR
HH_Social_Retargeting_Alm_202208;536,40;30528;806;18;1144,46;30.08.2022;EUR
HH_Social_Prospecting_Havesaeson_202504;8348,50;51293;2620;39;22528,87;20.04.2025;DKK
HH_Social_Retargeting_Alm_202209;5954,92;33588;1804;30;16511,92;22.09.2022;DKK
Havehjornet_Social_Prospecting_Alm_202208;25424,71;160754;4701;104;78249,58;19.08.2022;DKK
HAVEHJ_Social_Prospecting_Jul_202412_kopi;26434,28;338659;4469;138;59778,63;05.12.2024;DKK
HH_Social_Retargeting_Havesaeson_202206;10413,31;110640;1453;43;21872,51;14.06.2022;DKK
HH_Social_Retargeting_Alm_202501;11459,15;187839;2732;43;33573,88;08.01.2025;DKK
Havehjornet_Social_Prospecting_Alm_202209_kopi;10189,44;115813;1843;52;35853,51;24.09.2022;DKK
HH_Social_Prospecting_Alm_202208;2342,43;108528;3211;98;7106,32;09.08.2022;EUR
Havehjornet_Social_Retargeting_Alm_202503;5500,60;86569;1363;26;12258,58;27.03.2025;DKK
Havehjornet_Social_Prospecting_Alm_202303;20804,90;320582;2858;110;58302,41;10.03.2023;DKK
hh_dk_Social_Prospecting_Havesaeson_202305;23429,35;140282;3619;121;48983,30;12.05.2023;DKK
hh_dk_Social_Prospecting_Alm_202203;19727,06;219510;2798;97;43008,20;23.03.2022;DKK
Havehjornet_Social_Prospecting_Havesaeson_202506;21217,32;248129;5237;98;79232,55;11.06.2025;DKK
Havehjornet_Social_Retargeting_Alm_202402;7153,44;48719;1061;27;13813,85;24.02.2024;DKK
HH_Social_Retargeting_Havesaeson_202205;18225,24;247387;4193;75;56880,58;28.05.2022;DKK
Havehjornet_Social_Prospecting_Jul_202512;15464,46;253635;4602;86;47233,27;18.12.2025;DKK
hh_dk_Social_Prospecting_Jul_202212;1311,63;57436;2343;46;4419,85;23.12.2022;EUR
hh_dk_Social_Prospecting_Alm_202409;15995,05;99118;5107;73;36104,79;14.09.2024;DKK
Havehjornet_Social_Retargeting_BlackFriday_202511;1577,23;65561;1520;43;3643,87;25.11.2025;EUR
HAVEHJ_Social_Retargeting_Havesaeson_202206;7454,68;115964;1580;33;15913,77;02.06.2022;DKK
hh_dk_Social_Prospecting_Alm_202410_kopi;32953,11;395300;6127;156;78059,19;18.10.2024;DKK
HH_Social_Prospecting_BlackFriday_202311;1978,65;123485;1882;63;4238,11;22.11.2023;EUR
hh_dk_Social_Prospecting_Alm_202202;16075,95;81205;2780;76;39113,41;01.02.2022;DKK
Havehjornet_Social_Prospecting_Jul_202512_kopi;1730,52;76884;2186;58;4192,56;07.12.2025;EUR
Havehjornet_Social_Retargeting_Alm_202408;10553,40;99982;1453;39;21633,93;11.08.2024;DKK
HAVEHJ_Social_Retargeting_Alm_202410;4385,91;26343;1438;21;10825,29;07.10.2024;DKK
HH_Social_Prospecting_Havesaeson_202406;18625,74;95576;2352;102;46118,10;21.06.2024;DKK
Havehjornet_Social_Retargeting_Alm_202509;5117,87;34372;1493;24;16571,81;19.09.2025;DKK
hh_dk_Social_Retargeting_Havesaeson_202505;13832,81;80050;2844;58;39598,30;04.05.2025;DKK
HH_Social_Prospecting_Alm_202402;5511,87;561274;5997;229;16693,08;25.02.2024;EUR
Havehjornet_Social_Retargeting_Jul_202512;3590,20;55309;860;15;10552,61;21.12.2025;DKK
HAVEHJ_Social_Prospecting_Alm_202501;5464,88;38515;699;30;13055,31;26.01.2025;DKK
HAVEHJ_Social_Prospecting_Alm_202209_kopi;3385,67;131507;3978;132;9626,20;23.09.2022;EUR
hh_dk_Social_Retargeting_Alm_202410;7714,49;53582;2181;30;15603,20;25.10.2024;DKK
hh_dk_Social_Prospecting_Havesaeson_202306;5313,81;38762;778;25;15877,55;23.06.2023;DKK
hh_dk_Social_Retargeting_Alm_202309;6794,51;37422;1246;34;14239,03;15.09.2023;DKK
Havehjornet_Social_Prospecting_Alm_202401;21266,88;107310;4552;94;42447,74;14.01.2024;DKK
hh_dk_Social_Retargeting_Havesaeson_202206;1084,21;86783;1798;36;3087,51;30.06.2022;EUR
HAVEHJ_Social_Prospecting_Alm_202509;39744,81;220304;6970;203;83773,56;20.09.2025;DKK
HH_Social_Prospecting_Alm_202502_kopi;37060,09;188525;8241;157;192921,09;14.02.2025;DKK
HAVEHJ_Social_Retargeting_Alm_202210;13980,58;188446;4364;53;43335,25;10.10.2022;DKK
hh_dk_Social_Prospecting_Havesaeson_202206;2832,18;151594;3040;89;7635,41;09.06.2022;EUR
Havehjornet_Social_Prospecting_Alm_202203;23087,89;138136;5848;111;46053,22;09.03.2022;DKK
hh_dk_Social_Retargeting_Havesaeson_202404;5405,59;31326;1688;20;11182,17;24.04.2024;DKK
Havehjornet_Social_Prospecting_Havesaeson_202504;30782,55;291013;4078;142;102302,89;10.04.2025;DKK
hh_dk_Social_Prospecting_Alm_202407;7742,42;40770;1034;36;21825,83;06.07.2024;DKK
Havehjornet_Social_Retargeting_Havesaeson_202206_kopi;15735,66;120410;4658;77;29478,46;19.06.2022;DKK
HAVEHJ_Social_Prospecting_Jul_202312;4748,35;342667;5328;157;15414,31;11.12.2023;EUR
HH_Social_Retargeting_Alm_202209;1715,34;191810;1875;46;3791,69;27.09.2022;EUR
hh_dk_Social_Prospecting_Jul_202412;2043,07;85239;2737;65;5276,22;20.12.2024;EUR
HAVEHJ_Social_Prospecting_Alm_202301;9863,32;85308;1374;55;29566,07;16.01.2023;DKK
hh_dk_Social_Retargeting_Alm_202403;8384,05;42101;1133;33;25132,71;06.03.2024;DKK
hh_dk_Social_Retargeting_BlackFriday_202211;824,47;58343;1230;27;2259,73;21.11.2022;EUR
hh_dk_Social_Retargeting_Alm_202203_kopi;3863,91;48617;531;14;8908,92;04.03.2022;DKK
HH_Social_Retargeting_Havesaeson_202304;7507,52;108778;1100;38;13150,38;08.04.2023;DKK
hh_dk_Social_Prospecting_Havesaeson_202506;15956,28;102436;3974;68;47511,23;01.06.2025;DKK
HH_Social_Retargeting_Havesaeson_202506;3302,75;24952;1058;14;8421,12;20.06.2025;DKK
HH_Social_Prospecting_Alm_202203;31684,45;272623;10507;143;111077,42;14.03.2022;DKK
HH_Social_Retargeting_Alm_202307;9096,41;56286;2040;37;20812,00;29.07.2023;DKK
HH_Social_Retargeting_Havesaeson_202505;5572,18;78326;1070;24;15710,92;07.05.2025;DKK
HH_Social_Retargeting_Havesaeson_202304;6152,56;52141;1800;31;13828,18;29.04.2023;DKK
hh_dk_Social_Retargeting_Jul_202312;6317,53;44305;1380;24;13531,88;14.12.2023;DKK
hh_dk_Social_Prospecting_Alm_202508;25495,52;221383;6366;129;82140,05;08.08.2025;DKK
Havehjornet_Social_Prospecting_Havesaeson_202505;36828,47;499160;5579;176;99893,50;19.05.2025;DKK
HAVEHJ_Social_Prospecting_Alm_202507;9628,06;112104;1405;48;25009,31;12.07.2025;DKK
HH_Social_Prospecting_Alm_202503;14771,01;142479;3214;81;48846,17;19.03.2025;DKK
HH_Social_Retargeting_Alm_202307;3496,55;22781;586;17;9409,98;16.07.2023;DKK
hh_dk_Social_Retargeting_Alm_202403;9544,24;51075;1603;36;28308,38;15.03.2024;DKK
hh_dk_Social_Prospecting_Havesaeson_202405;33881,78;180407;7528;149;114303,26;01.05.2024;DKK
HH_Social_Retargeting_Havesaeson_202306;10497,19;190196;1768;45;22630,48;23.06.2023;DKK
HH_Social_Prospecting_Alm_202201;16010,86;191324;2241;79;46071,50;03.01.2022;DKK
HH_Social_Retargeting_Havesaeson_202505;13079,80;130413;2245;52;21769,43;05.05.2025;DKK
HH_Social_Retargeting_Alm_202201_kopi;3890,30;23350;491;17;8050,90;21.01.2022;DKK
HAVEHJ_Social_Prospecting_Alm_202410;2123,45;167257;2485;75;6766,27;23.10.2024;EUR
HAVEHJ_Social_Retargeting_Havesaeson_202506;8966,50;107922;1292;35;21794,35;16.06.2025;DKK
HH_Social_Retargeting_Alm_202302;4237,08;78386;1170;16;8588,23;17.02.2023;DKK
hh_dk_Social_Retargeting_Alm_202302;7704,83;43830;2487;30;17651,06;15.02.2023;DKK
HAVEHJ_Social_Prospecting_Alm_202509;9787,64;118392;1467;47;29969,55;26.09.2025;DKK
HH_Social_Retargeting_Havesaeson_202305;9217,04;100281;1195;34;22159,58;21.05.2023;DKK
hh_dk_Social_Prospecting_Alm_202410;792,23;44980;1081;28;1827,35;07.10.2024;EUR
hh_dk_Social_Prospecting_BlackFriday_202511;55453,91;335286;16780;294;139498,04;04.11.2025;DKK
Havehjornet_Social_Prospecting_Alm_202209;10881,25;88631;2181;59;38095,82;08.09.2022;DKK
Havehjornet_Social_Prospecting_Jul_202312;2845,02;150047;4693;93;8614,05;23.12.2023;EUR
hh_dk_Social_Prospecting_Havesaeson_202305;29434,06;227979;5981;126;85168,98;13.05.2023;DKK
HH_Social_Prospecting_Jul_202512;4476,44;28461;611;25;12929,59;30.12.2025;DKK
Havehjornet_Social_Prospecting_Havesaeson_202506_kopi;31404,95;167025;5498;135;93450,30;05.06.2025;DKK
Havehjornet_Social_Prospecting_Havesaeson_202504;8210,54;73872;1616;46;22704,16;02.04.2025;DKK
HAVEHJ_Social_Retargeting_Alm_202208;258,93;14671;403;7;761,93;10.08.2022;EUR
HAVEHJ_Social_Prospecting_Alm_202308;38184,87;299773;5038;174;112402,26;31.08.2023;DKK
HH_Social_Prospecting_Jul_202512;11383,43;131860;1888;59;39018,36;10.12.2025;DKK
Havehjornet_Social_Prospecting_Alm_202210;310,02;18336;320;10;863,46;19.10.2022;EUR
HAVEHJ_Social_Retargeting_Alm_202509;1244,49;54231;1289;34;2504,99;04.09.2025;EUR
Havehjornet_Social_Prospecting_BlackFriday_202211;3104,61;139080;4297;125;12951,69;04.11.2022;EUR
HAVEHJ_Social_Prospecting_Alm_202210;4776,96;47192;648;27;12003,79;15.10.2022;DKK
HH_Social_Prospecting_Havesaeson_202205;15495,53;176796;2171;67;46588,70;31.05.2022;DKK
HH_Social_Prospecting_Jul_202412;8483,07;143653;2621;45;17304,13;31.12.2024;DKK
hh_dk_Social_Retargeting_Alm_202202;10363,81;63798;1991;52;28779,04;03.02.2022;DKK
HAVEHJ_Social_Retargeting_Jul_202212;11350,15;70437;1455;49;28619,39;29.12.2022;DKK
hh_dk_Social_Prospecting_Havesaeson_202405;32962,58;197219;9368;183;93048,79;07.05.2024;DKK
HH_Social_Prospecting_Alm_202507;1744,09;86501;1792;67;4904,65;05.07.2025;EUR
hh_dk_Social_Prospecting_Alm_202309;11405,22;161706;2889;47;35987,75;23.09.2023;DKK
hh_dk_Social_Retargeting_Havesaeson_202204;1006,39;41026;1401;29;2508,94;28.04.2022;EUR
HH_Social_Prospecting_Alm_202510_kopi;9904,17;78156;1254;53;29222,93;06.10.2025;DKK
HAVEHJ_Social_Retargeting_Alm_202201;4205,39;69892;936;18;8969,15;13.01.2022;DKK
HAVEHJ_Social_Retargeting_Havesaeson_202504;11105,47;57664;2216;51;24919,84;11.04.2025;DKK
Havehjornet_Social_Retargeting_Jul_202312;8015,33;47497;1256;30;24465,72;30.12.2023;DKK
hh_dk_Social_Prospecting_Havesaeson_202405;30088,98;208243;7433;165;93689,04;06.05.2024;DKK
hh_dk_Social_Prospecting_BlackFriday_202411;28805,57;147898;4136;138;79874,99;08.11.2024;DKK
HAVEHJ_Social_Retargeting_Havesaeson_202206;12606,80;144862;2980;48;28738,09;09.06.2022;DKK
Havehjornet_Social_Retargeting_Alm_202201;985,60;57415;1277;36;2802,35;30.01.2022;EUR
HH_Social_Retargeting_Alm_202308;12908,13;74964;3997;58;30168,64;30.08.2023;DKK
Havehjornet_Social_Prospecting_Alm_202509;9068,01;47617;1294;43;25863,21;13.09.2025;DKK
Havehjornet_Social_Retargeting_Alm_202301_kopi;1210,36;71590;2002;45;3790,20;16.01.2023;EUR
HAVEHJ_Social_Retargeting_Alm_202407;4485,81;64981;621;20;9094,17;28.07.2024;DKK
HAVEHJ_Social_Prospecting_Alm_202410;13311,13;71345;3374;75;39624,34;15.10.2024;DKK
HAVEHJ_Social_Retargeting_Alm_202508;4332,48;26928;1059;17;11821,17;27.08.2025;DKK
hh_dk_Social_Prospecting_Alm_202303_kopi;14410,64;215081;3162;60;38347,89;21.03.2023;DKK
HAVEHJ_Social_Prospecting_Havesaeson_202406_kopi;29304,73;212712;3765;148;114589,98;04.06.2024;DKK
Havehjornet_Social_Retargeting_Alm_202203;8589,89;130646;1329;38;26685,27;31.03.2022;DKK
HH_Social_Retargeting_Alm_202401;4134,09;64625;529;17;7166,47;19.01.2024;DKK
HAVEHJ_Social_Prospecting_Alm_202302;27647,49;157382;7831;125;69719,44;15.02.2023;DKK
HAVEHJ_Social_Retargeting_Alm_202308;5101,30;75054;1007;23;11848,40;09.08.2023;DKK
hh_dk_Social_Retargeting_Jul_202212;2156,46;10870;312;8;7176,59;18.12.2022;DKK
HAVEHJ_Social_Retargeting_Alm_202208_kopi;558,22;50582;735;16;1514,76;18.08.2022;EUR
Havehjornet_Social_Retargeting_Alm_202203;10129,72;57776;2245;39;39042,03;02.03.2022;DKK
hh_dk_Social_Prospecting_Alm_202208;34647,80;361511;8113;149;80912,94;15.08.2022;DKK
HAVEHJ_Social_Retargeting_Alm_202508;6906,34;51974;1437;28;15896,03;16.08.2025;DKK
hh_dk_Social_Retargeting_BlackFriday_202311_kopi;11188,97;210812;2345;53;25500,67;16.11.2023;DKK
HAVEHJ_Social_Prospecting_Alm_202502;19674,85;138755;3313;88;48695,29;08.02.2025;DKK
hh_dk_Social_Retargeting_Havesaeson_202305;2201,34;16136;444;11;6128,26;18.05.2023;DKK
HAVEHJ_Social_Prospecting_Alm_202503;17193,30;144886;3026;98;49503,25;17.03.2025;DKK
HAVEHJ_Social_Retargeting_Alm_202402;1171,62;54631;2588;36;3126,77;10.02.2024;EUR
HAVEHJ_Social_Retargeting_Alm_202409;8204,72;51774;1116;37;15817,64;07.09.2024;DKK
hh_dk_Social_Retargeting_Havesaeson_202305;5437,53;79944;971;27;15617,49;05.05.2023;DKK
Havehjornet_Social_Prospecting_Alm_202503_kopi;25161,88;138452;3405;105;89863,18;20.03.2025;DKK
hh_dk_Social_Retargeting_Alm_202509;7920,95;53351;1404;33;22028,48;01.09.2025;DKK
Havehjornet_Social_Prospecting_Alm_202207;4714,20;78862;742;24;12170,54;07.07.2022;DKK
HAVEHJ_Social_Prospecting_Alm_202302;10637,65;63212;2893;48;30630,56;07.02.2023;DKK
HAVEHJ_Social_Prospecting_Havesaeson_202305;4228,07;408916;10053;132;8669,40;01.05.2023;EUR
Havehjornet_Social_Retargeting_Alm_202303;7601,69;57451;1327;33;23390,65;11.03.2023;DKK
hh_dk_Social_Prospecting_Havesaeson_202206;4183,36;172173;5812;136;15851,95;01.06.2022;EUR
HAVEHJ_Social_Prospecting_Alm_202508;30498,56;219397;7955;130;71503,73;10.08.2025;DKK
HAVEHJ_Social_Retargeting_Alm_202302;376,05;23801;438;11;1078,02;22.02.2023;EUR
hh_dk_Social_Prospecting_Alm_202403;36072,72;200702;9028;148;103360,03;23.03.2024;DKK
hh_dk_Social_Retargeting_Havesaeson_202306;4450,28;35357;597;20;9321,53;01.06.2023;DKK
hh_dk_Social_Prospecting_Jul_202212_kopi;82324,05;593919;14373;334;259609,90;04.12.2022;DKK
hh_dk_Social_Retargeting_Alm_202310;7450,45;73161;1221;32;19228,64;18.10.2023;DKK
HAVEHJ_Social_Retargeting_BlackFriday_202511;17692,75;110345;2269;68;55986,07;17.11.2025;DKK
HH_Social_Retargeting_Alm_202503_kopi;9386,99;52261;2580;45;26940,66;17.03.2025;DKK
Havehjornet_Social_Prospecting_Alm_202409;3338,47;16887;545;14;9377,74;17.09.2024;DKK
HH_Social_Retargeting_Havesaeson_202304;10628,26;74047;1362;41;24590,07;15.04.2023;DKK
Havehjornet_Social_Prospecting_Alm_202401;5664,69;35618;1308;30;14622,60;01.01.2024;DKK
HH_Social_Retargeting_Alm_202302;2966,64;18124;514;12;12903,13;01.02.2023;DKK
Havehjornet_Social_Prospecting_Havesaeson_202505_kopi;27561,49;289703;5737;118;82637,99;06.05.2025;DKK
Havehjornet_Social_Prospecting_Alm_202207;2498,52;115013;3120;106;7697,01;31.07.2022;EUR
HAVEHJ_Social_Prospecting_Jul_202212;12676,64;68205;4220;63;41778,45;26.12.2022;DKK
hh_dk_Social_Retargeting_Alm_202409;11199,08;68955;2179;55;27385,52;27.09.2024;DKK
hh_dk_Social_Prospecting_Alm_202309;4550,75;198864;4959;143;12572,20;07.09.2023;EUR
HH_Social_Retargeting_Alm_202503;14257,59;117594;1782;68;31514,76;16.03.2025;DKK
HAVEHJ_Social_Prospecting_Alm_202403_kopi;4497,68;305210;8052;148;12899,40;20.03.2024;EUR
HH_Social_Prospecting_Alm_202301;27473,15;140068;5124;121;101984,37;26.01.2023;DKK
HAVEHJ_Social_Prospecting_Alm_202401;17114,89;93923;4706;93;42778,65;22.01.2024;DKK
hh_dk_Social_Prospecting_Havesaeson_202506;4616,06;294399;5130;163;12690,51;07.06.2025;EUR
HAVEHJ_Social_Retargeting_Havesaeson_202506;6143,53;39722;904;30;16387,87;04.06.2025;DKK
Havehjornet_Social_Prospecting_BlackFriday_202511;3052,05;165244;6925;97;6484,50;21.11.2025;EUR
Havehjornet_Social_Retargeting_Alm_202510;767,63;46798;1347;21;2051,06;20.10.2025;EUR
Havehjornet_Social_Prospecting_Alm_202410;25090,79;305072;4242;110;64273,91;12.10.2024;DKK
HH_Social_Retargeting_Alm_202203;5739,25;30838;1049;23;14471,97;18.03.2022;DKK
HAVEHJ_Social_Prospecting_Alm_202309;19199,78;268267;3289;102;60417,94;11.09.2023;DKK
HH_Social_Prospecting_Alm_202503;21170,98;263084;2872;102;63737,64;26.03.2025;DKK
hh_dk_Social_Prospecting_Alm_202207;7210,10;45112;1704;30;27030,53;09.07.2022;DKK
HAVEHJ_Social_Prospecting_Havesaeson_202405;4004,28;467816;4307;169;11471,77;04.05.2024;EUR
HH_Social_Prospecting_Alm_202409;21964,58;315772;5957;124;54410,65;06.09.2024;DKK
Havehjornet_Social_Retargeting_Havesaeson_202306;5794,71;53770;1606;23;18226,78;19.06.2023;DKK
hh_dk_Social_Prospecting_Alm_202301;19342,25;119642;4013;90;41371,39;18.01.2023;DKK
HAVEHJ_Social_Prospecting_Alm_202409;18196,63;256189;2923;81;53819,27;13.09.2024;DKK
HH_Social_Retargeting_Havesaeson_202406;6103,54;33110;1146;25;14787,61;20.06.2024;DKK
Havehjornet_Social_Prospecting_Alm_202301;796,09;60156;752;28;2823,31;03.01.2023;EUR
HAVEHJ_Social_Retargeting_Havesaeson_202505;4182,32;56816;575;17;8991,74;27.05.2025;DKK
Havehjornet_Social_Prospecting_Havesaeson_202404;23236,52;158498;3152;113;67412,04;29.04.2024;DKK
HAVEHJ_Social_Retargeting_Alm_202503;2912,95;57175;676;14;6968,61;26.03.2025;DKK
HAVEHJ_Social_Prospecting_Havesaeson_202405;25572,78;170122;4054;132;72976,05;23.05.2024;DKK
HH_Social_Retargeting_Alm_202307;11055,75;139812;2362;46;29610,20;08.07.2023;DKK
hh_dk_Social_Retargeting_Alm_202203;8061,80;61895;2508;33;22036,25;29.03.2022;DKK
HAVEHJ_Social_Prospecting_Alm_202202;18965,29;123049;4211;104;38384,09;12.02.2022;DKK
hh_dk_Social_Prospecting_Alm_202208;16514,05;218886;2563;92;44593,50;03.08.2022;DKK
HH_Social_Prospecting_Alm_202502;742,44;34556;813;30;2312,19;20.02.2025;EUR
Havehjornet_Social_Retargeting_Alm_202210;1415,98;14959;302;7;2929,93;28.10.2022;DKK
Havehjornet_Social_Retargeting_BlackFriday_202511;4471,99;29710;568;18;12554,45;28.11.2025;DKK
HH_Social_Prospecting_Alm_202409;14584,67;157793;2711;60;35035,73;10.09.2024;DKK
Havehjornet_Social_Prospecting_Jul_202312;2595,83;365263;5898;109;7410,41;20.12.2023;EUR
hh_dk_Social_Prospecting_Alm_202408;17605,25;128884;2595;96;54236,70;13.08.2024;DKK
HAVEHJ_Social_Retargeting_BlackFriday_202311;5326,72;56471;681;22;11203,21;03.11.2023;DKK
HAVEHJ_Social_Retargeting_Havesaeson_202406;1363,32;88657;2734;42;3719,18;27.06.2024;EUR
HAVEHJ_Social_Prospecting_Alm_202507;13029,60;98773;2036;69;42167,47;04.07.2025;DKK
HAVEHJ_Social_Prospecting_Havesaeson_202305;22885,48;149491;4769;97;68906,92;10.05.2023;DKK
HH_Social_Retargeting_Alm_202307;8092,56;45643;1559;34;21704,36;27.07.2023;DKK
hh_dk_Social_Prospecting_Alm_202307;5855,23;65201;1068;29;15566,85;12.07.2023;DKK
hh_dk_Social_Prospecting_Alm_202310;42196,58;250503;12827;235;103618,77;27.10.2023;DKK
hh_dk_Social_Prospecting_Havesaeson_202406;11212,97;196660;2736;54;37989,88;07.06.2024;DKK
HAVEHJ_Social_Retargeting_BlackFriday_202211;9402,24;175614;2221;37;18458,42;13.11.2022;DKK
hh_dk_Social_Prospecting_Alm_202309;12290,17;176160;1862;58;27757,33;01.09.2023;DKK
HAVEHJ_Social_Retargeting_Havesaeson_202205;13884,56;193020;4187;63;36929,82;09.05.2022;DKK
HAVEHJ_Social_Prospecting_Alm_202308;23614,93;203959;4790;100;86928,92;22.08.2023;DKK
HH_Social_Retargeting_Alm_202508;7444,25;86171;2162;34;16792,63;10.08.2025;DKK
hh_dk_Social_Prospecting_BlackFriday_202411;37680,42;397889;4919;164;95486,19;18.11.2024;DKK
HAVEHJ_Social_Prospecting_Jul_202412;12423,04;78146;1654;67;35699,71;23.12.2024;DKK
hh_dk_Social_Retargeting_Alm_202207;6324,04;37082;1173;25;11003,83;22.07.2022;DKK
HH_Social_Prospecting_Havesaeson_202405_kopi;2507,77;179351;3327;93;6750,32;27.05.2024;EUR
HH_Social_Prospecting_Alm_202302;11453,08;59618;1768;49;27993,09;02.02.2023;DKK
Havehjornet_Social_Retargeting_Alm_202210;8551,72;74305;1267;38;24017,02;06.10.2022;DKK
Havehjornet_Social_Prospecting_Alm_202503;49126,37;401490;7463;208;164338,83;01.03.2025;DKK
HH_Social_Retargeting_Jul_202412;1192,67;45645;1784;35;3103,83;25.12.2024;EUR
HH_Social_Prospecting_Havesaeson_202504;16894,60;257575;3034;92;44907,46;12.04.2025;DKK
HH_Social_Retargeting_Alm_202308;6490,75;41567;1307;29;17264,64;24.08.2023;DKK
hh_dk_Social_Retargeting_Alm_202503;490,37;33879;763;14;1301,20;12.03.2025;EUR
hh_dk_Social_Retargeting_Alm_202202;18736,40;115513;3504;78;44263,41;14.02.2022;DKK
Havehjornet_Social_Retargeting_Alm_202209;684,87;56689;1324;21;2158,28;06.09.2022;EUR
HAVEHJ_Social_Retargeting_Alm_202401_kopi;3636,61;19318;468;16;9100,34;15.01.2024;DKK
HH_Social_Retargeting_Alm_202401;966,95;7989;172;4;1830,61;11.01.2024;DKK
hh_dk_Social_Prospecting_Alm_202501;27130,00;153796;4070;123;89208,91;20.01.2025;DKK
HAVEHJ_Social_Prospecting_Alm_202508;50840,93;334817;11518;240;181975,90;23.08.2025;DKK
hh_dk_Social_Prospecting_Havesaeson_202405;22138,86;318853;3057;91;59994,33;21.05.2024;DKK
Havehjornet_Social_Prospecting_Alm_202202;21424,14;118203;3424;108;82564,93;11.02.2022;DKK
hh_dk_Social_Prospecting_Alm_202307;11502,39;75559;2799;50;34241,39;17.07.2023;DKK
Havehjornet_Social_Retargeting_Alm_202207;5027,74;34153;748;20;17927,36;31.07.2022;DKK
HH_Social_Retargeting_Havesaeson_202305;1770,44;187157;3348;64;4078,26;03.05.2023;EUR
HH_Social_Prospecting_Alm_202508;13629,55;153046;2547;56;47119,24;28.08.2025;DKK
hh_dk_Social_Retargeting_Alm_202303;10632,12;78804;2558;39;27318,78;17.03.2023;DKK
HH_Social_Prospecting_Alm_202302;29804,75;350016;4303;161;109050,61;21.02.2023;DKK
hh_dk_Social_Retargeting_Havesaeson_202304;7173,69;102975;1844;26;19890,09;28.04.2023;DKK
HAVEHJ_Social_Retargeting_Havesaeson_202506;8816,43;46235;2112;37;22018,79;17.06.2025;DKK
HH_Social_Retargeting_Alm_202409;1804,16;15120;533;7;4375,51;15.09.2024;DKK
HAVEHJ_Social_Retargeting_Alm_202307;4589,69;52755;691;21;13385,85;07.07.2023;DKK
HH_Social_Prospecting_Havesaeson_202305;33843,67;179110;9779;152;104374,84;31.05.2023;DKK
hh_dk_Social_Prospecting_BlackFriday_202511_kopi;30270,80;200445;8135;142;110186,53;18.11.2025;DKK
hh_dk_Social_Retargeting_Havesaeson_202405;5679,30;65689;1685;21;16416,14;26.05.2024;DKK
HAVEHJ_Social_Prospecting_Havesaeson_202404;1947,24;73524;1830;73;5460,44;12.04.2024;EUR
hh_dk_Social_Retargeting_Alm_202208;1219,42;54229;1486;42;2376,91;16.08.2022;EUR
Havehjornet_Social_Prospecting_Havesaeson_202304;2171,90;162207;2089;71;5423,52;01.04.2023;EUR
Havehjornet_Social_Retargeting_Alm_202502_kopi;10780,27;58121;1755;50;19016,14;10.02.2025;DKK
HH_Social_Prospecting_Alm_202507;1508,76;104754;1901;63;3315,99;08.07.2025;EUR
HH_Social_Prospecting_Alm_202408;18828,93;113517;5694;76;61678,98;29.08.2024;DKK
HAVEHJ_Social_Prospecting_BlackFriday_202511;4368,04;493248;5465;142;10497,24;07.11.2025;EUR
HH_Social_Retargeting_Alm_202503;838,38;33391;996;30;1771,58;14.03.2025;EUR
Havehjornet_Social_Prospecting_Alm_202409;9849,03;88196;2155;54;20303,10;18.09.2024;DKK
Havehjornet_Social_Prospecting_BlackFriday_202511;17956,82;214167;2380;88;58851,99;16.11.2025;DKK
Havehjornet_Social_Prospecting_Alm_202402;952,61;36093;960;37;3037,39;04.02.2024;EUR
HH_Social_Prospecting_Alm_202501;3233,77;20594;679;14;9072,73;15.01.2025;DKK
Havehjornet_Social_Prospecting_Alm_202310;1547,38;59705;2041;48;4402,73;08.10.2023;EUR
HH_Social_Retargeting_Alm_202209;13835,77;72157;2690;64;42756,74;30.09.2022;DKK
Havehjornet_Social_Prospecting_Havesaeson_202504;14237,89;160049;2393;80;36603,89;26.04.2025;DKK
HAVEHJ_Social_Prospecting_Alm_202503;19805,93;294826;6036;87;35277,39;06.03.2025;DKK
Havehjornet_Social_Retargeting_Alm_202210;805,94;54574;1238;24;1766,22;22.10.2022;EUR
HAVEHJ_Social_Retargeting_Alm_202403_kopi;2990,58;19349;412;13;8170,59;04.03.2024;DKK
HAVEHJ_Social_Retargeting_Alm_202403_kopi;8082,41;45295;1949;39;26463,38;07.03.2024;DKK
HH_Social_Prospecting_Alm_202303;4000,64;517233;7732;167;10444,39;08.03.2023;EUR
Havehjornet_Social_Prospecting_Alm_202501;1011,74;110881;2449;37;2823,60;03.01.2025;EUR
Havehjornet_Social_Retargeting_Alm_202309;1064,43;76606;1413;36;2695,31;18.09.2023;EUR
HH_Social_Retargeting_Havesaeson_202305;5783,72;52854;1491;23;12645,95;12.05.2023;DKK
hh_dk_Social_Retargeting_Alm_202509;2580,20;16212;325;11;6932,55;21.09.2025;DKK
hh_dk_Social_Retargeting_Havesaeson_202506;5045,97;65304;944;21;11794,12;07.06.2025;DKK
HH_Social_Retargeting_Havesaeson_202506;5664,82;45946;962;25;18023,98;11.06.2025;DKK
HH_Social_Prospecting_Alm_202210;13236,65;106599;1660;54;46834,29;04.10.2022;DKK
hh_dk_Social_Retargeting_Alm_202508_kopi;9661,39;54821;1330;39;22121,87;18.08.2025;DKK
hh_dk_Social_Prospecting_Alm_202307;17100,85;103777;2610;79;57515,29;25.07.2023;DKK
HH_Social_Retargeting_Alm_202209;877,26;86806;927;33;2769,43;14.09.2022;EUR
Havehjornet_Social_Retargeting_Alm_202410;23631,16;136448;7090;91;78183,73;01.10.2024;DKK
HH_Social_Prospecting_Alm_202503;37063,65;284205;8965;199;91707,64;09.03.2025;DKK
HH_Social_Retargeting_Alm_202208;4929,39;72357;833;19;10033,67;27.08.2022;DKK
HH_Social_Prospecting_Alm_202502;28287,43;199372;5325;127;70836,74;26.02.2025;DKK
HH_Social_Prospecting_Havesaeson_202504_kopi;15062,84;178559;1904;68;37268,31;14.04.2025;DKK
HH_Social_Prospecting_Alm_202301;7204,14;40164;2290;38;17801,15;21.01.2023;DKK
HH_Social_Retargeting_Alm_202310;9265,65;88301;2367;34;26139,67;11.10.2023;DKK
HH_Social_Prospecting_Alm_202308;14601,15;88925;2146;74;42761,59;10.08.2023;DKK
HAVEHJ_Social_Retargeting_Havesaeson_202505;1055,84;60881;2137;30;3974,70;29.05.2025;EUR
HH_Social_Retargeting_Alm_202409;1328,86;115663;1351;41;2603,58;28.09.2024;EUR
HH_Social_Retargeting_Alm_202302;11678,72;169535;1517;49;41553,19;12.02.2023;DKK
Havehjornet_Social_Prospecting_Alm_202501;18094,11;116113;3044;76;64006,32;04.01.2025;DKK
hh_dk_Social_Prospecting_Havesaeson_202404;2128,00;89223;3645;82;5290,21;05.04.2024;EUR
hh_dk_Social_Prospecting_Havesaeson_202505;17996,23;204588;2523;99;55062,08;15.05.2025;DKK
hh_dk_Social_Retargeting_Havesaeson_202505;5282,30;33666;992;19;14552,88;24.05.2025;DKK
HH_Social_Prospecting_Alm_202409_kopi;14796,85;91383;2056;61;55603,24;11.09.2024;DKK
HH_Social_Prospecting_Alm_202309;24015,31;134492;3015;102;67467,09;05.09.2023;DKK
hh_dk_Social_Retargeting_Alm_202502;9469,57;56218;1233;43;32387,72;03.02.2025;DKK
HH_Social_Retargeting_BlackFriday_202411;7850,04;70696;2229;38;15458,82;06.11.2024;DKK
HH_Social_Prospecting_Alm_202203;2739,71;304665;3062;111;6449,43;22.03.2022;EUR
Havehjornet_Social_Prospecting_Alm_202308;34541,70;241245;6008;159;105598,62;07.08.2023;DKK
HH_Social_Retargeting_Alm_202509;2335,21;14934;441;10;4260,61;08.09.2025;DKK
hh_dk_Social_Prospecting_Alm_202307;1843,11;173365;1863;63;5447,15;23.07.2023;EUR
hh_dk_Social_Retargeting_Alm_202309;2266,67;271257;4491;83;5628,97;27.09.2023;EUR
Havehjornet_Social_Retargeting_Alm_202210;9116,51;64824;1149;40;34563,91;07.10.2022;DKK
Havehjornet_Social_Prospecting_Alm_202401;21888,71;263570;4956;92;87122,85;08.01.2024;DKK
Havehjornet_Social_Prospecting_Alm_202401;5650,86;29140;1359;24;19751,45;02.01.2024;DKK
HH_Social_Retargeting_Alm_202210;1477,42;209490;2437;46;3293,05;27.10.2022;EUR
HAVEHJ_Social_Prospecting_Alm_202503;36972,31;236081;10807;200;116058,55;03.03.2025;DKK
hh_dk_Social_Retargeting_Alm_202303;572,73;22991;707;16;1523,22;31.03.2023;EUR
Havehjornet_Social_Retargeting_BlackFriday_202411;6054,04;54774;1107;25;16597,87;03.11.2024;DKK
HAVEHJ_Social_Prospecting_Alm_202403;28083,90;316651;5238;150;84352,53;06.03.2024;DKK
Havehjornet_Social_Retargeting_Alm_202308;4955,61;46339;1127;19;11341,61;04.08.2023;DKK
hh_dk_Social_Prospecting_Jul_202512;14139,64;114213;2217;65;36377,21;16.12.2025;DKK
Havehjornet_Social_Prospecting_Havesaeson_202305;63713,34;1018676;10319;288;179679,79;14.05.2023;DKK
Havehjornet_Social_Retargeting_Havesaeson_202506;13337,80;125531;4157;64;37408,56;05.06.2025;DKK
HH_Social_Retargeting_Alm_202501;10580,67;122118;1760;49;29933,85;23.01.2025;DKK
HH_Social_Prospecting_BlackFriday_202411;23833,77;137375;4348;132;49291,05;09.11.2024;DKK
Havehjornet_Social_Retargeting_BlackFriday_202211_kopi;2407,79;44813;301;12;5006,66;28.11.2022;DKK
hh_dk_Social_Retargeting_Alm_202303_kopi;4965,08;52308;669;20;9869,57;29.03.2023;DKK
HH_Social_Prospecting_Alm_202407;16402,45;148735;4106;90;39404,67;26.07.2024;DKK
hh_dk_Social_Retargeting_Jul_202212;21867,20;260369;3054;95;56976,29;02.12.2022;DKK
hh_dk_Social_Prospecting_Havesaeson_202304;3928,69;203083;4633;158;8985,70;20.04.2023;EUR
HAVEHJ_Social_Prospecting_Alm_202407;39070,34;428988;5356;183;73953,75;30.07.2024;DKK
HH_Social_Prospecting_Alm_202207;1503,56;68142;1472;63;6143,78;11.07.2022;EUR
hh_dk_Social_Prospecting_Alm_202201;24095,42;218542;7848;118;73642,64;22.01.2022;DKK
Havehjornet_Social_Retargeting_Jul_202312;13835,95;120553;1891;51;25372,33;31.12.2023;DKK
hh_dk_Social_Prospecting_Alm_202501;25266,30;149249;8046;120;89937,82;19.01.2025;DKK
hh_dk_Social_Prospecting_Jul_202412;1058,91;88793;1101;35;2246,13;09.12.2024;EUR
HAVEHJ_Social_Prospecting_Havesaeson_202504;21289,32;155883;4869;92;52212,34;29.04.2025;DKK
HAVEHJ_Social_Retargeting_Havesaeson_202306;7078,11;72667;1494;26;18640,14;20.06.2023;DKK
HH_Social_Prospecting_Alm_202502;28685,87;199453;3896;140;78430,48;06.02.2025;DKK
HAVEHJ_Social_Prospecting_Havesaeson_202406;1839,85;157709;3323;60;4108,90;03.06.2024;EUR
HH_Social_Prospecting_BlackFriday_202511;5409,65;345117;7915;165;13215,22;28.11.2025;EUR
hh_dk_Social_Prospecting_Alm_202308;29061,81;249445;8817;133;84357,34;11.08.2023;DKK
HH_Social_Retargeting_Havesaeson_202404;7931,29;40284;1163;30;23485,22;02.04.2024;DKK
Havehjornet_Social_Retargeting_Havesaeson_202204;10163,46;52226;2265;51;28995,85;17.04.2022;DKK
hh_dk_Social_Retargeting_Alm_202302;8510,91;69288;1083;36;22419,59;10.02.2023;DKK
hh_dk_Social_Prospecting_Alm_202403;8178,76;841853;10219;277;24898,85;01.03.2024;EUR
hh_dk_Social_Retargeting_Alm_202307;10480,79;127591;1319;42;22669,16;26.07.2023;DKK
HAVEHJ_Social_Prospecting_Jul_202212;26494,38;171761;4812;123;102770,06;14.12.2022;DKK
HH_Social_Prospecting_BlackFriday_202411;16934,71;315432;3493;89;30251,47;12.11.2024;DKK
HAVEHJ_Social_Retargeting_Alm_202403;10484,11;137983;1549;45;31629,07;08.03.2024;DKK
HAVEHJ_Social_Retargeting_Alm_202307;12553,26;73750;2250;47;37423,44;01.07.2023;DKK
Havehjornet_Social_Prospecting_Havesaeson_202305;21878,61;267243;2810;96;54174,59;08.05.2023;DKK
Havehjornet_Social_Retargeting_Alm_202307;409,11;41608;463;13;886,19;30.07.2023;EUR
Havehjornet_Social_Prospecting_Alm_202209;6523,11;55083;1917;33;17739,25;26.09.2022;DKK
Havehjornet_Social_Prospecting_Havesaeson_202306_kopi;23249,92;146052;4847;98;54122,95;12.06.2023;DKK
Havehjornet_Social_Prospecting_BlackFriday_202311;1792,80;247733;2653;66;5125,05;07.11.2023;EUR
HH_Social_Prospecting_BlackFriday_202411;18430,30;95687;5912;79;37464,36;21.11.2024;DKK
Havehjornet_Social_Prospecting_Havesaeson_202404;10406,74;123350;1347;51;35518,79;09.04.2024;DKK
HH_Social_Retargeting_Alm_202310_kopi;6173,60;83504;980;30;11499,86;24.10.2023;DKK
HAVEHJ_Social_Retargeting_Havesaeson_202304;1300,01;114840;1298;44;3026,41;05.04.2023;EUR
HAVEHJ_Social_Prospecting_Alm_202302;24605,25;183239;3998;113;64668,62;23.02.2023;DKK
HH_Social_Prospecting_Alm_202308;2408,70;188099;2433;99;8227,63;21.08.2023;EUR
Havehjornet_Social_Retargeting_Alm_202301_kopi;10658,53;55026;2623;42;25911,96;07.01.2023;DKK
hh_dk_Social_Prospecting_Havesaeson_202206;6934,72;68550;1862;36;18553,66;03.06.2022;DKK
HH_Social_Prospecting_Alm_202410;8738,67;150506;1253;38;21638,73;09.10.2024;DKK
HH_Social_Prospecting_Alm_202502;35627,23;256056;8078;168;116104,14;18.02.2025;DKK
hh_dk_Social_Retargeting_Alm_202501;3646,38;19787;1055;13;9833,79;12.01.2025;DKK
HAVEHJ_Social_Prospecting_Alm_202501;2555,05;163441;3835;79;6090,99;22.01.2025;EUR
HAVEHJ_Social_Prospecting_Havesaeson_202505;28561,45;149396;7081;124;95664,95;10.05.2025;DKK
Havehjornet_Social_Retargeting_Havesaeson_202406;10988,01;66906;1820;55;27656,68;01.06.2024;DKK
HH_Social_Retargeting_Alm_202208;6107,49;91938;2023;24;15251,42;24.08.2022;DKK
HAVEHJ_Social_Retargeting_Alm_202509;10241,51;109469;1866;48;23531,93;18.09.2025;DKK
HH_Social_Retargeting_Alm_202203;5870,87;40326;1861;24;16798,01;23.03.2022;DKK
hh_dk_Social_Prospecting_Alm_202201;1840,34;215447;2642;71;4930,49;18.01.2022;EUR
HH_Social_Prospecting_Alm_202307;27065,78;136272;5327;122;50089,75;13.07.2023;DKK
hh_dk_Social_Retargeting_Alm_202207;2706,59;16551;463;13;4611,28;30.07.2022;DKK
HAVEHJ_Social_Prospecting_Alm_202209;12919,16;90015;3191;63;57101,92;30.09.2022;DKK
HH_Social_Retargeting_BlackFriday_202211;3488,77;22835;491;13;7461,07;30.11.2022;DKK
Havehjornet_Social_Prospecting_Alm_202303;15741,09;98907;2173;83;45553,19;28.03.2023;DKK
hh_dk_Social_Prospecting_Havesaeson_202304;5448,45;59857;994;23;13528,33;11.04.2023;DKK
HH_Social_Prospecting_Alm_202509;10175,41;103428;1590;44;24767,00;15.09.2025;DKK
HH_Social_Prospecting_Alm_202510;20666,60;152537;2599;96;53752,16;26.10.2025;DKK
HAVEHJ_Social_Retargeting_Alm_202202;6089,61;57457;1483;26;24615,36;27.02.2022;DKK
Havehjornet_Social_Prospecting_Alm_202401;8980,22;92587;2833;41;32216,89;13.01.2024;DKK
hh_dk_Social_Prospecting_Alm_202201_kopi;10348,64;57699;2526;45;33974,00;08.01.2022;DKK
Havehjornet_Social_Prospecting_Alm_202403;19161,63;115973;4041;95;68271,10;09.03.2024;DKK
hh_dk_Social_Prospecting_Havesaeson_202505;40318,87;209266;5846;187;80484,89;05.05.2025;DKK
HH_Social_Retargeting_Alm_202301;9976,86;103393;1569;40;32543,30;03.01.2023;DKK
HAVEHJ_Social_Retargeting_Jul_202412;2782,18;20893;522;11;6885,04;13.12.2024;DKK
hh_dk_Social_Retargeting_Alm_202307;3723,12;49102;566;14;8537,39;23.07.2023;DKK
Havehjornet_Social_Retargeting_Alm_202410;5605,30;32555;1197;24;11621,64;29.10.2024;DKK
hh_dk_Social_Prospecting_Alm_202507;21465,23;114089;5083;106;44759,51;30.07.2025;DKK
HAVEHJ_Social_Prospecting_Alm_202207;11915,80;77494;3216;51;29329,89;10.07.2022;DKK
HAVEHJ_Social_Prospecting_Havesaeson_202405;1553,63;66371;1823;55;4674,66;12.05.2024;EUR
HAVEHJ_Social_Prospecting_Alm_202208;42066,05;503093;8349;203;116630,62;06.08.2022;DKK
HH_Social_Prospecting_Alm_202502;25723,38;221626;7065;104;81269,02;21.02.2025;DKK
HAVEHJ_Social_Retargeting_Alm_202203;5391,86;106162;855;22;13241,74;07.03.2022;DKK
hh_dk_Social_Prospecting_Havesaeson_202506;26967,74;467064;3656;133;75514,64;28.06.2025;DKK
Havehjornet_Social_Prospecting_Alm_202307;14070,50;263386;3896;63;38531,53;14.07.2023;DKK
HAVEHJ_Social_Retargeting_Havesaeson_202306;6606,35;65210;829;27;19099,52;10.06.2023;DKK
HH_Social_Retargeting_Alm_202310;22384,02;167057;5930;97;61971,89;02.10.2023;DKK
HH_Social_Retargeting_BlackFriday_202511;5305,41;66485;1708;21;12235,36;20.11.2025;DKK
HAVEHJ_Social_Prospecting_Alm_202208;30825,17;182777;4594;133;82992,89;04.08.2022;DKK
HH_Social_Retargeting_Havesaeson_202305;15646,50;81836;3235;77;28764,90;09.05.2023;DKK
Havehjornet_Social_Prospecting_Alm_202410;8379,90;50427;2524;35;25091,14;11.10.2024;DKK
HH_Social_Retargeting_Jul_202512;8694,18;52229;1903;32;18479,37;28.12.2025;DKK
Havehjornet_Social_Retargeting_Alm_202303_kopi;11896,98;133751;1691;45;35950,59;03.03.2023;DKK
hh_dk_Social_Prospecting_Alm_202510;12850,65;192827;1933;65;45022,91;09.10.2025;DKK
Havehjornet_Social_Retargeting_Havesaeson_202306;3938,46;23241;774;17;8498,74;07.06.2023;DKK
hh_dk_Social_Retargeting_Jul_202412;2565,24;15998;500;10;5706,65;06.12.2024;DKK
Havehjornet_Social_Prospecting_Alm_202309;1357,00;101965;1793;49;4531,19;20.09.2023;EUR
Havehjornet_Social_Prospecting_Alm_202508_kopi;19933,34;304194;3891;103;61639,65;03.08.2025;DKK
Havehjornet_Social_Prospecting_Alm_202510;14026,67;182212;3053;62;45211,30;31.10.2025;DKK
HAVEHJ_Social_Prospecting_Alm_202402;15284,23;147518;1995;73;42002,61;09.02.2024;DKK
Havehjornet_Social_Prospecting_Alm_202307;3863,40;283351;8825;127;14629,84;19.07.2023;EUR
Havehjornet_Social_Prospecting_Alm_202203;2148,71;144517;2468;70;6136,86;16.03.2022;EUR
Havehjornet_Social_Retargeting_Alm_202201;6582,39;60874;1157;27;14180,81;18.01.2022;DKK
HH_Social_Prospecting_BlackFriday_202211;19831,31;112187;3794;88;50208,70;14.11.2022;DKK
hh_dk_Social_Prospecting_Alm_202502_kopi;12270,47;114505;2193;54;37066,64;04.02.2025;DKK
hh_dk_Social_Prospecting_Alm_202209;9607,50;159477;2683;44;28666,65;01.09.2022;DKK
hh_dk_Social_Prospecting_Alm_202503;5951,78;827156;10222;207;14341,11;07.03.2025;EUR
HAVEHJ_Social_Prospecting_Havesaeson_202505;28051,42;150345;3718;118;77803,40;04.05.2025;DKK
Havehjornet_Social_Prospecting_Havesaeson_202405;3486,86;444822;4057;133;10821,33;22.05.2024;EUR
hh_dk_Social_Retargeting_Havesaeson_202406;1686,47;68574;1576;59;5066,01;18.06.2024;EUR
hh_dk_Social_Retargeting_Jul_202412;8065,65;45119;1546;32;18484,97;11.12.2024;DKK
Havehjornet_Social_Retargeting_Havesaeson_202306;2520,38;26991;451;10;6875,10;29.06.2023;DKK
hh_dk_Social_Prospecting_Jul_202512;30833,87;513327;9706;134;98905,65;04.12.2025;DKK
Havehjornet_Social_Prospecting_Alm_202202;41197,44;615637;5539;173;126583,60;25.02.2022;DKK
Havehjornet_Social_Retargeting_Havesaeson_202405;656,48;35507;925;20;1710,15;11.05.2024;EUR
HAVEHJ_Social_Retargeting_Havesaeson_202405_kopi;6693,72;36140;877;29;17975,59;28.05.2024;DKK
HH_Social_Retargeting_Havesaeson_202206;1716,58;99626;3808;55;4675,27;18.06.2022;EUR
hh_dk_Social_Retargeting_Alm_202410_kopi;6303,65;97763;1400;23;17297,82;02.10.2024;DKK
Havehjornet_Social_Retargeting_Alm_202501;9279,14;58708;2108;37;22256,73;02.01.2025;DKK
HH_Social_Prospecting_Alm_202308;11309,72;67596;3150;62;31549,60;16.08.2023;DKK
hh_dk_Social_Prospecting_BlackFriday_202411;19748,18;101139;4249;84;48016,21;24.11.2024;DKK
hh_dk_Social_Retargeting_Alm_202308;6065,65;108516;1689;29;18746,26;21.08.2023;DKK
Havehjornet_Social_Retargeting_Havesaeson_202404;526,92;36954;496;17;1533,19;21.04.2024;EUR
HAVEHJ_Social_Prospecting_Alm_202307;31418,60;366317;7281;139;83531,86;31.07.2023;DKK
Havehjornet_Social_Prospecting_Havesaeson_202205_kopi;51048,79;781312;8961;240;170702,19;11.05.2022;DKK
HAVEHJ_Social_Prospecting_Alm_202407;1230,28;140267;1897;51;3750,92;27.07.2024;EUR
hh_dk_Social_Retargeting_Alm_202407;1498,48;93960;1572;52;4580,06;03.07.2024;EUR
Havehjornet_Social_Prospecting_Alm_202509_kopi;17356,29;307334;3075;78;56028,42;17.09.2025;DKK
HH_Social_Prospecting_Alm_202203;32157,22;545788;5612;156;97415,49;01.03.2022;DKK
hh_dk_Social_Prospecting_Alm_202201;6529,49;110226;2009;30;21623,97;06.01.2022;DKK
hh_dk_Social_Retargeting_Alm_202510;5402,60;29655;750;21;14527,76;27.10.2025;DKK
HH_Social_Prospecting_Alm_202509;14108,24;87842;2376;77;46644,85;29.09.2025;DKK
HAVEHJ_Social_Retargeting_BlackFriday_202211;4679,59;39570;621;22;9433,44;15.11.2022;DKK
hh_dk_Social_Prospecting_Jul_202412_kopi;15066,60;77714;2062;65;47013,87;14.12.2024;DKK
HH_Social_Prospecting_BlackFriday_202511_kopi;17504,56;98908;3305;83;46704,93;12.11.2025;DKK
HAVEHJ_Social_Retargeting_Alm_202210;6683,05;82258;948;30;18639,78;01.10.2022;DKK
HH_Social_Retargeting_Havesaeson_202504;6271,81;109944;973;23;15667,34;24.04.2025;DKK
Havehjornet_Social_Retargeting_Alm_202508;22990,49;154812;6087;98;59625,69;08.08.2025;DKK
Havehjornet_Social_Retargeting_Alm_202310;12761,21;68445;3886;49;28661,71;13.10.2023;DKK
HH_Social_Prospecting_Jul_202412_kopi;32910,30;399732;6600;182;79665,00;12.12.2024;DKK
HAVEHJ_Social_Prospecting_Alm_202410;33298,91;189997;4561;138;96694,55;31.10.2024;DKK
HAVEHJ_Social_Retargeting_Havesaeson_202306;12022,65;60337;2811;45;28443,32;28.06.2023;DKK
hh_dk_Social_Prospecting_Havesaeson_202206;24206,83;135040;3256;100;71645,70;22.06.2022;DKK
HH_Social_Retargeting_Havesaeson_202205;626,10;25672;804;19;1550,44;01.05.2022;EUR
hh_dk_Social_Retargeting_Alm_202507_kopi;4538,78;44560;988;22;10761,67;12.07.2025;DKK
HH_Social_Prospecting_Havesaeson_202204;2186,32;153045;2153;74;6751,36;14.04.2022;EUR
HH_Social_Prospecting_Alm_202403;1349,39;149344;1701;50;3404,13;08.03.2024;EUR
Havehjornet_Social_Prospecting_Havesaeson_202304;13635,39;184148;1722;60;37725,82;06.04.2023;DKK
hh_dk_Social_Retargeting_Alm_202303;2692,88;38030;391;11;5103,37;26.03.2023;DKK
Havehjornet_Social_Retargeting_Alm_202301;3595,69;21868;489;16;9340,01;24.01.2023;DKK
HAVEHJ_Social_Prospecting_Havesaeson_202204;13423,96;121244;1708;69;42025,87;03.04.2022;DKK
HH_Social_Retargeting_Havesaeson_202505;2317,03;146960;4782;86;5914,74;28.05.2025;EUR
Havehjornet_Social_Retargeting_Havesaeson_202204_kopi;9843,16;52579;1454;47;27073,27;24.04.2022;DKK
HH_Social_Prospecting_Havesaeson_202505_kopi;3816,05;288260;8432;146;11922,72;03.05.2025;EUR
Havehjornet_Social_Retargeting_Havesaeson_202205;4654,54;27874;1058;19;12585,37;11.05.2022;DKK
Havehjornet_Social_Retargeting_Alm_202303;8481,08;132424;2255;34;18294,17;21.03.2023;DKK
hh_dk_Social_Retargeting_Alm_202503;7001,89;46013;1019;29;18280,49;18.03.2025;DKK
hh_dk_Social_Retargeting_Alm_202502_kopi;4904,00;45119;1530;24;9496,07;09.02.2025;DKK
hh_dk_Social_Retargeting_Alm_202503;1166,25;46971;1687;35;2218,78;30.03.2025;EUR
Havehjornet_Social_Retargeting_Havesaeson_202305;9359,10;67477;2293;43;20708,33;28.05.2023;DKK
hh_dk_Social_Prospecting_Alm_202410;1907,58;147320;3585;74;6267,08;22.10.2024;EUR
Havehjornet_Social_Prospecting_Havesaeson_202205;36817,45;474393;11377;169;72113,60;02.05.2022;DKK
hh_dk_Social_Prospecting_Alm_202407;8911,73;133951;1141;47;20833,93;13.07.2024;DKK
Havehjornet_Social_Retargeting_Jul_202512;22407,72;244510;4851;96;54116,83;20.12.2025;DKK
Havehjornet_Social_Retargeting_Alm_202508;5953,71;37229;1053;28;13879,53;31.08.2025;DKK
HH_Social_Prospecting_Alm_202501;15409,91;106034;2827;87;42260,65;16.01.2025;DKK
HAVEHJ_Social_Retargeting_Alm_202401;4678,27;49865;703;19;13726,01;10.01.2024;DKK
hh_dk_Social_Retargeting_Alm_202510;10521,32;63518;2280;42;29174,67;21.10.2025;DKK
Havehjornet_Social_Retargeting_Havesaeson_202505;1096,89;61789;1573;39;2739,28;15.05.2025;EUR
HAVEHJ_Social_Prospecting_Havesaeson_202306;5802,87;271672;8987;187;19637,83;09.06.2023;EUR
Havehjornet_Social_Prospecting_Jul_202512;983,52;47744;1831;35;2666,34;26.12.2025;EUR
HAVEHJ_Social_Prospecting_BlackFriday_202311;2186,53;270164;3645;73;6297,49;03.11.2023;EUR
HAVEHJ_Social_Prospecting_Alm_202509;9288,66;52720;2234;50;35113,65;06.09.2025;DKK
HAVEHJ_Social_Retargeting_Alm_202302;3413,02;27194;764;15;9566,75;03.02.2023;DKK
HAVEHJ_Social_Prospecting_Alm_202509;11221,75;166257;2233;46;31033,56;08.09.2025;DKK
hh_dk_Social_Retargeting_Havesaeson_202506;1490,79;9031;437;7;3067,45;09.06.2025;DKK
HAVEHJ_Social_Prospecting_BlackFriday_202411;5922,95;248220;7757;180;16966,30;07.11.2024;EUR
hh_dk_Social_Prospecting_Alm_202509;23446,78;250415;5649;129;53145,91;04.09.2025;DKK
hh_dk_Social_Retargeting_Alm_202301;10326,41;80882;1898;39;26747,85;09.01.2023;DKK
Havehjornet_Social_Prospecting_Alm_202201;8510,07;56158;1613;39;27214,37;28.01.2022;DKK
hh_dk_Social_Retargeting_Havesaeson_202305;9584,04;142647;1644;47;23009,53;07.05.2023;DKK
HAVEHJ_Social_Prospecting_Jul_202212;48065,89;277744;7332;200;147733,17;03.12.2022;DKK
HH_Social_Prospecting_Alm_202309;27926,13;140970;5108;132;78205,27;13.09.2023;DKK
HH_Social_Prospecting_BlackFriday_202211;27262,16;165075;3660;148;69523,50;25.11.2022;DKK
HAVEHJ_Social_Retargeting_Alm_202207;6701,82;35390;877;26;21865,58;14.07.2022;DKK
HAVEHJ_Social_Prospecting_Alm_202501;14642,54;86010;1917;73;39218,01;06.01.2025;DKK
HH_Social_Prospecting_Havesaeson_202406;27264,91;176164;4497;135;71705,08;11.06.2024;DKK
HAVEHJ_Social_Prospecting_Havesaeson_202205;5423,18;509937;12760;196;16914,63;28.05.2022;EUR
HAVEHJ_Social_Prospecting_Alm_202301;4508,76;22727;1138;24;12817,76;12.01.2023;DKK
hh_dk_Social_Retargeting_Alm_202308;2080,73;20140;264;9;5548,13;11.08.2023;DKK
HAVEHJ_Social_Prospecting_Alm_202303;16260,29;153335;2609;75;49333,49;13.03.2023;DKK
HH_Social_Prospecting_BlackFriday_202311_kopi;29040,75;217749;5746;129;73031,22;05.11.2023;DKK
HAVEHJ_Social_Prospecting_BlackFriday_202411;3661,58;163809;5285;111;12795,59;05.11.2024;EUR
Havehjornet_Social_Prospecting_Alm_202507;19482,56;208501;2570;91;56953,85;13.07.2025;DKK
HH_Social_Retargeting_Alm_202310_kopi;4107,19;39109;669;19;10155,30;12.10.2023;DKK
hh_dk_Social_Prospecting_Alm_202207;6413,30;47711;1120;29;16214,55;14.07.2022;DKK
HAVEHJ_Social_Retargeting_Havesaeson_202504_kopi;9425,89;55826;2850;34;32863,59;28.04.2025;DKK
hh_dk_Social_Prospecting_Havesaeson_202204;12576,54;66831;3144;69;39550,74;06.04.2022;DKK
hh_dk_Social_Prospecting_Alm_202201;3348,51;29772;457;15;10053,00;07.01.2022;DKK
hh_dk_Social_Retargeting_Havesaeson_202506_kopi;18756,12;336288;4309;82;65494,39;29.06.2025;DKK
HH_Social_Prospecting_BlackFriday_202311;30261,73;545703;8931;171;76317,81;25.11.2023;DKK
hh_dk_Social_Prospecting_Alm_202202_kopi;5922,79;50914;1254;25;17864,94;26.02.2022;DKK
hh_dk_Social_Prospecting_Alm_202310;6184,56;41647;1170;28;11883,46;03.10.2023;DKK
hh_dk_Social_Retargeting_BlackFriday_202511;7176,14;52067;933;27;15854,73;22.11.2025;DKK
HH_Social_Prospecting_Alm_202301;2783,93;123532;2727;105;12138,10;30.01.2023;EUR
HAVEHJ_Social_Retargeting_Alm_202409;4511,05;43284;1371;17;9660,04;17.09.2024;DKK
HAVEHJ_Social_Retargeting_Alm_202601;829,74;39446;1063;25;1994,99;04.01.2026;EUR
HAVEHJ_Social_Retargeting_Alm_202501_kopi;2731,89;38386;636;13;6164,94;18.01.2025;DKK
hh_dk_Social_Prospecting_Havesaeson_202205;33064,40;236249;4663;158;73004,57;27.05.2022;DKK
HH_Social_Retargeting_Alm_202210_kopi;10103,53;178568;1404;51;22669,46;08.10.2022;DKK
hh_dk_Social_Retargeting_Havesaeson_202205;13225,15;80266;1706;49;33459,73;05.05.2022;DKK
HAVEHJ_Social_Retargeting_Alm_202507;6740,13;87626;1622;31;14954,02;20.07.2025;DKK
hh_dk_Social_Retargeting_Alm_202201;4733,88;50368;723;20;10696,57;20.01.2022;DKK
HH_Social_Retargeting_Alm_202407;7264,79;78889;2086;32;14997,17;23.07.2024;DKK
Havehjornet_Social_Retargeting_Alm_202407_kopi;3174,94;36106;533;12;5603,73;22.07.2024;DKK
HH_Social_Prospecting_Alm_202201;2899,23;220996;4901;94;9085,12;10.01.2022;EUR
Havehjornet_Social_Retargeting_Alm_202310;5439,78;74683;1147;25;11642,68;20.10.2023;DKK
Havehjornet_Social_Retargeting_Havesaeson_202304;1141,55;49107;1836;37;3925,49;24.04.2023;EUR
Havehjornet_Social_Prospecting_Alm_202507;11851,27;69089;1695;53;22856,21;26.07.2025;DKK
HAVEHJ_Social_Retargeting_Havesaeson_202206;5341,92;62939;930;21;13375,31;12.06.2022;DKK
HAVEHJ_Social_Prospecting_Jul_202512;8356,01;71290;1635;37;23120,28;20.12.2025;DKK
HH_Social_Retargeting_Jul_202312;12553,09;193269;1660;49;33111,93;24.12.2023;DKK
hh_dk_Social_Retargeting_BlackFriday_202511;12620,76;88799;1739;61;32596,40;10.11.2025;DKK
hh_dk_Social_Retargeting_Alm_202507;10934,05;80170;1930;45;25978,84;27.07.2025;DKK
HH_Social_Retargeting_Alm_202501;16077,08;160751;4591;70;33052,67;21.01.2025;DKK
HH_Social_Prospecting_Alm_202409;29024,37;518361;4265;156;92934,10;09.09.2024;DKK
HH_Social_Prospecting_Havesaeson_202405;29379,91;215343;8999;122;67545,52;02.05.2024;DKK
hh_dk_Social_Retargeting_Alm_202308;10645,12;53851;1383;39;25781,17;18.08.2023;DKK
Havehjornet_Social_Prospecting_Alm_202310;10764,37;117046;1514;46;40516,74;20.10.2023;DKK
HAVEHJ_Social_Retargeting_Alm_202303;7062,68;119619;2113;35;18242,85;07.03.2023;DKK
HH_Social_Retargeting_Alm_202403;10300,96;75992;1360;39;21376,37;23.03.2024;DKK
Havehjornet_Social_Retargeting_Havesaeson_202505;3494,34;23178;561;17;8847,05;23.05.2025;DKK
Havehjornet_Social_Retargeting_Havesaeson_202205;9464,53;56285;1307;37;30192,95;07.05.2022;DKK
HH_Social_Prospecting_Alm_202201;23970,63;229098;3446;103;56540,66;09.01.2022;DKK
Havehjornet_Social_Prospecting_Jul_202212;4501,42;33041;1166;25;14568,54;13.12.2022;DKK
hh_dk_Social_Retargeting_Havesaeson_202205;7423,10;70545;1374;33;26698,95;25.05.2022;DKK
HH_Social_Retargeting_Alm_202302;9465,12;112426;1452;46;16238,17;19.02.2023;DKK
HAVEHJ_Social_Prospecting_Alm_202202;2199,29;98831;5120;82;5572,16;04.02.2022;EUR
HH_Social_Prospecting_Jul_202412;12634,76;77922;2591;67;37358,48;27.12.2024;DKK
Havehjornet_Social_Retargeting_Alm_202309;12586,65;92608;3372;55;33785,88;03.09.2023;DKK
HAVEHJ_Social_Prospecting_Alm_202508;17786,61;299846;2640;100;39209,62;11.08.2025;DKK
hh_dk_Social_Prospecting_Havesaeson_202206;10886,68;171113;2418;49;40045,65;18.06.2022;DKK
HH_Social_Prospecting_Alm_202408;52282,95;298129;16434;235;112013,65;06.08.2024;DKK
HH_Social_Retargeting_Havesaeson_202204;10174,70;61047;2044;45;22149,53;15.04.2022;DKK
Havehjornet_Social_Prospecting_Havesaeson_202205;57346,31;341747;18702;240;152817,49;25.05.2022;DKK
HH_Social_Retargeting_Alm_202408;1711,86;8655;225;8;3680,84;15.08.2024;DKK
HAVEHJ_Social_Retargeting_Alm_202309;174,48;9489;265;5;418,44;08.09.2023;EUR
Havehjornet_Social_Prospecting_Alm_202601;14968,90;142402;2018;63;38341,30;01.01.2026;DKK
HAVEHJ_Social_Retargeting_Alm_202408;3743,09;41252;681;18;10043,11;02.08.2024;DKK
Havehjornet_Social_Retargeting_Havesaeson_202204;7051,64;95355;1532;27;20043,96;11.04.2022;DKK
hh_dk_Social_Retargeting_BlackFriday_202511;2105,05;95711;3852;68;9173,27;18.11.2025;EUR
HH_Social_Retargeting_Alm_202401;464,34;60559;655;14;1022,46;13.01.2024;EUR
hh_dk_Social_Prospecting_BlackFriday_202211;4532,24;226289;4724;160;9865,79;13.11.2022;EUR
HH_Social_Prospecting_Alm_202208;25037,36;136830;3434;124;57319,11;26.08.2022;DKK
Havehjornet_Social_Prospecting_Alm_202401;12050,33;113857;1976;53;34892,37;25.01.2024;DKK
Havehjornet_Social_Prospecting_Alm_202310;25532,32;343279;4221;121;72311,49;02.10.2023;DKK
HAVEHJ_Social_Prospecting_Alm_202503_kopi;12539,25;117682;4176;56;41309,21;24.03.2025;DKK
HH_Social_Prospecting_Alm_202307;25133,88;127039;3455;110;81719,50;18.07.2023;DKK
Havehjornet_Social_Retargeting_Alm_202202;10832,02;55794;2136;54;31459,16;10.02.2022;DKK
Havehjornet_Social_Prospecting_Alm_202507;1290,95;48661;1837;49;3964,23;20.07.2025;EUR
HH_Social_Prospecting_Alm_202210;28325,52;212939;7546;154;67453,78;24.10.2022;DKK
HH_Social_Prospecting_Alm_202508;2158,36;106036;2424;84;7148,52;30.08.2025;EUR
HH_Social_Retargeting_Havesaeson_202405;16976,52;216347;3134;69;61294,49;10.05.2024;DKK
HH_Social_Retargeting_Havesaeson_202506;627,03;77292;1416;22;1855,97;01.06.2025;EUR
HH_Social_Retargeting_Havesaeson_202206;10174,58;56266;2931;46;17828,02;21.06.2022;DKK
hh_dk_Social_Retargeting_Havesaeson_202306;6728,14;73682;1058;25;18494,51;12.06.2023;DKK
HH_Social_Retargeting_Alm_202207;5684,59;67015;1285;25;13125,93;07.07.2022;DKK
HH_Social_Retargeting_Alm_202502;5511,96;30453;1268;25;12909,79;07.02.2025;DKK
HH_Social_Retargeting_Jul_202212;6957,43;42483;944;28;14396,92;04.12.2022;DKK
hh_dk_Social_Prospecting_Havesaeson_202306;1347,49;174993;2526;44;3148,52;30.06.2023;EUR
HAVEHJ_Social_Prospecting_BlackFriday_202511;21446,29;177353;5224;104;54021,38;01.11.2025;DKK
HAVEHJ_Social_Prospecting_Alm_202208;4929,27;471802;9266;201;15122,36;11.08.2022;EUR
HH_Social_Prospecting_BlackFriday_202311;13879,31;88455;2297;59;41013,14;23.11.2023;DKK
Havehjornet_Social_Prospecting_Alm_202501;26570,55;479109;3449;138;63667,67;31.01.2025;DKK
HAVEHJ_Social_Prospecting_Alm_202407;4338,73;272002;6800;172;12975,76;16.07.2024;EUR
HH_Social_Retargeting_Alm_202310;3418,97;60350;911;16;7415,33;21.10.2023;DKK
HH_Social_Prospecting_Alm_202203;25220,59;203299;4564;103;89511,17;08.03.2022;DKK
hh_dk_Social_Prospecting_Alm_202302;2116,26;127566;2381;89;5967,77;06.02.2023;EUR
hh_dk_Social_Prospecting_Havesaeson_202206;7334,55;39315;1142;38;26801,04;27.06.2022;DKK
Havehjornet_Social_Retargeting_BlackFriday_202211;3758,82;69211;527;18;9340,00;04.11.2022;DKK
Havehjornet_Social_Retargeting_BlackFriday_202411;5142,09;39583;728;23;20002,71;07.11.2024;DKK
HAVEHJ_Social_Retargeting_Havesaeson_202405;14502,99;136774;2537;52;54788,64;25.05.2024;DKK
HAVEHJ_Social_Retargeting_Alm_202510;11320,08;66580;2056;50;27719,65;05.10.2025;DKK
Havehjornet_Social_Prospecting_Havesaeson_202204;1502,66;59978;2408;55;3985,30;28.04.2022;EUR
HH_Social_Prospecting_Alm_202209;22582,90;314336;3873;99;70564,01;29.09.2022;DKK
HAVEHJ_Social_Prospecting_Alm_202503;21486,48;192923;5829;117;78771,69;02.03.2025;DKK
Havehjornet_Social_Retargeting_Havesaeson_202405;4080,03;25187;530;18;12752,28;29.05.2024;DKK
HAVEHJ_Social_Prospecting_Jul_202212;13796,77;262671;2282;56;42557,81;28.12.2022;DKK
HH_Social_Prospecting_BlackFriday_202511;29170,19;497951;8776;138;79266,06;14.11.2025;DKK
HH_Social_Retargeting_Havesaeson_202505;9279,65;76214;1904;34;24367,52;16.05.2025;DKK
Havehjornet_Social_Prospecting_Jul_202412;22240,07;166882;3390;103;88453,51;19.12.2024;DKK
Havehjornet_Social_Prospecting_Alm_202203;37398,38;271287;5391;193;77433,13;12.03.2022;DKK
hh_dk_Social_Prospecting_Alm_202310;13351,68;183297;2926;64;58379,89;07.10.2023;DKK
HAVEHJ_Social_Retargeting_Havesaeson_202504_kopi;9445,82;53839;1669;37;26676,13;09.04.2025;DKK
hh_dk_Social_Retargeting_Alm_202510;1134,64;161940;2471;34;2705,28;12.10.2025;EUR
Havehjornet_Social_Retargeting_Alm_202201;1045,31;118359;1083;37;2569,72;31.01.2022;EUR
HAVEHJ_Social_Retargeting_Alm_202302;11331,89;77737;1798;52;27597,45;28.02.2023;DKK
hh_dk_Social_Prospecting_Alm_202510;10031,40;85170;2444;46;24806,31;20.10.2025;DKK
HAVEHJ_Social_Retargeting_Alm_202310;5702,21;57026;1192;27;14644,90;03.10.2023;DKK
HH_Social_Prospecting_Alm_202401;15357,71;260281;2196;72;38563,25;04.01.2024;DKK
hh_dk_Social_Retargeting_Alm_202508;8234,13;61682;2597;39;21845,07;20.08.2025;DKK
hh_dk_Social_Prospecting_Alm_202310;23168,76;161779;6874;110;65110,45;04.10.2023;DKK
HAVEHJ_Social_Prospecting_Alm_202502;13933,14;79164;2311;63;47919,81;24.02.2025;DKK
HAVEHJ_Social_Retargeting_Jul_202412;4538,93;67485;988;22;9166,19;16.12.2024;DKK
hh_dk_Social_Prospecting_Havesaeson_202505;3412,15;188428;6322;132;11333,70;25.05.2025;EUR
HAVEHJ_Social_Retargeting_Alm_202207;4965,73;38471;674;19;14319,32;21.07.2022;DKK
HH_Social_Retargeting_Havesaeson_202404;840,54;36537;1875;31;2164,78;22.04.2024;EUR
HH_Social_Prospecting_Alm_202207;5296,19;66206;1307;24;10994,69;21.07.2022;DKK
hh_dk_Social_Prospecting_Alm_202410;40558,21;399496;8926;187;120414,24;28.10.2024;DKK
Havehjornet_Social_Prospecting_Alm_202202;22868,46;217822;4812;108;72031,69;10.02.2022;DKK
HH_Social_Retargeting_Alm_202309;1414,64;151219;1560;46;3868,51;28.09.2023;EUR
HH_Social_Prospecting_Alm_202401;1787,02;79705;1874;64;4966,82;12.01.2024;EUR
HAVEHJ_Social_Retargeting_BlackFriday_202411;6845,47;40084;1097;32;16918,94;01.11.2024;DKK
Havehjornet_Social_Prospecting_Alm_202207;25482,00;129652;3266;144;67632,16;04.07.2022;DKK
HH_Social_Prospecting_Alm_202501;6150,44;40840;915;35;26707,88;29.01.2025;DKK
HAVEHJ_Social_Retargeting_Alm_202308;8088,20;43537;1122;31;14653,36;25.08.2023;DKK
HH_Social_Prospecting_Alm_202402;65440,22;592784;13216;299;203053,51;18.02.2024;DKK
HH_Social_Retargeting_Jul_202512;11191,09;114342;2414;43;35707,52;12.12.2025;DKK
HH_Social_Retargeting_BlackFriday_202311;10561,72;82833;1762;40;29337,94;07.11.2023;DKK
hh_dk_Social_Retargeting_Alm_202208;7644,68;57053;1326;33;21712,50;02.08.2022;DKK
HAVEHJ_Social_Retargeting_Havesaeson_202305;1660,02;74912;1572;54;3770,59;23.05.2023;EUR
Havehjornet_Social_Retargeting_Alm_202203_kopi;4406,55;22862;995;18;7677,40;19.03.2022;DKK
hh_dk_Social_Retargeting_Havesaeson_202205_kopi;3319,73;33877;440;13;9372,46;29.05.2022;DKK
HAVEHJ_Social_Retargeting_Alm_202309_kopi;8966,05;78919;2309;40;18951,53;19.09.2023;DKK
HH_Social_Retargeting_Alm_202403;11768,88;207181;1770;45;27457,70;12.03.2024;DKK
HH_Social_Prospecting_Havesaeson_202506;36388,50;450221;4919;168;114892,37;03.06.2025;DKK
HH_Social_Prospecting_Alm_202210;25741,57;224638;4618;136;59714,49;25.10.2022;DKK
Havehjornet_Social_Retargeting_Alm_202510;6282,90;120443;848;26;13974,97;09.10.2025;DKK
hh_dk_Social_Retargeting_Havesaeson_202306;2684,41;24752;345;11;5881,41;03.06.2023;DKK
hh_dk_Social_Prospecting_Alm_202301;529,98;54733;496;20;1067,88;29.01.2023;EUR
hh_dk_Social_Retargeting_Alm_202410;11555,41;107727;2178;42;41778,63;03.10.2024;DKK
HH_Social_Prospecting_Alm_202410;11314,38;64423;1972;47;21818,41;17.10.2024;DKK
Havehjornet_Social_Prospecting_Havesaeson_202404;11685,71;76705;1817;53;36240,61;10.04.2024;DKK
Havehjornet_Social_Prospecting_Havesaeson_202305;1780,97;165915;4038;56;3663,06;29.05.2023;EUR
hh_dk_Social_Retargeting_Alm_202203;12511,15;86684;2273;56;25234,92;11.03.2022;DKK
HH_Social_Retargeting_Havesaeson_202304;6134,69;44039;1075;31;15308,19;06.04.2023;DKK
Havehjornet_Social_Retargeting_Alm_202308_kopi;10555,45;79588;1555;41;28261,67;13.08.2023;DKK
HAVEHJ_Social_Retargeting_Havesaeson_202505;1036,86;101301;1371;36;2801,31;11.05.2025;EUR
hh_dk_Social_Prospecting_Alm_202208;36137,19;571768;6605;165;102444,43;21.08.2022;DKK
Havehjornet_Social_Retargeting_Jul_202312;1570,67;62145;3522;43;2724,47;02.12.2023;EUR
HH_Social_Retargeting_Alm_202201;4890,53;55598;874;22;14270,93;15.01.2022;DKK
hh_dk_Social_Retargeting_BlackFriday_202511;4261,52;55793;538;20;10856,84;01.11.2025;DKK
HAVEHJ_Social_Retargeting_Alm_202501_kopi;2731,89;38386;636;13;6164,94;18.01.2025;DKK
Havehjornet_Social_Retargeting_Alm_202310;1597,63;84824;2843;55;4362,90;26.10.2023;EUR
Havehjornet_Social_Prospecting_Havesaeson_202304;29313,90;327970;5397;123;89644,11;16.04.2023;DKK
Havehjornet_Social_Prospecting_Havesaeson_202205;3145,80;140661;3287;103;10662,34;13.05.2022;EUR
hh_dk_Social_Prospecting_Havesaeson_202506;28429,82;215677;3954;142;72845,66;06.06.2025;DKK
hh_dk_Social_Retargeting_Alm_202403;1351,74;52682;1761;41;3712,86;25.03.2024;EUR
HH_Social_Prospecting_BlackFriday_202211;72090,88;736585;9700;329;187493,20;23.11.2022;DKK
hh_dk_Social_Prospecting_Alm_202202;5969,51;47889;1411;27;15569,31;20.02.2022;DKK
hh_dk_Social_Retargeting_Alm_202310;4830,58;48337;1033;19;12225,33;17.10.2023;DKK
hh_dk_Social_Prospecting_Alm_202502;25942,64;242554;5966;123;76749,31;07.02.2025;DKK
hh_dk_Social_Retargeting_Jul_202212_kopi;11996,00;102130;2863;58;30820,46;09.12.2022;DKK
Havehjornet_Social_Prospecting_Alm_202408;28972,00;153234;6858;144;86296,55;22.08.2024;DKK
hh_dk_Social_Retargeting_Alm_202202_kopi;2313,35;24548;755;9;6847,42;08.02.2022;DKK
HH_Social_Prospecting_Alm_202201;12539,96;64590;2538;61;27264,30;14.01.2022;DKK
HH_Social_Prospecting_Alm_202408;15879,59;120261;2813;75;52031,00;24.08.2024;DKK
HAVEHJ_Social_Retargeting_Alm_202308;11569,90;87765;2023;54;34712,95;07.08.2023;DKK
Havehjornet_Social_Retargeting_Alm_202401;7923,98;81802;1151;30;15385,14;09.01.2024;DKK
Havehjornet_Social_Prospecting_Alm_202307;750,62;29160;1358;27;2441,02;05.07.2023;EUR
HAVEHJ_Social_Prospecting_Alm_202303;19640,92;124846;2504;81;52916,25;30.03.2023;DKK
Havehjornet_Social_Prospecting_Havesaeson_202505_kopi;7798,64;122748;1634;36;24852,18;07.05.2025;DKK
HAVEHJ_Social_Retargeting_Alm_202202_kopi;14614,70;83611;2855;67;31685,64;22.02.2022;DKK
hh_dk_Social_Retargeting_Alm_202502_kopi;1012,46;44278;2339;32;3572,80;08.02.2025;EUR
HAVEHJ_Social_Prospecting_Havesaeson_202404;27060,97;181646;6734;111;74936,20;07.04.2024;DKK
hh_dk_Social_Retargeting_Jul_202312;7338,08;61320;1101;31;18519,47;27.12.2023;DKK
hh_dk_Social_Retargeting_Jul_202212;11602,75;131841;2099;45;24625,64;11.12.2022;DKK
Havehjornet_Social_Prospecting_BlackFriday_202411;3192,63;126554;7349;107;8316,53;28.11.2024;EUR
HH_Social_Prospecting_Havesaeson_202406_kopi;23258,48;165695;3868;121;66378,77;10.06.2024;DKK
hh_dk_Social_Retargeting_Alm_202307;6672,76;34805;1748;28;17318,16;13.07.2023;DKK
Havehjornet_Social_Prospecting_Alm_202308_kopi;3426,56;211549;4960;125;10837,25;27.08.2023;EUR
HH_Social_Prospecting_Alm_202201;5010,23;27911;1008;28;17634,62;12.01.2022;DKK
HAVEHJ_Social_Prospecting_Alm_202510;20985,60;152039;3872;88;39518,48;27.10.2025;DKK
HAVEHJ_Social_Prospecting_Alm_202303;25503,04;149563;4740;110;71785,71;31.03.2023;DKK
HAVEHJ_Social_Retargeting_Havesaeson_202204;2199,07;111486;2275;76;5180,63;21.04.2022;EUR
HH_Social_Retargeting_Alm_202301;5940,45;53127;828;21;13280,91;25.01.2023;DKK
HAVEHJ_Social_Prospecting_Jul_202312;22533,87;276863;4522;99;96541,35;16.12.2023;DKK
hh_dk_Social_Prospecting_Havesaeson_202205;54545,54;721338;11645;248;145871,67;20.05.2022;DKK
Havehjornet_Social_Retargeting_BlackFriday_202411;16314,09;94534;3095;73;37897,98;16.11.2024;DKK
hh_dk_Social_Prospecting_Alm_202307;12234,58;151300;1550;54;32060,00;04.07.2023;DKK
Havehjornet_Social_Prospecting_Alm_202201;21328,56;241465;3271;95;59583,74;25.01.2022;DKK
hh_dk_Social_Prospecting_Jul_202212;3455,34;247697;8060;135;11607,92;11.12.2022;EUR
HAVEHJ_Social_Retargeting_Alm_202402;11965,89;72549;1604;44;27375,02;21.02.2024;DKK
hh_dk_Social_Retargeting_Alm_202510;448,08;36096;543;15;844,66;14.10.2025;EUR
HAVEHJ_Social_Prospecting_Alm_202409;28184,71;147443;9162;132;79674,72;20.09.2024;DKK
Havehjornet_Social_Prospecting_Havesaeson_202506;12683,10;79977;1653;62;45922,64;02.06.2025;DKK
hh_dk_Social_Retargeting_Havesaeson_202405;16560,09;120493;4386;75;39257,26;19.05.2024;DKK
Havehjornet_Social_Prospecting_Alm_202410_kopi;734,60;58369;1438;31;2041,42;20.10.2024;EUR
hh_dk_Social_Prospecting_Alm_202307_kopi;11120,42;207889;2285;50;25011,80;10.07.2023;DKK
HAVEHJ_Social_Retargeting_BlackFriday_202211_kopi;12904,92;79494;1838;49;32017,21;20.11.2022;DKK
HAVEHJ_Social_Prospecting_Alm_202402;45231,90;436897;6581;206;140166,86;20.02.2024;DKK
Havehjornet_Social_Prospecting_BlackFriday_202311;3623,60;493741;8135;126;11034,83;30.11.2023;EUR
hh_dk_Social_Prospecting_BlackFriday_202211;5135,40;31657;840;27;15299,96;28.11.2022;DKK
Havehjornet_Social_Prospecting_Alm_202502;45971,98;906698;8673;201;120116,08;22.02.2025;DKK
HH_Social_Prospecting_Havesaeson_202204;6224,95;569235;10201;260;15039,04;27.04.2022;EUR
hh_dk_Social_Retargeting_Havesaeson_202404;11717,26;164847;2427;48;37411,86;30.04.2024;DKK
hh_dk_Social_Prospecting_Jul_202312;26068,75;243746;3524;106;65970,42;17.12.2023;DKK
HAVEHJ_Social_Prospecting_Alm_202503;29085,16;292126;7914;143;114507,80;12.03.2025;DKK
hh_dk_Social_Prospecting_Alm_202207;22642,88;269885;4472;114;71285,97;28.07.2022;DKK
Havehjornet_Social_Retargeting_Alm_202409_kopi;918,12;17157;222;4;2013,31;20.09.2024;DKK
hh_dk_Social_Prospecting_Havesaeson_202404;8399,02;69415;1227;36;20015,39;11.04.2024;DKK
HAVEHJ_Social_Prospecting_Havesaeson_202505;43158,12;397446;10423;227;155492,60;08.05.2025;DKK
hh_dk_Social_Prospecting_Alm_202301;1310,92;52836;1684;41;3836,52;24.01.2023;EUR
HH_Social_Retargeting_Havesaeson_202404;4899,13;85047;950;23;14597,45;08.04.2024;DKK
HAVEHJ_Social_Prospecting_Alm_202310;26102,36;180649;5813;143;82163,41;10.10.2023;DKK
HAVEHJ_Social_Prospecting_Alm_202310;4858,86;33542;695;27;16747,00;11.10.2023;DKK
HAVEHJ_Social_Prospecting_Alm_202201;1439,61;141762;1495;45;5241,52;16.01.2022;EUR
HH_Social_Prospecting_Jul_202412;29700,56;242881;3847;164;73896,71;07.12.2024;DKK
hh_dk_Social_Retargeting_Havesaeson_202406;9104,01;72585;1365;39;18646,20;21.06.2024;DKK
HAVEHJ_Social_Retargeting_Alm_202510;7570,74;50478;1111;30;17698,52;06.10.2025;DKK
HH_Social_Retargeting_Alm_202503;12110,09;94648;1525;56;26310,46;28.03.2025;DKK
Havehjornet_Social_Retargeting_Alm_202507;2307,02;11878;348;10;4279,36;25.07.2025;DKK
Havehjornet_Social_Prospecting_Alm_202402_kopi;11060,73;172469;2958;45;32271,52;10.02.2024;DKK
Havehjornet_Social_Retargeting_Alm_202509_kopi;5955,14;35556;1850;27;14853,33;24.09.2025;DKK
Havehjornet_Social_Prospecting_Alm_202308_kopi;29085,71;192395;4527;141;63057,13;01.08.2023;DKK
Havehjornet_Social_Retargeting_Alm_202308;737,32;5839;110;3;2040,05;01.08.2023;DKK
Havehjornet_Social_Prospecting_Alm_202308;1303,13;115147;1271;54;3356,87;08.08.2023;EUR
Havehjornet_Social_Prospecting_Havesaeson_202304_kopi;19629,82;164833;3119;92;41100,66;13.04.2023;DKK
hh_dk_Social_Retargeting_Havesaeson_202204;10005,52;110606;1375;47;28041,57;18.04.2022;DKK
HAVEHJ_Social_Retargeting_Alm_202503;4391,68;28576;688;19;13620,63;31.03.2025;DKK
hh_dk_Social_Prospecting_Alm_202208;24769,72;160157;4855;103;51330,96;13.08.2022;DKK
HAVEHJ_Social_Prospecting_Alm_202409;14492,03;82993;3433;66;33301,89;26.09.2024;DKK
HH_Social_Retargeting_Havesaeson_202304;8022,38;51914;1611;32;14181,21;30.04.2023;DKK
HH_Social_Retargeting_Havesaeson_202305;1761,86;211296;3841;64;3463,87;29.05.2023;EUR
HH_Social_Prospecting_Jul_202212;20066,87;168983;2660;94;64699,78;20.12.2022;DKK
hh_dk_Social_Retargeting_Alm_202201;7211,99;56037;1538;32;23228,53;11.01.2022;DKK
HAVEHJ_Social_Retargeting_Alm_202501;4857,83;46589;1100;18;10228,78;15.01.2025;DKK
Havehjornet_Social_Prospecting_Jul_202512;11156,18;79047;1531;50;32733,88;09.12.2025;DKK
Havehjornet_Social_Prospecting_Havesaeson_202306_kopi;15136,13;97211;2496;63;60056,99;13.06.2023;DKK
HH_Social_Prospecting_Alm_202507;36502,33;530217;6126;172;98483,04;16.07.2025;DKK
hh_dk_Social_Retargeting_Alm_202409_kopi;8489,65;138773;2612;32;20260,17;01.09.2024;DKK
HH_Social_Retargeting_Havesaeson_202205;24007,96;207428;7343;88;55658,32;24.05.2022;DKK
hh_dk_Social_Prospecting_Alm_202409;11127,98;105772;2684;47;26638,56;22.09.2024;DKK
hh_dk_Social_Retargeting_Havesaeson_202406;8825,97;47694;1737;38;15425,71;14.06.2024;DKK
Havehjornet_Social_Retargeting_BlackFriday_202311;373,13;15633;466;11;1080,50;01.11.2023;EUR
Havehjornet_Social_Retargeting_Havesaeson_202306_kopi;6114,97;48387;2021;22;15859,91;26.06.2023;DKK
Havehjornet_Social_Prospecting_Alm_202209;14399,67;156242;2325;73;42596,17;21.09.2022;DKK
hh_dk_Social_Prospecting_Havesaeson_202304;13285,29;100745;2118;66;34387,68;25.04.2023;DKK
HH_Social_Prospecting_Alm_202307;17448,94;326705;2415;95;60875,01;21.07.2023;DKK
hh_dk_Social_Prospecting_BlackFriday_202211_kopi;13202,38;76927;4239;57;39967,33;30.11.2022;DKK
hh_dk_Social_Prospecting_Alm_202307;22374,31;167380;3776;110;55634,83;29.07.2023;DKK
HH_Social_Prospecting_Havesaeson_202404;23766,30;322368;6113;98;75223,54;13.04.2024;DKK
hh_dk_Social_Prospecting_Havesaeson_202306;29538,44;506018;4765;135;84231,66;25.06.2023;DKK
hh_dk_Social_Retargeting_Alm_202510;5924,13;36709;1054;22;21693,19;22.10.2025;DKK
HAVEHJ_Social_Retargeting_Alm_202310;4786,21;32615;986;24;11132,11;14.10.2023;DKK
hh_dk_Social_Retargeting_BlackFriday_202511;746,78;44824;734;23;1723,23;26.11.2025;EUR
HH_Social_Retargeting_Alm_202203;15099,20;298012;3563;71;32029,41;15.03.2022;DKK
Havehjornet_Social_Prospecting_Alm_202303;4343,12;442174;4578;159;14530,76;27.03.2023;EUR
hh_dk_Social_Prospecting_Jul_202312;3184,68;154927;3244;127;6773,89;01.12.2023;EUR
HAVEHJ_Social_Prospecting_Alm_202507;8221,08;44401;1456;36;19081,29;09.07.2025;DKK
Havehjornet_Social_Prospecting_Alm_202502_kopi;13959,55;212670;2348;73;38485,08;11.02.2025;DKK
HH_Social_Retargeting_Alm_202210;6159,43;47116;1200;23;13275,35;29.10.2022;DKK
hh_dk_Social_Prospecting_Havesaeson_202205;16855,53;322904;3198;86;56357,12;19.05.2022;DKK
Havehjornet_Social_Prospecting_Alm_202401;15120,96;224182;2295;65;34227,10;15.01.2024;DKK
HH_Social_Prospecting_Alm_202408;28797,28;387252;3960;122;111684,95;02.08.2024;DKK
HH_Social_Retargeting_Jul_202312;648,45;50461;776;21;1612,63;08.12.2023;EUR
Havehjornet_Social_Retargeting_Havesaeson_202306;11935,45;74246;1859;52;30445,25;30.06.2023;DKK
HAVEHJ_Social_Prospecting_Alm_202201;13004,15;65992;1993;71;44108,69;29.01.2022;DKK
Havehjornet_Social_Retargeting_Havesaeson_202404_kopi;3748,37;49238;520;17;12523,84;04.04.2024;DKK
HH_Social_Retargeting_Alm_202301;7640,49;46170;1720;28;17913,05;11.01.2023;DKK
hh_dk_Social_Prospecting_Alm_202403;77589,07;1405847;10202;421;341488,69;04.03.2024;DKK
hh_dk_Social_Retargeting_Alm_202501;5378,03;79528;1359;20;11823,76;06.01.2025;DKK
HH_Social_Prospecting_Alm_202403;71024,82;385975;19757;314;310496,84;16.03.2024;DKK
HAVEHJ_Social_Retargeting_BlackFriday_202411;4489,39;27065;992;20;10014,20;22.11.2024;DKK
HH_Social_Prospecting_Alm_202210;2700,74;113096;5555;84;6226,54;27.10.2022;EUR
HAVEHJ_Social_Retargeting_Alm_202201;8586,96;82941;1108;36;22227,91;22.01.2022;DKK
Havehjornet_Social_Prospecting_Havesaeson_202305;21214,45;174226;2908;98;48288,36;28.05.2023;DKK
Havehjornet_Social_Prospecting_Alm_202203;22327,92;129387;3310;126;52638,26;28.03.2022;DKK
HAVEHJ_Social_Prospecting_Havesaeson_202504;22812,59;374011;3417;124;61001,83;13.04.2025;DKK
Havehjornet_Social_Prospecting_Alm_202308;29827,60;187698;6493;152;91215,11;18.08.2023;DKK
Havehjornet_Social_Prospecting_Alm_202403;37359,73;331214;9970;190;106347,15;21.03.2024;DKK
Havehjornet_Social_Retargeting_Jul_202512;5722,27;66156;813;23;20228,63;31.12.2025;DKK
Havehjornet_Social_Retargeting_Alm_202309;3793,62;20773;724;14;8178,12;30.09.2023;DKK
HH_Social_Retargeting_Havesaeson_202505;7500,47;91880;1983;37;22708,47;01.05.2025;DKK
Havehjornet_Social_Retargeting_Havesaeson_202304;669,40;81277;1645;19;1514,67;17.04.2023;EUR
hh_dk_Social_Prospecting_Alm_202209;31266,48;330032;5304;168;89137,40;05.09.2022;DKK
Havehjornet_Social_Retargeting_BlackFriday_202411;3778,34;52166;477;14;11651,42;09.11.2024;DKK
Havehjornet_Social_Retargeting_Jul_202512;719,36;89334;1416;20;1713,62;19.12.2025;EUR
Havehjornet_Social_Prospecting_Havesaeson_202404;13109,60;67309;2694;55;30050,38;17.04.2024;DKK
HAVEHJ_Social_Retargeting_Alm_202507;8424,72;81603;1967;32;21584,83;06.07.2025;DKK
HAVEHJ_Social_Prospecting_Alm_202210;46043,70;732598;11070;211;122794,05;30.10.2022;DKK
HH_Social_Prospecting_Alm_202309;12529,45;148338;2810;64;35466,79;26.09.2023;DKK
HH_Social_Prospecting_Alm_202503;24837,20;392690;5150;107;104735,23;27.03.2025;DKK
hh_dk_Social_Prospecting_Alm_202209;310,29;19298;541;12;768,19;12.09.2022;EUR
Havehjornet_Social_Prospecting_Alm_202402;5522,40;31852;1466;23;13693,03;11.02.2024;DKK
Havehjornet_Social_Retargeting_Alm_202407;1533,43;67730;1431;45;4471,14;08.07.2024;EUR
HH_Social_Retargeting_Alm_202502;6819,32;77160;1282;29;16682,39;12.02.2025;DKK
HH_Social_Retargeting_Jul_202212;4850,03;42234;649;19;7766,96;21.12.2022;DKK
HAVEHJ_Social_Retargeting_Havesaeson_202206;14957,08;133678;2248;55;35075,89;20.06.2022;DKK
Havehjornet_Social_Prospecting_BlackFriday_202411_kopi;29621,37;530726;7134;147;107008,99;19.11.2024;DKK
Havehjornet_Social_Retargeting_Alm_202601;17283,35;267288;2989;73;38830,82;02.01.2026;DKK
hh_dk_Social_Retargeting_Alm_202209;3397,03;21111;455;16;11195,11;11.09.2022;DKK
HAVEHJ_Social_Prospecting_Alm_202503;10326,24;160914;1435;56;29222,42;28.03.2025;DKK
HAVEHJ_Social_Prospecting_Jul_202512;14583,79;202323;2222;60;40908,93;14.12.2025;DKK
HAVEHJ_Social_Prospecting_BlackFriday_202411;6453,49;339874;6621;207;19339,13;16.11.2024;EUR
HH_Social_Prospecting_BlackFriday_202511;5931,60;241844;13316;196;18394,48;02.11.2025;EUR
Havehjornet_Social_Prospecting_Alm_202410;7382,42;116938;1090;37;18484,69;03.10.2024;DKK
HAVEHJ_Social_Retargeting_Havesaeson_202205;6292,87;48507;1260;31;14211,26;27.05.2022;DKK
hh_dk_Social_Prospecting_Alm_202501;12972,51;97362;2894;72;38166,08;09.01.2025;DKK
Havehjornet_Social_Prospecting_Alm_202308;37885,36;411671;6270;166;118288,49;23.08.2023;DKK
HAVEHJ_Social_Retargeting_Alm_202502;4568,25;68041;838;19;9441,95;17.02.2025;DKK
hh_dk_Social_Retargeting_Havesaeson_202205;482,61;43671;467;17;1359,97;30.05.2022;EUR
HAVEHJ_Social_Prospecting_Alm_202208;16167,47;265438;2778;80;54871,83;08.08.2022;DKK
HH_Social_Retargeting_Havesaeson_202204;4662,93;27591;1040;22;12706,83;10.04.2022;DKK
HH_Social_Retargeting_Alm_202303_kopi;5055,22;78890;1013;20;9485,06;20.03.2023;DKK
Havehjornet_Social_Prospecting_Alm_202209;5619,62;479602;7491;176;21660,81;02.09.2022;EUR
HAVEHJ_Social_Retargeting_Alm_202510;3561,78;60420;809;14;10005,31;23.10.2025;DKK
Havehjornet_Social_Retargeting_Jul_202212;10229,82;76919;1456;51;22286,90;13.12.2022;DKK
Havehjornet_Social_Prospecting_Jul_202312_kopi;11737,36;172366;1486;65;35224,03;14.12.2023;DKK
HH_Social_Prospecting_Havesaeson_202506;7023,52;126347;911;36;14528,04;16.06.2025;DKK
Havehjornet_Social_Retargeting_Alm_202208;19054,56;154388;3312;72;73198,47;28.08.2022;DKK
HAVEHJ_Social_Retargeting_Havesaeson_202504;12496,82;138227;3497;60;28721,85;06.04.2025;DKK
HAVEHJ_Social_Retargeting_Alm_202307;10895,61;91652;2804;41;28110,36;05.07.2023;DKK
hh_dk_Social_Retargeting_Havesaeson_202405;12022,54;89616;3509;47;24944,81;14.05.2024;DKK
HH_Social_Prospecting_Alm_202410;5048,02;191035;5079;185;16931,66;29.10.2024;EUR
HAVEHJ_Social_Prospecting_BlackFriday_202211;39350,73;197575;5793;176;181304,95;12.11.2022;DKK
Havehjornet_Social_Retargeting_Alm_202507;4067,52;37127;625;17;10231,04;30.07.2025;DKK
HAVEHJ_Social_Retargeting_Alm_202203;5600,66;50062;827;21;14418,62;30.03.2022;DKK
Havehjornet_Social_Prospecting_Alm_202501;23090,53;233232;6773;104;87719,87;08.01.2025;DKK
hh_dk_Social_Prospecting_Alm_202310;23168,76;161779;6874;110;65110,45;04.10.2023;DKK
Havehjornet_Social_Prospecting_Alm_202301;8665,41;54124;1245;37;27886,87;22.01.2023;DKK
HH_Social_Retargeting_Alm_202410;7665,06;131617;1326;33;19966,59;27.10.2024;DKK
hh_dk_Social_Retargeting_Alm_202408;2980,90;15051;792;12;7364,62;30.08.2024;DKK
HH_Social_Prospecting_Jul_202312;3307,86;32366;436;19;10388,61;21.12.2023;DKK
hh_dk_Social_Retargeting_Alm_202303;18668,76;142431;5098;68;61749,67;16.03.2023;DKK
HAVEHJ_Social_Retargeting_Alm_202307;1617,14;177499;2093;47;2637,49;12.07.2023;EUR
HAVEHJ_Social_Retargeting_Havesaeson_202205;3118,20;22120;658;11;6883,60;13.05.2022;DKK
HH_Social_Retargeting_Havesaeson_202305;3979,74;25764;738;18;14070,40;11.05.2023;DKK
HH_Social_Retargeting_Havesaeson_202404;10178,62;54147;3232;37;26630,19;28.04.2024;DKK
HH_Social_Retargeting_Alm_202208;875,41;63066;959;30;2025,80;31.08.2022;EUR
HAVEHJ_Social_Retargeting_BlackFriday_202411;2598,16;14144;792;10;6778,31;28.11.2024;DKK
HH_Social_Retargeting_Alm_202302;4472,56;51706;1218;20;8272,06;09.02.2023;DKK
HAVEHJ_Social_Retargeting_Jul_202412;15905,56;100656;3167;74;40514,10;29.12.2024;DKK
HAVEHJ_Social_Retargeting_Alm_202208;9422,98;95889;1226;39;23972,84;25.08.2022;DKK
Havehjornet_Social_Prospecting_Alm_202501;11323,49;68925;2210;61;23964,44;10.01.2025;DKK
Havehjornet_Social_Prospecting_Havesaeson_202506;1621,04;96583;1811;52;5495,11;08.06.2025;EUR
HH_Social_Retargeting_Jul_202212_kopi;6848,60;35449;1485;34;18652,74;31.12.2022;DKK
hh_dk_Social_Prospecting_BlackFriday_202411_kopi;28472,76;470393;3679;140;77141,93;29.11.2024;DKK
HH_Social_Retargeting_Havesaeson_202405;12023,07;80496;1506;56;30568,28;15.05.2024;DKK
Havehjornet_Social_Retargeting_Alm_202408;12055,35;73762;2384;52;33825,57;24.08.2024;DKK
HH_Social_Prospecting_Alm_202407;3654,17;50695;584;21;10583,78;21.07.2024;DKK
HAVEHJ_Social_Prospecting_Alm_202302;16911,68;324269;5431;74;42959,54;03.02.2023;DKK
hh_dk_Social_Retargeting_Havesaeson_202406;10375,65;59099;1299;44;23861,49;03.06.2024;DKK
hh_dk_Social_Prospecting_Havesaeson_202305;32572,57;202130;5583;139;89536,49;26.05.2023;DKK
HH_Social_Retargeting_Alm_202501;1104,75;55849;1185;30;2988,61;14.01.2025;EUR
hh_dk_Social_Prospecting_Jul_202212;25856,70;316391;3391;113;78326,12;01.12.2022;DKK
HH_Social_Retargeting_Havesaeson_202404;6836,28;55046;1000;28;18120,26;17.04.2024;DKK
HH_Social_Retargeting_Havesaeson_202306;868,53;36140;956;25;3187,05;08.06.2023;EUR
Havehjornet_Social_Prospecting_BlackFriday_202311;47744,37;801853;12995;223;106365,89;17.11.2023;DKK
Havehjornet_Social_Retargeting_Alm_202303;6686,33;50899;1393;33;21226,12;10.03.2023;DKK
hh_dk_Social_Prospecting_Havesaeson_202406;15664,67;143244;2277;78;38568,20;30.06.2024;DKK
Havehjornet_Social_Retargeting_Havesaeson_202406;6853,83;120147;993;26;20189,80;23.06.2024;DKK
HAVEHJ_Social_Prospecting_BlackFriday_202211_kopi;4019,66;154380;5864;128;11591,81;01.11.2022;EUR
HAVEHJ_Social_Prospecting_Alm_202302;744,16;63104;738;23;1847,56;11.02.2023;EUR
Havehjornet_Social_Prospecting_Havesaeson_202504;22732,70;187775;3376;98;74621,79;18.04.2025;DKK
Havehjornet_Social_Prospecting_Havesaeson_202404;12455,87;83023;2881;66;29759,36;03.04.2024;DKK
Havehjornet_Social_Retargeting_Havesaeson_202305;8622,75;119815;1679;43;21187,47;30.05.2023;DKK
hh_dk_Social_Prospecting_Alm_202402;18275,69;93534;5459;101;59377,58;15.02.2024;DKK
HAVEHJ_Social_Prospecting_Alm_202201;7743,26;44883;1193;35;19983,30;15.01.2022;DKK
hh_dk_Social_Retargeting_Alm_202207;1010,58;92757;1948;37;2717,03;18.07.2022;EUR
HH_Social_Prospecting_Alm_202207;15727,83;116630;4234;82;33040,64;05.07.2022;DKK
HH_Social_Prospecting_BlackFriday_202411;65645,35;1143367;13356;319;166611,63;26.11.2024;DKK
HAVEHJ_Social_Prospecting_Havesaeson_202304;11241,96;83535;1426;54;32735,82;10.04.2023;DKK
HAVEHJ_Social_Prospecting_Havesaeson_202304;36131,19;337030;6667;151;69574,34;17.04.2023;DKK
hh_dk_Social_Retargeting_Alm_202409_kopi;6352,47;62953;1849;28;13725,06;05.09.2024;DKK
HAVEHJ_Social_Prospecting_Alm_202407;17920,26;99925;5849;81;36008,88;08.07.2024;DKK
HH_Social_Prospecting_Alm_202502;732,30;47252;913;29;2223,16;03.02.2025;EUR
HAVEHJ_Social_Retargeting_Alm_202503;4761,70;74399;1134;21;14671,76;13.03.2025;DKK
HAVEHJ_Social_Prospecting_Alm_202503;56421,58;302708;13505;313;156215,69;08.03.2025;DKK
HH_Social_Retargeting_Alm_202508;9163,46;61611;1163;45;16842,56;09.08.2025;DKK
HH_Social_Prospecting_Havesaeson_202505_kopi;26699,06;256183;3382;118;95199,39;18.05.2025;DKK
HAVEHJ_Social_Retargeting_Alm_202403;9647,70;63635;1662;37;30682,04;05.03.2024;DKK
Havehjornet_Social_Retargeting_Havesaeson_202504;5605,87;84979;784;23;18610,25;23.04.2025;DKK
hh_dk_Social_Prospecting_BlackFriday_202311;29808,20;464092;6468;144;92014,88;01.11.2023;DKK
HH_Social_Retargeting_Alm_202409_kopi;10837,48;182971;1885;51;28197,72;25.09.2024;DKK
HH_Social_Prospecting_Havesaeson_202306;2252,89;108947;2339;87;5764,08;02.06.2023;EUR
HAVEHJ_Social_Prospecting_Alm_202410;7426,38;78604;1026;33;19965,87;16.10.2024;DKK
HAVEHJ_Social_Prospecting_Havesaeson_202304;28558,24;239277;3986;120;65778,25;15.04.2023;DKK
HH_Social_Retargeting_Alm_202201;1284,99;77152;2515;46;3383,87;03.01.2022;EUR
HAVEHJ_Social_Retargeting_BlackFriday_202311;7376,30;123916;1141;27;14158,01;28.11.2023;DKK
HH_Social_Prospecting_Alm_202401;9116,91;47274;1855;40;25192,42;23.01.2024;DKK
Havehjornet_Social_Prospecting_Alm_202303;20931,13;195889;4319;88;40200,31;14.03.2023;DKK
HAVEHJ_Social_Prospecting_Alm_202201;5806,43;38334;959;30;16762,08;13.01.2022;DKK
HH_Social_Prospecting_Alm_202310;832,61;39916;1014;28;2458,67;22.10.2023;EUR
Havehjornet_Social_Prospecting_Alm_202501;6878,11;70609;1359;34;20085,81;02.01.2025;DKK
HH_Social_Prospecting_Alm_202308;46113,89;663908;5862;261;121674,13;06.08.2023;DKK
HH_Social_Prospecting_Alm_202507;911,14;104438;1206;29;2379,21;14.07.2025;EUR
hh_dk_Social_Prospecting_Alm_202309_kopi;26853,18;241264;3538;112;68900,12;14.09.2023;DKK
HAVEHJ_Social_Retargeting_Havesaeson_202406_kopi;4397,19;28410;1270;20;12642,57;15.06.2024;DKK
HH_Social_Prospecting_BlackFriday_202511;22948,79;307783;7622;95;56203,77;13.11.2025;DKK
hh_dk_Social_Prospecting_Havesaeson_202406;22750,02;143234;4834;128;72736,48;23.06.2024;DKK
HAVEHJ_Social_Retargeting_Alm_202209;9498,06;63214;1839;47;17536,39;16.09.2022;DKK
HH_Social_Retargeting_Havesaeson_202406;5035,84;30782;1052;19;13162,37;04.06.2024;DKK
hh_dk_Social_Prospecting_Havesaeson_202204;18890,31;365962;2391;102;49778,95;07.04.2022;DKK
HH_Social_Prospecting_Alm_202409;13433,91;130411;2001;60;43620,35;29.09.2024;DKK
Havehjornet_Social_Retargeting_BlackFriday_202311;8286,90;45493;1478;34;19709,17;20.11.2023;DKK
HH_Social_Retargeting_Alm_202201;7344,63;51138;959;27;16657,27;09.01.2022;DKK
hh_dk_Social_Retargeting_Alm_202203;715,52;103407;741;22;1334,49;08.03.2022;EUR
Havehjornet_Social_Retargeting_Alm_202501;7447,88;69869;1571;35;14138,36;11.01.2025;DKK
HAVEHJ_Social_Retargeting_Havesaeson_202404;931,30;60579;1098;35;2941,86;27.04.2024;EUR
HH_Social_Prospecting_Jul_202312;1776,96;190629;1805;58;6253,62;31.12.2023;EUR
HH_Social_Prospecting_Havesaeson_202206;22348,94;148036;4653;103;64011,74;13.06.2022;DKK
hh_dk_Social_Prospecting_Alm_202407;10928,01;132143;1387;54;40143,91;11.07.2024;DKK
Havehjornet_Social_Retargeting_Jul_202312;19639,25;160767;3092;97;36738,39;19.12.2023;DKK
hh_dk_Social_Retargeting_Havesaeson_202406;982,42;72961;1494;33;2240,53;12.06.2024;EUR
Havehjornet_Social_Prospecting_Alm_202207;23082,36;130045;3604;109;54901,04;24.07.2022;DKK
HAVEHJ_Social_Retargeting_Alm_202402;3649,43;31309;634;15;9582,25;25.02.2024;DKK
hh_dk_Social_Retargeting_Alm_202302_kopi;9799,27;149620;1762;37;28272,90;02.02.2023;DKK
HH_Social_Retargeting_Havesaeson_202405;8871,69;73248;1403;33;26595,26;22.05.2024;DKK
HH_Social_Prospecting_Alm_202202;8780,01;118448;1644;49;22572,26;02.02.2022;DKK
hh_dk_Social_Prospecting_Alm_202209;18520,07;112859;3219;79;39469,44;14.09.2022;DKK
HH_Social_Prospecting_Alm_202301;5507,94;37552;917;25;11570,15;14.01.2023;DKK
HAVEHJ_Social_Retargeting_Havesaeson_202404;10980,73;75304;1432;46;22576,86;07.04.2024;DKK
Havehjornet_Social_Prospecting_Havesaeson_202506;16238,97;88354;3503;75;38208,53;10.06.2025;DKK
HAVEHJ_Social_Prospecting_Havesaeson_202305;11302,70;62542;2536;59;24360,71;11.05.2023;DKK
hh_dk_Social_Retargeting_Alm_202507;6725,09;128744;2111;33;16955,55;02.07.2025;DKK
hh_dk_Social_Prospecting_Alm_202201;9852,60;171490;2091;43;27039,03;21.01.2022;DKK
Havehjornet_Social_Retargeting_Alm_202402;8033,53;48579;2612;35;21272,60;28.02.2024;DKK
HH_Social_Prospecting_Alm_202407;14558,93;105648;2951;76;50918,88;05.07.2024;DKK
Havehjornet_Social_Prospecting_Alm_202503;1605,93;136112;1754;67;4479,05;05.03.2025;EUR
HH_Social_Prospecting_Alm_202302_kopi;749,88;58178;759;26;2285,08;19.02.2023;EUR
HH_Social_Prospecting_Havesaeson_202306;20766,96;162350;5396;93;57920,54;06.06.2023;DKK
HAVEHJ_Social_Prospecting_Alm_202502;29627,84;569940;9096;137;83743,07;27.02.2025;DKK
HH_Social_Prospecting_Jul_202512;20048,43;157914;2934;104;62902,35;17.12.2025;DKK
Havehjornet_Social_Prospecting_BlackFriday_202411;4055,64;166823;7909;153;13463,28;14.11.2024;EUR
HAVEHJ_Social_Prospecting_Alm_202508_kopi;29897,50;156472;4931;130;75513,48;21.08.2025;DKK
hh_dk_Social_Prospecting_Alm_202202;19379,50;116649;3809;84;51495,33;17.02.2022;DKK
HAVEHJ_Social_Prospecting_Havesaeson_202205;25863,37;173337;3245;129;67019,27;10.05.2022;DKK
hh_dk_Social_Retargeting_Alm_202510;12433,39;71159;2623;47;33317,49;16.10.2025;DKK
HH_Social_Prospecting_Alm_202403;26664,80;154376;4737;134;64502,85;24.03.2024;DKK
Havehjornet_Social_Prospecting_Havesaeson_202305;33585,24;267087;7860;162;71159,42;09.05.2023;DKK
hh_dk_Social_Retargeting_Alm_202502;2889,14;26655;552;12;6517,36;28.02.2025;DKK
HH_Social_Prospecting_Alm_202407;15455,61;127368;3680;80;45776,03;09.07.2024;DKK
hh_dk_Social_Prospecting_Alm_202408;30367,62;156901;5829;152;116139,04;17.08.2024;DKK
Havehjornet_Social_Prospecting_Havesaeson_202206;1015,73;52966;1100;35;3390,17;30.06.2022;EUR
HH_Social_Prospecting_Alm_202202;28181,08;355801;3737;132;100098,53;07.02.2022;DKK
Havehjornet_Social_Prospecting_Alm_202202_kopi;28643,81;299389;6053;132;82723,64;27.02.2022;DKK
HAVEHJ_Social_Prospecting_Alm_202503;3181,62;126795;4364;115;12155,82;31.03.2025;EUR
HAVEHJ_Social_Prospecting_Havesaeson_202205;14310,76;86080;2976;65;35250,78;01.05.2022;DKK
Havehjornet_Social_Prospecting_Alm_202403;18487,48;182555;2729;94;71813,35;22.03.2024;DKK
Havehjornet_Social_Retargeting_Alm_202301;414,74;54263;546;13;1025,49;17.01.2023;EUR
Havehjornet_Social_Prospecting_Alm_202310;14435,50;104056;2219;67;45182,33;21.10.2023;DKK
HAVEHJ_Social_Prospecting_Havesaeson_202304;21842,30;243459;3068;101;70797,66;05.04.2023;DKK
HH_Social_Prospecting_Jul_202412;7253,74;44241;920;32;21395,47;11.12.2024;DKK
HAVEHJ_Social_Retargeting_Havesaeson_202405;7456,82;75237;1352;27;19124,39;07.05.2024;DKK
hh_dk_Social_Prospecting_Jul_202312;28846,80;242750;4652;157;121164,31;08.12.2023;DKK
HAVEHJ_Social_Prospecting_Jul_202412;10523,78;134074;1793;44;36941,11;16.12.2024;DKK
Havehjornet_Social_Retargeting_Alm_202210;3207,14;21286;516;13;8022,52;15.10.2022;DKK
HH_Social_Retargeting_Jul_202412;9791,40;100740;1345;42;20077,01;05.12.2024;DKK
HH_Social_Retargeting_Havesaeson_202205;1423,76;58995;2388;43;4092,96;21.05.2022;EUR
hh_dk_Social_Retargeting_Alm_202402;711,40;45380;731;20;1876,51;12.02.2024;EUR
HH_Social_Retargeting_Havesaeson_202305;6348,98;52502;890;29;17817,47;24.05.2023;DKK
hh_dk_Social_Retargeting_Alm_202402;8262,31;99272;2499;35;26335,45;19.02.2024;DKK
Havehjornet_Social_Prospecting_Jul_202312;9468,10;91059;2930;44;19947,91;25.12.2023;DKK
HAVEHJ_Social_Prospecting_BlackFriday_202511;14773,10;160824;1992;82;58903,34;06.11.2025;DKK
hh_dk_Social_Retargeting_BlackFriday_202411;5493,46;27541;1173;25;10364,70;27.11.2024;DKK
hh_dk_Social_Prospecting_Alm_202301;20255,23;167603;4524;91;44392,52;07.01.2023;DKK
HH_Social_Prospecting_Alm_202309;15481,37;128204;2869;71;41494,30;18.09.2023;DKK
hh_dk_Social_Retargeting_Havesaeson_202504;587,47;41158;743;21;1052,11;19.04.2025;EUR
Havehjornet_Social_Prospecting_Alm_202310;26508,91;156409;7359;136;68140,31;19.10.2023;DKK
Havehjornet_Social_Retargeting_Havesaeson_202305;6795,60;37072;1082;26;17822,45;15.05.2023;DKK
HH_Social_Prospecting_BlackFriday_202411;11079,83;133202;1446;45;42754,16;23.11.2024;DKK
Havehjornet_Social_Prospecting_Havesaeson_202204;17360,76;338859;2536;84;37454,43;26.04.2022;DKK
HH_Social_Retargeting_Jul_202512;2681,01;18191;386;10;7328,90;23.12.2025;DKK
HH_Social_Retargeting_Jul_202412_kopi;5993,49;42777;1320;22;8797,74;20.12.2024;DKK
HH_Social_Retargeting_BlackFriday_202311;710,38;26751;711;21;1741,18;04.11.2023;EUR
hh_dk_Social_Retargeting_BlackFriday_202211;4993,67;47656;685;21;10683,97;12.11.2022;DKK
HAVEHJ_Social_Prospecting_BlackFriday_202411;30694,50;161592;4068;145;75094,10;30.11.2024;DKK
HH_Social_Prospecting_BlackFriday_202211;29234,14;236445;4435;132;76232,46;11.11.2022;DKK
hh_dk_Social_Retargeting_Alm_202201;7060,41;102091;886;29;21496,78;27.01.2022;DKK
HH_Social_Prospecting_Havesaeson_202206;5618,79;29516;971;23;11223,25;21.06.2022;DKK
hh_dk_Social_Prospecting_Alm_202202;25823,10;236712;3572;116;100097,19;08.02.2022;DKK
HAVEHJ_Social_Retargeting_Alm_202208;3738,80;72039;587;16;7342,19;19.08.2022;DKK
HAVEHJ_Social_Retargeting_Jul_202212_kopi;8269,94;48981;2563;31;22184,42;24.12.2022;DKK
HH_Social_Prospecting_Alm_202402;1608,00;166364;1538;65;4752,42;22.02.2024;EUR
HAVEHJ_Social_Prospecting_Alm_202210;6522,70;101103;1736;35;17739,87;07.10.2022;DKK
HH_Social_Retargeting_Havesaeson_202305_kopi;20923,93;114383;3717;81;61003,89;01.05.2023;DKK
HH_Social_Retargeting_Havesaeson_202504;1603,77;146021;1589;54;3352,38;14.04.2025;EUR
HAVEHJ_Social_Retargeting_Alm_202407;8684,68;56213;1130;38;22634,77;04.07.2024;DKK
Havehjornet_Social_Retargeting_Alm_202207_kopi;7493,70;64628;1434;28;16336,21;27.07.2022;DKK
HH_Social_Prospecting_Alm_202408;60297,50;547499;11988;261;189167,50;16.08.2024;DKK
HAVEHJ_Social_Retargeting_Alm_202508;711,13;29770;710;25;1350,41;25.08.2025;EUR
HH_Social_Prospecting_Havesaeson_202204;8439,94;57132;1164;38;29159,21;09.04.2022;DKK
HH_Social_Retargeting_Alm_202508;1944,23;11981;405;7;4929,22;11.08.2025;DKK
hh_dk_Social_Prospecting_Alm_202209;1695,03;161071;2179;56;4755,57;28.09.2022;EUR
hh_dk_Social_Retargeting_Alm_202501;6288,50;42877;1174;25;11250,21;20.01.2025;DKK
Havehjornet_Social_Prospecting_Alm_202410;1308,44;69463;3062;51;4836,17;25.10.2024;EUR
HH_Social_Prospecting_Alm_202208;45219,84;757207;5881;189;144301,23;24.08.2022;DKK
HH_Social_Retargeting_Alm_202502_kopi;712,48;29421;711;26;1642,46;19.02.2025;EUR
HAVEHJ_Social_Retargeting_Alm_202301;275,98;26064;509;9;705,22;02.01.2023;EUR
HH_Social_Retargeting_BlackFriday_202311;6034,41;33119;1590;25;13352,26;02.11.2023;DKK
hh_dk_Social_Retargeting_Alm_202303;240,72;21852;329;7;657,33;28.03.2023;EUR
hh_dk_Social_Prospecting_Havesaeson_202506;6930,24;68666;1684;30;17399,00;26.06.2025;DKK
HH_Social_Prospecting_Alm_202507;10560,73;88084;1450;52;28634,48;29.07.2025;DKK
hh_dk_Social_Retargeting_Alm_202310_kopi;14632,15;112881;1844;56;45281,19;08.10.2023;DKK
HAVEHJ_Social_Retargeting_Alm_202203;9353,93;59168;2733;43;20407,69;25.03.2022;DKK
HAVEHJ_Social_Retargeting_Havesaeson_202505;7533,00;116145;1816;35;20542,54;09.05.2025;DKK
Havehjornet_Social_Retargeting_Havesaeson_202405;12309,96;86905;1989;62;27198,36;12.05.2024;DKK
HAVEHJ_Social_Prospecting_Jul_202512;15273,75;185753;2615;74;38415,65;13.12.2025;DKK
hh_dk_Social_Prospecting_BlackFriday_202311;19090,92;168133;2985;82;67893,73;04.11.2023;DKK
HH_Social_Prospecting_Havesaeson_202504;12229,11;125062;1550;56;34460,90;30.04.2025;DKK
HH_Social_Prospecting_BlackFriday_202411;3814,90;459878;4392;142;8079,30;06.11.2024;EUR
HH_Social_Prospecting_Havesaeson_202205;10997,74;137492;3309;51;34325,77;16.05.2022;DKK
hh_dk_Social_Retargeting_Havesaeson_202306;1027,34;132950;1928;36;2657,25;05.06.2023;EUR
HAVEHJ_Social_Prospecting_Alm_202303;39603,57;578438;6610;199;99568,59;15.03.2023;DKK
Havehjornet_Social_Retargeting_Havesaeson_202405;5497,78;94553;710;23;10846,73;06.05.2024;DKK
Havehjornet_Social_Retargeting_Alm_202409;7869,95;66688;2142;30;21374,28;04.09.2024;DKK
HAVEHJ_Social_Prospecting_Jul_202412;5250,85;46376;1701;22;15119,06;17.12.2024;DKK
HAVEHJ_Social_Retargeting_Alm_202510;7524,18;101594;1518;29;17217,72;24.10.2025;DKK
HAVEHJ_Social_Prospecting_Havesaeson_202205;16716,88;197185;2683;77;34431,94;29.05.2022;DKK
HH_Social_Prospecting_Havesaeson_202204;9319,28;47793;1502;47;24611,71;17.04.2022;DKK
hh_dk_Social_Retargeting_Jul_202412;7053,55;62377;1187;27;19371,01;27.12.2024;DKK
HAVEHJ_Social_Retargeting_Alm_202502;2514,98;44486;478;12;8014,86;04.02.2025;DKK
HAVEHJ_Social_Retargeting_Havesaeson_202304;18651,39;106653;3120;70;44731,71;10.04.2023;DKK
HAVEHJ_Social_Retargeting_Havesaeson_202306;5091,70;35797;990;22;14478,62;11.06.2023;DKK
Havehjornet_Social_Prospecting_Havesaeson_202506;15667,25;164280;2691;71;39489,05;04.06.2025;DKK
HH_Social_Prospecting_Alm_202207;5796,06;45064;932;27;19236,83;12.07.2022;DKK
HH_Social_Retargeting_Alm_202208;4116,16;60182;647;15;10120,72;05.08.2022;DKK
hh_dk_Social_Retargeting_Havesaeson_202204;3365,58;22906;741;15;6444,43;27.04.2022;DKK
hh_dk_Social_Retargeting_Jul_202412_kopi;1288,63;113403;2351;43;3190,50;21.12.2024;EUR
HAVEHJ_Social_Prospecting_Alm_202302;33312,40;299986;10857;142;100295,06;16.02.2023;DKK
hh_dk_Social_Prospecting_Alm_202510_kopi;7598,64;78617;1591;41;25490,87;04.10.2025;DKK
Havehjornet_Social_Prospecting_Havesaeson_202404;24031,95;202897;4000;123;71245,05;04.04.2024;DKK
HAVEHJ_Social_Prospecting_Jul_202512;14408,30;207820;2844;60;42800,26;24.12.2025;DKK
HAVEHJ_Social_Prospecting_Alm_202302;17613,86;105159;2376;73;62051,71;22.02.2023;DKK
hh_dk_Social_Retargeting_Alm_202202;9868,05;158105;1570;39;28012,24;21.02.2022;DKK
HH_Social_Prospecting_Havesaeson_202505;26926,00;176312;4863;120;79579,11;30.05.2025;DKK
Havehjornet_Social_Prospecting_Alm_202510;24273,28;249903;5174;117;70468,42;15.10.2025;DKK
Havehjornet_Social_Retargeting_Jul_202412;4430,63;25115;1290;20;9133,23;26.12.2024;DKK
HAVEHJ_Social_Retargeting_Havesaeson_202206;8355,71;91786;1936;39;16982,72;01.06.2022;DKK
Havehjornet_Social_Prospecting_Alm_202408;49952,33;270754;8667;264;156305,59;12.08.2024;DKK
HH_Social_Retargeting_Alm_202201;2331,84;43793;470;10;4248,65;12.01.2022;DKK
hh_dk_Social_Retargeting_Alm_202208;1807,74;10031;298;8;4033,72;29.08.2022;DKK
HAVEHJ_Social_Prospecting_Alm_202410;26599,49;190454;5617;114;53073,83;27.10.2024;DKK
hh_dk_Social_Prospecting_Alm_202307;29062,69;168599;7307;123;99949,02;24.07.2023;DKK
Havehjornet_Social_Retargeting_BlackFriday_202411;18391,68;101515;2975;76;38736,68;21.11.2024;DKK
hh_dk_Social_Prospecting_Havesaeson_202306;20087,15;323536;2962;83;71053,49;15.06.2023;DKK
hh_dk_Social_Prospecting_Havesaeson_202404;9276,66;82215;2158;48;22648,64;16.04.2024;DKK
HH_Social_Retargeting_Alm_202408;8716,75;91008;1436;37;30607,47;14.08.2024;DKK
HAVEHJ_Social_Retargeting_Havesaeson_202404;9139,34;104855;2151;35;23356,52;09.04.2024;DKK
HAVEHJ_Social_Retargeting_Alm_202303;6588,16;47105;2128;24;13310,94;27.03.2023;DKK
Havehjornet_Social_Retargeting_Alm_202310_kopi;8889,29;125712;1271;35;26632,80;25.10.2023;DKK
HAVEHJ_Social_Prospecting_Jul_202512;9950,26;67684;1262;41;25057,71;28.12.2025;DKK
HH_Social_Retargeting_Alm_202208;315,68;12772;546;12;910,97;23.08.2022;EUR
HH_Social_Prospecting_Alm_202310;15828,65;89531;3566;65;35563,10;28.10.2023;DKK
HAVEHJ_Social_Retargeting_Alm_202207;5673,74;53811;875;24;12791,67;12.07.2022;DKK
hh_dk_Social_Retargeting_Alm_202203;4466,28;47526;672;17;14222,97;03.03.2022;DKK
Havehjornet_Social_Retargeting_Alm_202308;9181,25;97257;1229;40;22327,02;15.08.2023;DKK
hh_dk_Social_Prospecting_Havesaeson_202206;12332,72;164751;2304;58;37705,99;04.06.2022;DKK
Havehjornet_Social_Retargeting_Alm_202208;7246,94;48355;1152;28;15798,92;13.08.2022;DKK
HH_Social_Retargeting_Havesaeson_202206;9869,69;54053;1975;47;28505,35;06.06.2022;DKK
Havehjornet_Social_Retargeting_Alm_202409;12362,21;104862;2930;50;46762,30;29.09.2024;DKK
HAVEHJ_Social_Prospecting_Alm_202502;26108,62;143557;6897;122;88326,81;16.02.2025;DKK
HAVEHJ_Social_Retargeting_Havesaeson_202206;13332,56;108345;2633;49;25244,31;23.06.2022;DKK
HH_Social_Retargeting_Alm_202510;7274,05;52235;1773;30;24712,55;07.10.2025;DKK
HAVEHJ_Social_Prospecting_Alm_202301;23322,72;168561;4142;131;63220,74;13.01.2023;DKK
HAVEHJ_Social_Retargeting_Havesaeson_202406;6856,70;73655;1639;27;14442,28;11.06.2024;DKK
HH_Social_Prospecting_Alm_202410;1732,92;73225;4155;70;5188,35;30.10.2024;EUR
HAVEHJ_Social_Prospecting_Alm_202408;27892,27;280524;5914;151;93644,73;15.08.2024;DKK
Havehjornet_Social_Prospecting_Alm_202503;23482,33;323623;3226;130;99892,08;04.03.2025;DKK
HAVEHJ_Social_Retargeting_Havesaeson_202505;7963,95;62723;2071;37;19306,36;14.05.2025;DKK
HH_Social_Prospecting_BlackFriday_202411_kopi;45991,38;298491;14513;218;160558,63;04.11.2024;DKK
hh_dk_Social_Prospecting_Havesaeson_202405;43159,54;534039;11564;243;127123,81;11.05.2024;DKK
HAVEHJ_Social_Prospecting_Havesaeson_202304;22184,56;185727;6598;95;69971,01;04.04.2023;DKK
hh_dk_Social_Prospecting_Jul_202512;1948,57;85542;3662;69;4194,56;03.12.2025;EUR
HH_Social_Retargeting_Alm_202403;3951,89;44224;502;20;7970,13;16.03.2024;DKK
hh_dk_Social_Prospecting_Alm_202402;27841,19;298691;7561;139;103884,45;13.02.2024;DKK
Havehjornet_Social_Retargeting_Alm_202203;6511,70;128210;1173;33;17995,69;06.03.2022;DKK
HAVEHJ_Social_Prospecting_Havesaeson_202204;20386,48;169246;5442;95;56098,80;21.04.2022;DKK
Havehjornet_Social_Prospecting_Jul_202212;2170,01;115459;4318;68;7101,51;09.12.2022;EUR
HAVEHJ_Social_Retargeting_Havesaeson_202204;9561,07;167975;3098;42;24752,84;14.04.2022;DKK
HAVEHJ_Social_Retargeting_Havesaeson_202306_kopi;4426,90;43822;1021;20;8231,22;04.06.2023;DKK
HH_Social_Prospecting_Alm_202203;2739,71;304665;3062;111;6449,43;22.03.2022;EUR
hh_dk_Social_Prospecting_Havesaeson_202404;23903,58;464758;4704;135;82079,44;08.04.2024;DKK
HAVEHJ_Social_Prospecting_Alm_202209;24444,27;476865;7605;117;85164,95;07.09.2022;DKK
Havehjornet_Social_Retargeting_Jul_202212;13085,81;129407;1955;50;47101,13;06.12.2022;DKK
Havehjornet_Social_Prospecting_Alm_202210;16024,98;87941;5060;73;40156,32;26.10.2022;DKK
HAVEHJ_Social_Prospecting_Alm_202510;2747,08;119432;3042;114;9825,07;16.10.2025;EUR
Havehjornet_Social_Retargeting_Alm_202302;8204,36;89989;1225;34;15809,69;25.02.2023;DKK
HH_Social_Retargeting_Havesaeson_202306;8667,28;60964;1117;33;27258,37;15.06.2023;DKK
Havehjornet_Social_Prospecting_Havesaeson_202404;17034,20;125978;4349;88;45298,56;24.04.2024;DKK
Havehjornet_Social_Prospecting_Alm_202208;27905,29;221829;5272;145;104724,72;07.08.2022;DKK
HAVEHJ_Social_Prospecting_Alm_202308;46574,48;473732;9817;227;88389,68;24.08.2023;DKK
HAVEHJ_Social_Prospecting_Jul_202512;9413,85;49173;1582;49;24203,77;23.12.2025;DKK
HH_Social_Prospecting_Havesaeson_202206;12297,40;97682;2735;60;40317,76;26.06.2022;DKK
HAVEHJ_Social_Retargeting_Alm_202501;3723,67;31163;608;14;9382,44;16.01.2025;DKK
HAVEHJ_Social_Prospecting_Alm_202309;4614,94;37781;853;20;13106,67;28.09.2023;DKK
Havehjornet_Social_Retargeting_Alm_202503;12818,60;123872;2685;46;31836,75;08.03.2025;DKK
Havehjornet_Social_Retargeting_Alm_202402;4751,20;26770;623;20;14996,57;23.02.2024;DKK
HH_Social_Retargeting_BlackFriday_202211;4600,60;36614;1003;18;17491,70;08.11.2022;DKK
HAVEHJ_Social_Retargeting_Jul_202212;7127,87;49438;1482;30;19315,18;15.12.2022;DKK
HAVEHJ_Social_Retargeting_Havesaeson_202204;5571,81;36780;1276;23;14248,84;20.04.2022;DKK
Havehjornet_Social_Retargeting_Havesaeson_202506;4776,29;36611;1101;18;13700,53;12.06.2025;DKK
HH_Social_Prospecting_Alm_202508;21347,59;223343;5274;101;53809,76;29.08.2025;DKK
Havehjornet_Social_Retargeting_Alm_202301;1169,82;52813;2575;32;2055,02;30.01.2023;EUR
hh_dk_Social_Retargeting_Havesaeson_202504;15115,81;100416;2713;62;58476,97;18.04.2025;DKK
HAVEHJ_Social_Retargeting_Alm_202409;4065,80;22977;611;19;10912,04;21.09.2024;DKK
HAVEHJ_Social_Retargeting_Alm_202403;13975,07;233196;3777;57;25773,25;18.03.2024;DKK
hh_dk_Social_Prospecting_Alm_202208;34709,10;267800;4474;161;123924,77;27.08.2022;DKK
Havehjornet_Social_Retargeting_Alm_202507;5634,80;31419;849;24;18474,20;31.07.2025;DKK
HH_Social_Prospecting_Alm_202508;33990,88;240246;5873;173;82554,44;09.08.2025;DKK
hh_dk_Social_Prospecting_Jul_202412;2646,15;106591;4674;97;8048,62;13.12.2024;EUR
hh_dk_Social_Prospecting_Alm_202310;15628,03;79029;2875;88;62608,40;26.10.2023;DKK
hh_dk_Social_Prospecting_Alm_202303;5551,10;221973;9905;170;10475,30;26.03.2023;EUR
hh_dk_Social_Retargeting_BlackFriday_202511;8203,50;42026;1245;38;19337,38;30.11.2025;DKK
Havehjornet_Social_Retargeting_Alm_202309;7712,32;79734;2120;29;28161,05;21.09.2023;DKK
Havehjornet_Social_Retargeting_Alm_202407;20291,40;227620;2571;87;53800,74;12.07.2024;DKK
HAVEHJ_Social_Prospecting_Havesaeson_202306;5805,55;60774;1275;25;25397,46;19.06.2023;DKK
Havehjornet_Social_Prospecting_Alm_202309;51198,14;308493;16995;223;113592,73;08.09.2023;DKK
hh_dk_Social_Retargeting_Jul_202212;6779,60;119149;926;31;15688,36;05.12.2022;DKK
hh_dk_Social_Retargeting_Havesaeson_202406;6020,91;37721;825;24;15675,14;05.06.2024;DKK
Havehjornet_Social_Retargeting_Alm_202410;2816,06;23034;422;12;7075,95;04.10.2024;DKK
hh_dk_Social_Retargeting_Jul_202412;6406,93;32407;1092;24;14019,12;04.12.2024;DKK
HH_Social_Retargeting_Alm_202210;1019,51;45954;1037;37;2827,56;23.10.2022;EUR
Havehjornet_Social_Prospecting_Alm_202302;6285,24;67147;786;27;14906,33;04.02.2023;DKK
HH_Social_Retargeting_Alm_202508;1795,82;107187;2799;52;3894,32;14.08.2025;EUR
hh_dk_Social_Retargeting_Alm_202510;347,46;18767;755;9;861,63;04.10.2025;EUR
HAVEHJ_Social_Retargeting_Alm_202308;5453,07;62294;870;25;13616,30;27.08.2023;DKK
HAVEHJ_Social_Prospecting_Alm_202407;1555,59;71319;2368;51;3293,00;04.07.2024;EUR
HAVEHJ_Social_Prospecting_Alm_202209;10552,63;64666;1594;56;32512,73;25.09.2022;DKK
HAVEHJ_Social_Prospecting_Alm_202502;10939,56;68466;1400;54;22072,19;05.02.2025;DKK
HH_Social_Prospecting_Alm_202207;1421,23;117007;3381;57;3508,71;18.07.2022;EUR
HH_Social_Retargeting_Alm_202410;14001,87;119908;2301;66;30334,69;21.10.2024;DKK
HAVEHJ_Social_Prospecting_Alm_202210;13128,93;112181;4133;63;33113,88;23.10.2022;DKK
hh_dk_Social_Prospecting_Alm_202502;18099,31;114779;2420;87;62807,14;23.02.2025;DKK
Havehjornet_Social_Retargeting_Alm_202409;4390,35;23557;850;22;9749,34;11.09.2024;DKK
Havehjornet_Social_Retargeting_Alm_202409;1298,33;88477;2442;37;3493,70;14.09.2024;EUR
HAVEHJ_Social_Retargeting_Alm_202309;1198,71;72245;2420;35;2479,38;17.09.2023;EUR
Havehjornet_Social_Retargeting_Alm_202308;7448,04;39143;2001;28;23222,91;05.08.2023;DKK
HAVEHJ_Social_Prospecting_Alm_202409;9332,88;50815;2099;48;27409,92;16.09.2024;DKK
Havehjornet_Social_Retargeting_BlackFriday_202511;818,47;46520;1451;23;2708,32;08.11.2025;EUR
hh_dk_Social_Prospecting_Alm_202202;39890,06;333319;7031;178;130295,35;18.02.2022;DKK
HH_Social_Prospecting_Alm_202209;16377,39;282838;2497;88;48400,95;06.09.2022;DKK
HAVEHJ_Social_Prospecting_Alm_202407;16021,77;114926;4602;82;47687,68;28.07.2024;DKK
Havehjornet_Social_Prospecting_Alm_202409;1306,67;171638;1512;55;5173,30;30.09.2024;EUR
HH_Social_Retargeting_Jul_202212;3699,10;34958;1062;18;7857,32;17.12.2022;DKK
HAVEHJ_Social_Retargeting_Havesaeson_202305;1349,85;153838;1271;39;2674,96;16.05.2023;EUR
hh_dk_Social_Retargeting_Alm_202503;8765,36;84417;1197;33;17983,86;06.03.2025;DKK
HH_Social_Prospecting_Alm_202303;16421,30;128070;4169;75;61807,54;25.03.2023;DKK
hh_dk_Social_Prospecting_BlackFriday_202311;18382,62;267965;2864;96;33697,86;08.11.2023;DKK
hh_dk_Social_Retargeting_Jul_202412;354,00;45938;634;12;711,98;24.12.2024;EUR
HAVEHJ_Social_Prospecting_Alm_202309;17823,47;268258;4616;95;42144,69;02.09.2023;DKK
hh_dk_Social_Prospecting_Alm_202401;1030,45;41211;2195;33;2977,09;19.01.2024;EUR
HH_Social_Retargeting_Alm_202410;9371,67;52886;1504;42;21774,03;16.10.2024;DKK
HH_Social_Prospecting_Jul_202312;21373,41;148150;6542;112;59750,49;07.12.2023;DKK
Havehjornet_Social_Retargeting_Alm_202310;4168,60;37603;1020;16;9301,78;05.10.2023;DKK
HH_Social_Retargeting_Alm_202302;4403,14;72258;583;21;10818,62;27.02.2023;DKK
hh_dk_Social_Retargeting_BlackFriday_202511;8433,46;86259;1708;35;25723,31;14.11.2025;DKK
HAVEHJ_Social_Retargeting_Havesaeson_202306;5665,72;97389;730;21;12580,11;27.06.2023;DKK
HH_Social_Retargeting_Alm_202309;9612,38;83677;3170;37;27462,27;14.09.2023;DKK
HAVEHJ_Social_Prospecting_Alm_202210;5469,88;292677;6039;183;13886,41;31.10.2022;EUR
HH_Social_Retargeting_Alm_202403;1553,72;129204;2499;44;4744,01;19.03.2024;EUR
HH_Social_Retargeting_Alm_202309_kopi;6462,24;53686;1248;24;16141,37;25.09.2023;DKK
HAVEHJ_Social_Retargeting_Alm_202201;984,71;138561;950;33;1715,44;23.01.2022;EUR
HH_Social_Prospecting_Alm_202210;26991,12;160807;5810;126;71073,99;12.10.2022;DKK
HH_Social_Prospecting_Alm_202301;9370,05;52964;1338;46;20995,76;20.01.2023;DKK
Havehjornet_Social_Retargeting_Jul_202312;6923,29;55133;2063;32;22772,03;04.12.2023;DKK
Havehjornet_Social_Prospecting_Alm_202507;1604,01;98110;3645;57;4687,56;15.07.2025;EUR
HAVEHJ_Social_Prospecting_Alm_202509;9356,89;64168;2672;51;24053,34;23.09.2025;DKK
Havehjornet_Social_Prospecting_Alm_202509;1903,20;152753;1846;60;7021,28;11.09.2025;EUR
Havehjornet_Social_Retargeting_Alm_202302_kopi;14173,15;102830;4366;67;47547,25;14.02.2023;DKK
HAVEHJ_Social_Retargeting_Havesaeson_202505;4437,34;27459;1022;17;17302,19;02.05.2025;DKK
HH_Social_Prospecting_Alm_202402;10470,51;169378;1747;57;28764,86;12.02.2024;DKK
HAVEHJ_Social_Retargeting_Alm_202407;1288,90;119795;1560;48;2929,91;25.07.2024;EUR
Havehjornet_Social_Prospecting_Alm_202301;18596,07;150407;5479;95;43859,94;27.01.2023;DKK
hh_dk_Social_Prospecting_Alm_202210;6999,30;85028;1262;34;16573,03;10.10.2022;DKK
hh_dk_Social_Retargeting_Alm_202507;7089,29;59902;1003;29;22231,09;16.07.2025;DKK
HAVEHJ_Social_Prospecting_Havesaeson_202406;6831,54;48211;2275;30;18226,46;18.06.2024;DKK
HAVEHJ_Social_Retargeting_Alm_202303;897,05;113414;2190;33;1988,22;22.03.2023;EUR
HH_Social_Retargeting_Alm_202207;2762,65;17146;562;11;8125,31;03.07.2022;DKK
Havehjornet_Social_Prospecting_Havesaeson_202406;17375,25;123410;2403;96;63016,01;12.06.2024;DKK
HAVEHJ_Social_Retargeting_Havesaeson_202306;931,71;36640;1001;31;2837,46;16.06.2023;EUR
hh_dk_Social_Prospecting_Havesaeson_202406;36301,62;419898;9946;190;130109,33;02.06.2024;DKK
HH_Social_Retargeting_Alm_202508;2957,59;45220;379;13;7489,91;03.08.2025;DKK
Havehjornet_Social_Prospecting_Havesaeson_202404;2902,84;115239;4638;106;7521,35;18.04.2024;EUR
HAVEHJ_Social_Retargeting_Alm_202207;902,66;46175;1037;32;2388,89;04.07.2022;EUR
hh_dk_Social_Prospecting_Alm_202402_kopi;21654,74;140911;4974;123;56011,84;28.02.2024;DKK
hh_dk_Social_Prospecting_Havesaeson_202405_kopi;45967,29;290415;8502;204;108289,35;31.05.2024;DKK
Havehjornet_Social_Retargeting_Havesaeson_202304;7320,97;56795;1731;27;31675,60;27.04.2023;DKK
Havehjornet_Social_Retargeting_Alm_202301;5405,27;43228;777;22;12308,20;12.01.2023;DKK
hh_dk_Social_Retargeting_Alm_202407;1439,51;65199;1484;42;3456,79;14.07.2024;EUR
HH_Social_Prospecting_Alm_202510;16448,71;321892;4525;72;36494,94;14.10.2025;DKK
HAVEHJ_Social_Prospecting_Havesaeson_202306;30416,58;186856;4218;147;99117,61;03.06.2023;DKK
HH_Social_Prospecting_Alm_202509;6966,17;80475;1127;29;22428,86;25.09.2025;DKK
hh_dk_Social_Prospecting_Alm_202508;4393,34;166320;5570;136;14257,42;02.08.2025;EUR
Havehjornet_Social_Prospecting_Alm_202510;9976,78;177734;1692;54;28573,97;03.10.2025;DKK
Havehjornet_Social_Retargeting_BlackFriday_202311;795,85;70558;1086;25;1934,23;09.11.2023;EUR
HH_Social_Retargeting_Alm_202307;4999,22;48176;736;18;11566,47;21.07.2023;DKK
Havehjornet_Social_Retargeting_Alm_202508;7753,95;67514;1271;29;15873,74;29.08.2025;DKK
Havehjornet_Social_Retargeting_Alm_202308;1153,67;46174;1111;33;3983,29;03.08.2023;EUR
HAVEHJ_Social_Retargeting_BlackFriday_202311;8268,32;48863;1259;37;27571,91;26.11.2023;DKK
HAVEHJ_Social_Retargeting_Alm_202308;27328,05;176578;4031;118;58152,68;14.08.2023;DKK
hh_dk_Social_Retargeting_BlackFriday_202511;10771,74;155983;2860;40;24611,53;12.11.2025;DKK
HH_Social_Retargeting_BlackFriday_202411;2825,22;24256;903;13;6125,56;24.11.2024;DKK
HAVEHJ_Social_Prospecting_Jul_202212;10909,15;142836;1523;50;37529,23;25.12.2022;DKK
Havehjornet_Social_Prospecting_Alm_202209_kopi;20049,90;251384;5220;84;58014,67;03.09.2022;DKK
HH_Social_Retargeting_Alm_202303;6084,74;99871;1570;28;13490,68;12.03.2023;DKK
Havehjornet_Social_Retargeting_Havesaeson_202206;3592,23;23871;921;16;9823,90;13.06.2022;DKK
Havehjornet_Social_Prospecting_Alm_202502;31263,08;297973;6841;172;82398,10;25.02.2025;DKK
hh_dk_Social_Prospecting_Alm_202307;4505,99;309025;6327;155;11837,56;26.07.2023;EUR
hh_dk_Social_Retargeting_Alm_202409_kopi;5021,32;72832;662;22;9978,77;12.09.2024;DKK
Havehjornet_Social_Prospecting_BlackFriday_202511;19884,58;105781;3483;99;49253,18;29.11.2025;DKK
HAVEHJ_Social_Retargeting_Alm_202301;15715,83;84553;2844;59;37470,73;22.01.2023;DKK
Havehjornet_Social_Prospecting_Havesaeson_202305;6321,57;377861;6622;199;19758,19;23.05.2023;EUR
Havehjornet_Social_Prospecting_Jul_202312;19685,22;351751;6358;89;52735,74;04.12.2023;DKK
HH_Social_Prospecting_Alm_202510;10468,37;77015;1474;57;21894,06;17.10.2025;DKK
HH_Social_Prospecting_Alm_202303;3660,56;140927;4769;119;12909,47;07.03.2023;EUR
Havehjornet_Social_Prospecting_Alm_202302;11361,58;127695;2164;55;35193,67;26.02.2023;DKK
hh_dk_Social_Retargeting_Alm_202303;3732,68;20601;804;14;10628,57;04.03.2023;DKK
HAVEHJ_Social_Retargeting_Alm_202502;8192,05;58903;2714;30;19970,25;01.02.2025;DKK
HAVEHJ_Social_Retargeting_Alm_202510;14344,66;150406;1980;54;32184,84;03.10.2025;DKK
HH_Social_Prospecting_Jul_202212;24859,82;148572;4910;113;63748,49;10.12.2022;DKK
HH_Social_Retargeting_Alm_202303;1424,45;76854;2249;45;3960,13;09.03.2023;EUR
HH_Social_Prospecting_Havesaeson_202305;5862,13;41479;1923;29;17315,30;25.05.2023;DKK
HAVEHJ_Social_Prospecting_Havesaeson_202204;11277,23;62278;3055;58;25878,98;13.04.2022;DKK
HAVEHJ_Social_Retargeting_Alm_202201;4106,06;28790;956;18;12186,24;26.01.2022;DKK
Havehjornet_Social_Prospecting_Havesaeson_202204;18541,23;179967;2512;87;68206,74;22.04.2022;DKK
Havehjornet_Social_Prospecting_Alm_202301;9809,16;57726;2659;44;21367,37;17.01.2023;DKK
Havehjornet_Social_Prospecting_Havesaeson_202304;8043,68;111963;1050;41;21361,78;30.04.2023;DKK
hh_dk_Social_Prospecting_Alm_202510;3918,12;165008;8605;151;10705,06;29.10.2025;EUR
HH_Social_Retargeting_Alm_202209;2000,57;12130;279;7;5635,62;07.09.2022;DKK
Havehjornet_Social_Retargeting_Jul_202412;6165,90;46236;925;25;14620,21;08.12.2024;DKK
Havehjornet_Social_Retargeting_Alm_202307;9174,80;61312;2625;41;28069,97;04.07.2023;DKK
HAVEHJ_Social_Retargeting_Alm_202502;5577,90;36177;721;28;12667,21;22.02.2025;DKK
hh_dk_Social_Prospecting_Jul_202512_kopi;2063,84;107489;2558;66;5046,06;08.12.2025;EUR
HAVEHJ_Social_Retargeting_Alm_202402_kopi;747,05;30403;922;24;2320,98;05.02.2024;EUR
hh_dk_Social_Retargeting_Alm_202510;6834,82;70246;1658;26;13477,67;13.10.2025;DKK
hh_dk_Social_Retargeting_Alm_202502;1330,27;163965;2614;38;3425,66;23.02.2025;EUR
HH_Social_Prospecting_Alm_202402;3175,89;410644;4468;133;8899,19;23.02.2024;EUR
HH_Social_Prospecting_Jul_202312;8378,93;134806;2584;41;27026,64;13.12.2023;DKK
hh_dk_Social_Retargeting_Alm_202409;3899,57;36599;547;14;10224,48;16.09.2024;DKK
hh_dk_Social_Retargeting_Alm_202410;705,22;77077;659;21;1461,40;30.10.2024;EUR
Havehjornet_Social_Retargeting_Havesaeson_202305;583,50;37981;679;19;1627,52;31.05.2023;EUR
Havehjornet_Social_Retargeting_Havesaeson_202406;5437,01;39287;769;20;15053,55;07.06.2024;DKK
hh_dk_Social_Retargeting_Jul_202412_kopi;5330,03;49310;874;20;13990,29;14.12.2024;DKK
Havehjornet_Social_Prospecting_BlackFriday_202311;51182,14;271841;7643;247;148339,41;20.11.2023;DKK
HAVEHJ_Social_Prospecting_Havesaeson_202206;16772,29;301860;4856;79;64589,43;19.06.2022;DKK
Havehjornet_Social_Retargeting_Havesaeson_202205;10587,07;98577;1384;53;23275,66;12.05.2022;DKK
hh_dk_Social_Retargeting_Havesaeson_202404;12497,34;80006;1750;50;48245,81;01.04.2024;DKK
HAVEHJ_Social_Retargeting_Alm_202201;6453,72;33086;959;24;18897,66;28.01.2022;DKK
HAVEHJ_Social_Retargeting_Alm_202402;7716,30;48667;1260;36;23549,98;27.02.2024;DKK
HH_Social_Retargeting_Havesaeson_202404;2840,66;235186;3945;79;7908,82;14.04.2024;EUR
HH_Social_Prospecting_Alm_202407;19278,64;257731;2437;86;58428,21;15.07.2024;DKK
Havehjornet_Social_Prospecting_Alm_202203;6442,11;311138;7205;208;20350,78;06.03.2022;EUR
hh_dk_Social_Prospecting_BlackFriday_202311;2069,52;77843;4978;63;4651,53;15.11.2023;EUR
Havehjornet_Social_Prospecting_Havesaeson_202204;14671,49;123567;3700;66;45846,17;10.04.2022;DKK
HAVEHJ_Social_Prospecting_Havesaeson_202205;3187,33;266765;3030;106;9828,23;08.05.2022;EUR
Havehjornet_Social_Retargeting_Havesaeson_202506;10421,11;60810;1448;51;30633,86;24.06.2025;DKK
Havehjornet_Social_Retargeting_Alm_202210;1801,00;11755;487;7;4723,81;17.10.2022;DKK
HAVEHJ_Social_Prospecting_Alm_202507;21745,99;275172;4483;94;79835,43;23.07.2025;DKK
Havehjornet_Social_Prospecting_BlackFriday_202411;35185,76;406888;5706;176;113952,89;20.11.2024;DKK
HAVEHJ_Social_Prospecting_Havesaeson_202405;47615,47;313990;15289;217;150467,89;25.05.2024;DKK
HH_Social_Retargeting_Alm_202307;2715,44;26382;611;11;6132,60;19.07.2023;DKK
HH_Social_Retargeting_Havesaeson_202405;7807,97;82310;1240;38;15185,60;13.05.2024;DKK
hh_dk_Social_Prospecting_Havesaeson_202306_kopi;27156,98;256394;5003;111;92411,78;04.06.2023;DKK
Havehjornet_Social_Retargeting_Alm_202410;4932,79;40189;1610;24;9829,76;19.10.2024;DKK
HH_Social_Prospecting_Jul_202512;10027,64;183703;2308;45;30474,07;21.12.2025;DKK
HH_Social_Retargeting_Alm_202207;2762,65;17146;562;11;8125,31;03.07.2022;DKK
HAVEHJ_Social_Prospecting_Havesaeson_202306_kopi;4782,99;79408;716;22;13038,81;05.06.2023;DKK
HH_Social_Retargeting_Alm_202501;7702,34;57892;1547;31;17801,13;26.01.2025;DKK
Havehjornet_Social_Prospecting_Havesaeson_202305;665,04;33660;903;26;1936,55;19.05.2023;EUR
HH_Social_Prospecting_Havesaeson_202505;4269,05;265311;7428;161;14514,15;31.05.2025;EUR
hh_dk_Social_Prospecting_Alm_202503;4063,48;492502;5656;148;8869,35;25.03.2025;EUR
hh_dk_Social_Prospecting_Alm_202203;44105,89;300916;5804;187;101592,28;03.03.2022;DKK
hh_dk_Social_Retargeting_Alm_202409;4068,68;29066;973;16;12476,03;09.09.2024;DKK
HAVEHJ_Social_Retargeting_Alm_202509;2792,49;17554;369;14;7397,96;06.09.2025;DKK
HH_Social_Retargeting_Alm_202401;7745,90;100621;1309;32;30202,23;02.01.2024;DKK
Havehjornet_Social_Retargeting_Alm_202209;450,52;28067;1042;16;1354,67;26.09.2022;EUR
hh_dk_Social_Retargeting_Alm_202209;7037,50;51949;1345;32;17464,81;20.09.2022;DKK
HH_Social_Prospecting_Alm_202507;7153,50;47849;1170;35;18459,48;07.07.2025;DKK
hh_dk_Social_Retargeting_Alm_202501;897,15;53764;868;26;2145,71;13.01.2025;EUR
HH_Social_Retargeting_BlackFriday_202511_kopi;3622,87;19692;867;17;9932,79;03.11.2025;DKK
hh_dk_Social_Prospecting_Alm_202401;8206,96;45712;1343;43;18366,70;29.01.2024;DKK
hh_dk_Social_Retargeting_Alm_202407;5004,47;35255;1108;22;17603,82;19.07.2024;DKK
HH_Social_Retargeting_Alm_202510;8128,44;57379;1070;39;23807,17;18.10.2025;DKK
HAVEHJ_Social_Retargeting_Alm_202501;2237,11;20976;313;9;5515,25;03.01.2025;DKK
Havehjornet_Social_Retargeting_Alm_202201;5697,39;29650;1489;22;17099,65;08.01.2022;DKK
Havehjornet_Social_Prospecting_BlackFriday_202211;62676,26;402618;14218;273;231919,01;09.11.2022;DKK
HAVEHJ_Social_Prospecting_Alm_202308;15342,86;304213;2210;81;43007,25;29.08.2023;DKK
hh_dk_Social_Prospecting_Alm_202301;7209,02;71064;2309;38;14307,31;02.01.2023;DKK
HH_Social_Prospecting_Alm_202303;11379,11;131709;2480;63;32815,79;17.03.2023;DKK
Havehjornet_Social_Prospecting_Alm_202208;29575,83;242351;7173;139;64189,42;02.08.2022;DKK
HAVEHJ_Social_Prospecting_Alm_202209;1848,66;121250;2444;70;5893,04;10.09.2022;EUR
Havehjornet_Social_Prospecting_Alm_202309;2070,01;130494;2843;78;6029,72;09.09.2023;EUR
HAVEHJ_Social_Prospecting_Alm_202401;22322,17;155397;2967;95;45724,91;05.01.2024;DKK
Havehjornet_Social_Retargeting_Alm_202202;2155,95;159406;2378;66;7391,53;16.02.2022;EUR
Havehjornet_Social_Prospecting_Jul_202312_kopi;17004,56;109912;5401;92;41434,12;28.12.2023;DKK
HH_Social_Prospecting_Havesaeson_202504;1628,35;98000;1729;51;6332,81;05.04.2025;EUR
HH_Social_Prospecting_BlackFriday_202511;21062,27;246066;4053;111;63720,00;10.11.2025;DKK
hh_dk_Social_Retargeting_Jul_202212;3841,40;30247;633;17;10176,40;27.12.2022;DKK
hh_dk_Social_Prospecting_Alm_202403;19246,26;104893;4394;84;38024,97;19.03.2024;DKK
HAVEHJ_Social_Retargeting_BlackFriday_202311_kopi;10779,57;60277;1624;40;31627,36;12.11.2023;DKK
hh_dk_Social_Prospecting_Alm_202403;16585,16;86410;2295;91;54020,69;31.03.2024;DKK
hh_dk_Social_Retargeting_Alm_202510;1144,37;102397;2136;39;2614,58;30.10.2025;EUR
hh_dk_Social_Retargeting_Havesaeson_202405_kopi;7723,35;78955;2502;34;19737,41;17.05.2024;DKK
hh_dk_Social_Prospecting_Alm_202507;11565,73;61832;1778;63;38452,06;06.07.2025;DKK
HAVEHJ_Social_Retargeting_Alm_202408;3981,69;25895;566;16;11975,16;06.08.2024;DKK
Havehjornet_Social_Prospecting_Alm_202501;1757,04;66649;2148;59;5590,18;30.01.2025;EUR
hh_dk_Social_Prospecting_Jul_202312;3846,18;268115;6220;117;10578,23;09.12.2023;EUR
HAVEHJ_Social_Retargeting_Havesaeson_202506;8743,39;112872;1254;43;17468,59;27.06.2025;DKK
HAVEHJ_Social_Retargeting_Havesaeson_202505;10196,62;78151;3208;42;17068,62;06.05.2025;DKK
HAVEHJ_Social_Prospecting_Jul_202412;16555,29;262482;3369;78;42933,79;03.12.2024;DKK
HAVEHJ_Social_Retargeting_Havesaeson_202405;725,74;29823;1361;22;1814,89;08.05.2024;EUR
hh_dk_Social_Prospecting_Alm_202501_kopi;4771,40;29907;1154;24;11813,60;18.01.2025;DKK
hh_dk_Social_Prospecting_Alm_202508;22322,60;133212;3324;94;67229,51;07.08.2025;DKK
HAVEHJ_Social_Retargeting_Havesaeson_202405;5565,25;67528;1785;21;16220,31;01.05.2024;DKK
HH_Social_Retargeting_Alm_202207_kopi;816,43;66544;1339;27;2380,76;01.07.2022;EUR
HH_Social_Prospecting_Havesaeson_202506;19040,45;149696;3679;81;70497,62;24.06.2025;DKK
HH_Social_Prospecting_Alm_202309;1924,95;92186;3616;68;4867,51;16.09.2023;EUR
HAVEHJ_Social_Retargeting_Havesaeson_202504;8426,21;102776;1299;37;23106,56;08.04.2025;DKK
HAVEHJ_Social_Retargeting_Alm_202510;889,08;94168;1138;25;2960,88;28.10.2025;EUR
HH_Social_Retargeting_Alm_202209;9040,13;48516;2398;34;24558,19;28.09.2022;DKK
HH_Social_Retargeting_Alm_202507;10510,13;69132;1872;49;23627,48;10.07.2025;DKK
hh_dk_Social_Prospecting_BlackFriday_202411;23677,74;127862;3880;119;73930,65;17.11.2024;DKK
HAVEHJ_Social_Retargeting_Jul_202512;2644,59;21937;710;12;6714,69;13.12.2025;DKK
Havehjornet_Social_Prospecting_Alm_202307;14750,61;122972;2191;79;46318,02;27.07.2023;DKK
HH_Social_Prospecting_Alm_202208;5038,63;198543;7951;200;11449,91;30.08.2022;EUR
HH_Social_Prospecting_Jul_202412;16438,66;87328;2551;80;34941,30;26.12.2024;DKK
HAVEHJ_Social_Retargeting_Alm_202401;5193,92;31386;1027;23;14067,66;31.01.2024;DKK
HAVEHJ_Social_Prospecting_Alm_202302;9855,05;97386;1837;42;26392,62;12.02.2023;DKK
HAVEHJ_Social_Retargeting_Alm_202410;4056,58;23170;528;18;10533,91;05.10.2024;DKK
HAVEHJ_Social_Retargeting_Alm_202308;1031,29;53855;1350;36;3167,63;06.08.2023;EUR
Havehjornet_Social_Prospecting_Alm_202503;26626,74;189172;4182;135;83150,54;13.03.2025;DKK
HAVEHJ_Social_Retargeting_Alm_202501;1383,18;83186;1832;37;4012,48;17.01.2025;EUR
HH_Social_Prospecting_Jul_202212;22483,82;133943;4344;111;64629,60;31.12.2022;DKK
HAVEHJ_Social_Retargeting_Havesaeson_202406;11619,63;144025;1598;45;24444,49;16.06.2024;DKK
HH_Social_Prospecting_Alm_202209;3624,70;179310;4218;134;10497,76;16.09.2022;EUR
HAVEHJ_Social_Retargeting_Havesaeson_202505_kopi;7750,02;45211;1523;36;20691,51;30.05.2025;DKK
hh_dk_Social_Prospecting_Alm_202502;7753,11;46719;1030;34;22926,94;19.02.2025;DKK
Havehjornet_Social_Retargeting_BlackFriday_202311;1837,06;135004;2135;52;4236,65;22.11.2023;EUR
Havehjornet_Social_Prospecting_Havesaeson_202304;14841,83;108411;3407;67;39417,67;14.04.2023;DKK
HH_Social_Prospecting_Alm_202309;17731,66;111055;5322;85;70193,77;27.09.2023;DKK
hh_dk_Social_Retargeting_Havesaeson_202506;10217,50;63603;2556;41;20864,45;28.06.2025;DKK
HAVEHJ_Social_Retargeting_BlackFriday_202511;3684,92;29651;787;18;6208,39;16.11.2025;DKK
Havehjornet_Social_Prospecting_BlackFriday_202211;9967,62;147402;1451;48;30923,10;07.11.2022;DKK
HH_Social_Retargeting_BlackFriday_202411;12471,32;71486;2986;48;24329,02;14.11.2024;DKK
Havehjornet_Social_Retargeting_Alm_202202;9855,61;160506;2088;40;22948,37;28.02.2022;DKK
HH_Social_Prospecting_Alm_202202;13050,97;240668;2842;62;38512,33;19.02.2022;DKK
HAVEHJ_Social_Prospecting_Havesaeson_202306;23852,91;231575;5902;117;61801,29;18.06.2023;DKK
HAVEHJ_Social_Prospecting_Havesaeson_202405;37703,48;304017;8343;173;111955,57;13.05.2024;DKK
HH_Social_Prospecting_BlackFriday_202511;29041,51;165059;5406;118;100186,56;30.11.2025;DKK
HH_Social_Retargeting_Havesaeson_202406;3150,66;35996;766;14;9767,77;25.06.2024;DKK
Havehjornet_Social_Prospecting_Alm_202502;2197,04;115682;3246;80;6538,49;01.02.2025;EUR
HH_Social_Retargeting_Havesaeson_202505;3744,34;60011;882;17;7432,47;31.05.2025;DKK
HH_Social_Retargeting_BlackFriday_202311;3510,28;18911;921;15;9373,75;17.11.2023;DKK
HAVEHJ_Social_Retargeting_Alm_202407_kopi;13316,59;67905;4257;51;27550,40;29.07.2024;DKK
hh_dk_Social_Prospecting_BlackFriday_202311;20065,25;115991;3561;111;64457,39;02.11.2023;DKK
HH_Social_Retargeting_Alm_202508;9749,72;171790;3184;45;24689,48;17.08.2025;DKK
HAVEHJ_Social_Retargeting_BlackFriday_202511;3128,88;16008;681;14;8102,10;06.11.2025;DKK
Havehjornet_Social_Retargeting_Alm_202507;6667,14;37919;1113;29;20074,33;24.07.2025;DKK
HAVEHJ_Social_Retargeting_Havesaeson_202204;8953,34;79940;1877;44;28472,62;16.04.2022;DKK
Havehjornet_Social_Retargeting_Alm_202302;823,88;60903;1067;29;3309,76;13.02.2023;EUR
HH_Social_Prospecting_Alm_202209;2536,18;283029;3833;77;6658,81;20.09.2022;EUR
HAVEHJ_Social_Retargeting_Alm_202408;2524,08;37298;666;10;4727,12;22.08.2024;DKK
Havehjornet_Social_Prospecting_Alm_202408;2810,06;133539;6217;86;8847,78;10.08.2024;EUR
HH_Social_Retargeting_Alm_202509;13024,13;72907;2143;51;35433,16;02.09.2025;DKK
Havehjornet_Social_Retargeting_Alm_202507;305,24;20716;724;8;741,62;04.07.2025;EUR
HAVEHJ_Social_Retargeting_Alm_202401;4524,30;65243;1140;21;11703,14;03.01.2024;DKK
Havehjornet_Social_Retargeting_Alm_202410;6754,78;58100;911;28;15215,66;12.10.2024;DKK
Havehjornet_Social_Prospecting_Alm_202508;19641,40;136439;6279;103;64871,91;14.08.2025;DKK
Havehjornet_Social_Retargeting_Havesaeson_202505;18239,86;207213;2373;79;44984,80;22.05.2025;DKK
HAVEHJ_Social_Retargeting_Alm_202209_kopi;770,15;47126;1581;24;1582,46;17.09.2022;EUR
Havehjornet_Social_Retargeting_Havesaeson_202406;2065,09;136824;3059;76;4985,73;22.06.2024;EUR
hh_dk_Social_Retargeting_Havesaeson_202504;7037,39;95871;1036;30;14344,98;13.04.2025;DKK
Havehjornet_Social_Retargeting_Alm_202401;908,69;74455;1000;27;2649,50;04.01.2024;EUR
hh_dk_Social_Retargeting_Alm_202410;1599,20;10594;502;6;5480,64;15.10.2024;DKK
hh_dk_Social_Prospecting_Alm_202508;4740,86;196382;5755;152;10878,97;26.08.2025;EUR
hh_dk_Social_Prospecting_Havesaeson_202404;10893,76;55196;1625;61;26115,37;14.04.2024;DKK
HAVEHJ_Social_Prospecting_Jul_202212;6512,03;42519;1692;29;13932,44;02.12.2022;DKK
Havehjornet_Social_Retargeting_Alm_202209;452,07;21448;811;13;1097,56;03.09.2022;EUR
HAVEHJ_Social_Prospecting_Havesaeson_202205;43815,52;480380;6271;217;134790,20;30.05.2022;DKK
Havehjornet_Social_Retargeting_Alm_202408;3146,27;38595;847;13;7282,97;28.08.2024;DKK
HH_Social_Prospecting_Havesaeson_202504;2973,67;137360;3675;115;8024,93;06.04.2025;EUR
HAVEHJ_Social_Retargeting_Jul_202412;4982,71;76908;797;19;13423,92;10.12.2024;DKK
HH_Social_Retargeting_Alm_202307;5648,19;63172;1063;21;19870,81;17.07.2023;DKK
HH_Social_Prospecting_BlackFriday_202211;32587,95;206807;4450;164;98527,50;29.11.2022;DKK
HH_Social_Retargeting_Havesaeson_202406;15432,29;150316;2956;66;32917,73;17.06.2024;DKK
HH_Social_Prospecting_Alm_202402;31671,64;295335;5798;176;99205,45;06.02.2024;DKK
Havehjornet_Social_Retargeting_Alm_202503;7159,89;95652;1181;31;17207,73;19.03.2025;DKK
HH_Social_Prospecting_Havesaeson_202204;32312,23;168853;5595;137;91414,59;05.04.2022;DKK
HAVEHJ_Social_Retargeting_Alm_202407;8535,15;68195;1585;34;22882,99;02.07.2024;DKK
HH_Social_Retargeting_Alm_202201;13472,35;106916;1759;60;36529,25;05.01.2022;DKK
HH_Social_Retargeting_Havesaeson_202504_kopi;13395,09;127455;2021;55;32771,77;21.04.2025;DKK
HAVEHJ_Social_Retargeting_Alm_202309;5776,33;29381;946;22;16054,09;01.09.2023;DKK
Havehjornet_Social_Prospecting_Alm_202502_kopi;630,13;36870;1041;23;1640,42;10.02.2025;EUR
HAVEHJ_Social_Retargeting_Alm_202409_kopi;5142,11;31160;832;21;16390,90;22.09.2024;DKK
HH_Social_Retargeting_Jul_202412;4552,43;36982;728;17;11424,09;23.12.2024;DKK
HH_Social_Prospecting_Alm_202502;12541,07;157711;3232;64;32422,88;02.02.2025;DKK
HAVEHJ_Social_Prospecting_Havesaeson_202505;8562,82;60901;1124;45;25577,40;01.05.2025;DKK
hh_dk_Social_Prospecting_Havesaeson_202506;17510,68;91845;3819;91;37793,66;27.06.2025;DKK
HH_Social_Retargeting_Alm_202503;3420,71;17651;482;15;9761,42;29.03.2025;DKK
HAVEHJ_Social_Prospecting_Alm_202508;26296,30;225119;5478;139;86840,02;13.08.2025;DKK
HH_Social_Retargeting_Alm_202503;11219,19;126697;2447;48;23833,56;24.03.2025;DKK
hh_dk_Social_Retargeting_Havesaeson_202306;11401,74;94116;3684;43;27961,02;02.06.2023;DKK
HAVEHJ_Social_Retargeting_BlackFriday_202311;3685,56;21164;748;19;7421,19;05.11.2023;DKK
HH_Social_Retargeting_Havesaeson_202405_kopi;9202,64;118600;1414;38;14569,39;27.05.2024;DKK
Havehjornet_Social_Prospecting_Alm_202501;15530,63;85079;3002;82;60290,44;21.01.2025;DKK
hh_dk_Social_Retargeting_Havesaeson_202206;11524,31;192062;1725;43;31274,72;11.06.2022;DKK
Havehjornet_Social_Retargeting_BlackFriday_202411;11765,42;82919;1987;43;26225,39;13.11.2024;DKK
HH_Social_Retargeting_Alm_202502;10576,09;79143;1800;53;30186,93;13.02.2025;DKK
HH_Social_Prospecting_Alm_202303;40353,47;235742;7150;186;141575,05;09.03.2023;DKK
Havehjornet_Social_Prospecting_Havesaeson_202406;1628,41;130526;3769;53;4324,34;15.06.2024;EUR
HAVEHJ_Social_Prospecting_Alm_202410;33298,91;189997;4561;138;96694,55;31.10.2024;DKK
Havehjornet_Social_Retargeting_Havesaeson_202406;3734,94;21727;705;16;13475,88;26.06.2024;DKK
Havehjornet_Social_Prospecting_Havesaeson_202405;29648,67;156208;4618;135;65284,42;14.05.2024;DKK
HH_Social_Retargeting_Alm_202409;6561,18;50715;1578;29;16598,28;26.09.2024;DKK
Havehjornet_Social_Prospecting_Havesaeson_202406;3620,24;136550;4884;113;12519,24;09.06.2024;EUR
HH_Social_Retargeting_BlackFriday_202511;733,53;28800;722;26;1390,12;02.11.2025;EUR
HH_Social_Prospecting_Alm_202310;9981,22;80621;2486;52;29662,82;15.10.2023;DKK
hh_dk_Social_Prospecting_Alm_202201;2184,68;99915;3448;76;5987,88;26.01.2022;EUR
HH_Social_Retargeting_Alm_202403_kopi;13177,48;188004;1824;55;32578,48;26.03.2024;DKK
Havehjornet_Social_Retargeting_BlackFriday_202411;10561,98;107083;1343;41;31129,83;29.11.2024;DKK
hh_dk_Social_Retargeting_Alm_202502;10487,11;107901;1431;47;20380,86;27.02.2025;DKK
Havehjornet_Social_Retargeting_Alm_202301;16037,55;120833;2404;71;40744,22;08.01.2023;DKK
hh_dk_Social_Prospecting_Alm_202409;2111,60;96024;2782;76;3686,41;02.09.2024;EUR
Havehjornet_Social_Retargeting_Alm_202201;4181,14;49632;844;19;8428,59;04.01.2022;DKK
hh_dk_Social_Retargeting_Alm_202208;9159,19;114091;1286;43;22137,67;21.08.2022;DKK
HH_Social_Retargeting_Alm_202203;1065,48;40185;1138;40;2321,36;26.03.2022;EUR
hh_dk_Social_Prospecting_Alm_202303;45657,38;310094;8765;254;133179,03;18.03.2023;DKK
HAVEHJ_Social_Prospecting_Alm_202303;21770,29;126832;5332;110;69167,32;24.03.2023;DKK
Havehjornet_Social_Retargeting_Alm_202402;6333,91;39993;1232;30;14501,17;15.02.2024;DKK
HAVEHJ_Social_Prospecting_Havesaeson_202305;3467,66;191502;3399;105;10291,19;07.05.2023;EUR
HH_Social_Retargeting_Havesaeson_202304;11053,96;67274;1708;40;27759,72;21.04.2023;DKK
Havehjornet_Social_Prospecting_Alm_202203;38783,12;636246;7776;161;108383,09;13.03.2022;DKK
HAVEHJ_Social_Prospecting_Alm_202403;17261,17;282199;2600;88;38852,09;29.03.2024;DKK
hh_dk_Social_Prospecting_Alm_202402_kopi;2831,26;43084;355;12;9396,00;05.02.2024;DKK
HH_Social_Prospecting_BlackFriday_202511;18122,62;94286;3591;99;61682,06;09.11.2025;DKK
hh_dk_Social_Retargeting_Havesaeson_202405;10705,43;75076;1834;40;45269,04;09.05.2024;DKK
hh_dk_Social_Retargeting_Alm_202507;726,87;59815;821;27;2039,38;22.07.2025;EUR
HH_Social_Retargeting_Alm_202303;7298,60;95298;1373;32;16670,67;25.03.2023;DKK
HAVEHJ_Social_Prospecting_Alm_202503;18205,27;131651;3747;88;58872,69;10.03.2025;DKK
Havehjornet_Social_Prospecting_Alm_202501;12841,43;67226;1733;57;41732,69;11.01.2025;DKK
HAVEHJ_Social_Prospecting_Alm_202508;51145,26;617329;8861;263;152444,98;16.08.2025;DKK
HH_Social_Prospecting_Havesaeson_202506;26928,69;496192;7559;125;57471,23;19.06.2025;DKK
hh_dk_Social_Retargeting_Alm_202207;18408,70;345402;6017;70;53734,12;20.07.2022;DKK
HH_Social_Prospecting_Alm_202302_kopi;40659,99;297114;7271;191;115678,70;28.02.2023;DKK
HAVEHJ_Social_Prospecting_Havesaeson_202305;5349,73;387262;7936;202;14394,68;21.05.2023;EUR
HAVEHJ_Social_Prospecting_Alm_202408;2790,47;200463;4759;110;6818,23;19.08.2024;EUR
HAVEHJ_Social_Retargeting_Havesaeson_202204;10183,94;60370;1331;45;23879,01;23.04.2022;DKK
Havehjornet_Social_Prospecting_Alm_202301;8187,69;61253;1046;40;22590,23;23.01.2023;DKK
Havehjornet_Social_Prospecting_Jul_202212;17107,81;208852;4538;80;51905,54;29.12.2022;DKK
HAVEHJ_Social_Prospecting_Alm_202503;17193,30;144886;3026;98;49503,25;17.03.2025;DKK
HH_Social_Prospecting_Alm_202403;3304,33;130998;7696;122;11212,47;13.03.2024;EUR
Havehjornet_Social_Retargeting_Havesaeson_202206;12870,27;100136;3168;57;30870,72;07.06.2022;DKK
hh_dk_Social_Prospecting_Jul_202512;14139,64;114213;2217;65;36377,21;16.12.2025;DKK
HAVEHJ_Social_Retargeting_Havesaeson_202204;1454,58;88272;2856;52;3444,39;26.04.2022;EUR
hh_dk_Social_Prospecting_Havesaeson_202206;31503,67;191114;5185;169;79863,48;02.06.2022;DKK
HH_Social_Prospecting_Havesaeson_202404;10621,33;76965;2331;44;33497,91;26.04.2024;DKK
HAVEHJ_Social_Prospecting_Jul_202512;6022,28;57109;1971;27;15014,04;29.12.2025;DKK
HH_Social_Retargeting_Jul_202512;1391,16;127299;1858;39;4117,49;16.12.2025;EUR
HH_Social_Prospecting_Alm_202201;1968,37;162576;2094;66;4069,33;20.01.2022;EUR
HAVEHJ_Social_Retargeting_Alm_202201;12791,23;91577;1851;55;30385,44;29.01.2022;DKK
Havehjornet_Social_Retargeting_Alm_202310;687,00;90157;1256;23;1828,31;29.10.2023;EUR
hh_dk_Social_Prospecting_Alm_202207;32950,30;391304;9799;176;85532,28;15.07.2022;DKK
hh_dk_Social_Prospecting_Havesaeson_202405;28039,00;451376;4401;149;86510,58;29.05.2024;DKK
Havehjornet_Social_Prospecting_Alm_202307;30776,68;248999;9682;130;77909,94;20.07.2023;DKK
hh_dk_Social_Prospecting_Alm_202203_kopi;5669,49;230771;9258;191;17293,00;26.03.2022;EUR
Havehjornet_Social_Retargeting_Alm_202507_kopi;783,44;77355;1478;23;1819,19;05.07.2025;EUR
HAVEHJ_Social_Retargeting_Alm_202309;1428,09;58955;2105;46;4213,24;10.09.2023;EUR
hh_dk_Social_Prospecting_Alm_202408_kopi;33830,68;438104;11109;181;88752,39;28.08.2024;DKK
HAVEHJ_Social_Prospecting_Alm_202510;6655,76;46795;1067;36;17885,51;11.10.2025;DKK
hh_dk_Social_Prospecting_Alm_202501;22938,84;142027;3690;114;57691,01;17.01.2025;DKK
Havehjornet_Social_Prospecting_Havesaeson_202406_kopi;3043,73;27955;480;13;8572,34;27.06.2024;DKK
HAVEHJ_Social_Retargeting_Havesaeson_202206;6492,80;69454;1411;27;12768,02;08.06.2022;DKK
Havehjornet_Social_Retargeting_Havesaeson_202305;4604,14;47267;805;21;12635,30;22.05.2023;DKK
hh_dk_Social_Retargeting_Havesaeson_202204;1320,24;51958;3125;39;3690,95;19.04.2022;EUR
HAVEHJ_Social_Prospecting_Alm_202410;16836,60;103326;2875;76;46084,76;10.10.2024;DKK
Havehjornet_Social_Retargeting_Jul_202412;6004,83;57289;921;22;12222,47;15.12.2024;DKK
HAVEHJ_Social_Retargeting_Havesaeson_202405;9581,64;68969;1205;47;25370,53;16.05.2024;DKK
Havehjornet_Social_Prospecting_Alm_202301_kopi;7025,37;50850;1086;32;18738,91;28.01.2023;DKK
hh_dk_Social_Prospecting_Alm_202509;21663,86;185978;5047;104;39709,87;14.09.2025;DKK
Havehjornet_Social_Prospecting_Havesaeson_202406;1530,84;101566;1542;58;4214,30;26.06.2024;EUR
HH_Social_Prospecting_Havesaeson_202505;37100,63;227018;11241;210;94025,58;11.05.2025;DKK
HH_Social_Prospecting_BlackFriday_202411;50108,22;644493;16169;226;149686,63;13.11.2024;DKK
HH_Social_Prospecting_Alm_202509_kopi;31548,67;350123;5026;179;90122,08;09.09.2025;DKK
hh_dk_Social_Retargeting_Alm_202302;5550,34;40912;1376;24;10931,65;04.02.2023;DKK
HAVEHJ_Social_Retargeting_Alm_202507;2536,42;17322;548;10;7989,68;07.07.2025;DKK
hh_dk_Social_Prospecting_Havesaeson_202204;13888,56;97328;2146;63;42541,24;24.04.2022;DKK
hh_dk_Social_Prospecting_Havesaeson_202505;14136,32;84174;3318;66;45335,05;09.05.2025;DKK
HH_Social_Retargeting_Havesaeson_202305;326,89;18914;585;9;607,50;17.05.2023;EUR
hh_dk_Social_Retargeting_Alm_202210;4706,21;49109;693;17;13648,64;19.10.2022;DKK
Havehjornet_Social_Prospecting_BlackFriday_202211;2683,13;182142;2614;112;6209,60;20.11.2022;EUR
hh_dk_Social_Retargeting_Havesaeson_202304;1621,31;90763;2984;47;3771,42;09.04.2023;EUR
hh_dk_Social_Prospecting_Alm_202310_kopi;20263,77;127939;4279;100;53919,08;12.10.2023;DKK
HH_Social_Retargeting_Alm_202501;2414,89;16325;336;10;6202,33;01.01.2025;DKK
Havehjornet_Social_Retargeting_Alm_202502;1316,89;84104;1613;44;3373,45;16.02.2025;EUR
HH_Social_Prospecting_Jul_202212;16305,50;115079;3520;69;40260,39;12.12.2022;DKK
HAVEHJ_Social_Retargeting_Alm_202202;8519,52;47956;1953;35;22799,60;11.02.2022;DKK
HAVEHJ_Social_Prospecting_Jul_202212_kopi;4928,78;26229;1634;24;13132,29;24.12.2022;DKK
hh_dk_Social_Prospecting_Alm_202507;7507,62;44219;956;39;20259,66;19.07.2025;DKK
HH_Social_Prospecting_Havesaeson_202504;43155,28;434238;5837;188;99550,29;03.04.2025;DKK
HH_Social_Retargeting_Alm_202403;3009,66;34779;394;14;7368,11;10.03.2024;DKK
HH_Social_Retargeting_Havesaeson_202504;3536,72;60647;451;14;5487,03;03.04.2025;DKK
HH_Social_Retargeting_Alm_202210;1039,83;50414;1211;33;2466,01;26.10.2022;EUR
HH_Social_Prospecting_Alm_202408;24093,89;361130;8003;117;90327,26;18.08.2024;DKK
HH_Social_Prospecting_Alm_202407;4114,43;21006;744;18;14678,16;07.07.2024;DKK
hh_dk_Social_Retargeting_Havesaeson_202406;9909,35;50489;1951;46;23330,15;10.06.2024;DKK
HAVEHJ_Social_Retargeting_Alm_202401;1182,68;6238;267;5;1910,81;30.01.2024;DKK
HAVEHJ_Social_Retargeting_BlackFriday_202211;8498,53;78994;2814;32;20367,52;06.11.2022;DKK
hh_dk_Social_Prospecting_Alm_202308;22691,96;126223;3055;92;51101,20;17.08.2023;DKK
hh_dk_Social_Prospecting_Havesaeson_202205;20191,79;134209;3797;100;52721,74;18.05.2022;DKK
Havehjornet_Social_Prospecting_Havesaeson_202506_kopi;10116,82;81417;2139;43;28705,39;15.06.2025;DKK
HAVEHJ_Social_Prospecting_BlackFriday_202311;30325,62;248851;10001;133;88859,03;12.11.2023;DKK
HH_Social_Prospecting_Havesaeson_202306;12357,58;82292;1698;58;28869,94;27.06.2023;DKK
Havehjornet_Social_Prospecting_Alm_202303;3062,60;115377;4060;112;8168,18;29.03.2023;EUR
Havehjornet_Social_Prospecting_Alm_202210;1347,59;96326;1268;43;3690,30;05.10.2022;EUR
HH_Social_Retargeting_BlackFriday_202311_kopi;10703,69;102555;2072;45;25873,61;15.11.2023;DKK
Havehjornet_Social_Prospecting_Havesaeson_202505;27255,97;466695;3681;115;91383,12;17.05.2025;DKK
HAVEHJ_Social_Retargeting_Havesaeson_202404;3968,64;70060;878;18;7357,84;03.04.2024;DKK
hh_dk_Social_Retargeting_Alm_202403;7765,32;71019;1308;29;21556,47;03.03.2024;DKK
HAVEHJ_Social_Retargeting_Jul_202512;6577,19;88187;1671;32;20039,37;11.12.2025;DKK
HH_Social_Retargeting_BlackFriday_202511;10409,01;187118;2277;50;29518,34;29.11.2025;DKK
Havehjornet_Social_Retargeting_Alm_202503_kopi;5017,03;37974;1163;20;15131,19;02.03.2025;DKK
hh_dk_Social_Retargeting_Havesaeson_202404;1861,60;109906;2149;67;4111,26;10.04.2024;EUR
hh_dk_Social_Retargeting_Havesaeson_202505;8565,24;133481;2545;34;23056,32;17.05.2025;DKK
Havehjornet_Social_Prospecting_Alm_202509;4542,58;396482;4381;142;11606,12;10.09.2025;EUR
Havehjornet_Social_Retargeting_Alm_202210_kopi;4558,58;26364;1192;21;11014,78;13.10.2022;DKK
HAVEHJ_Social_Prospecting_Alm_202303;31992,79;616923;7371;144;76998,97;06.03.2023;DKK
HAVEHJ_Social_Prospecting_Alm_202210;8455,10;46877;1235;41;36395,43;22.10.2022;DKK
HAVEHJ_Social_Retargeting_Alm_202401;3811,24;50197;911;15;10380,98;21.01.2024;DKK
HAVEHJ_Social_Prospecting_Alm_202203;53494,42;586370;9647;280;152247,43;27.03.2022;DKK
HH_Social_Prospecting_Alm_202210;5225,06;67892;710;23;11337,45;03.10.2022;DKK
hh_dk_Social_Prospecting_Jul_202412;2157,75;82348;4711;82;6632,24;06.12.2024;EUR
hh_dk_Social_Retargeting_Alm_202301;4213,16;30619;877;18;10742,56;23.01.2023;DKK
HH_Social_Prospecting_Alm_202208;19529,20;141199;4526;92;75300,70;05.08.2022;DKK
HH_Social_Prospecting_Alm_202309;18063,88;295194;4478;81;60290,92;22.09.2023;DKK
Havehjornet_Social_Prospecting_Alm_202510;28004,38;185579;3933;124;78946,05;28.10.2025;DKK
HH_Social_Retargeting_Alm_202309;7108,10;36037;1672;35;16641,57;11.09.2023;DKK
Havehjornet_Social_Prospecting_Alm_202307;3710,03;40919;1037;21;9737,03;03.07.2023;DKK
HH_Social_Retargeting_Havesaeson_202305_kopi;10481,05;113529;1609;40;37803,82;20.05.2023;DKK
HH_Social_Retargeting_Alm_202502;13465,95;113742;3877;50;27765,80;26.02.2025;DKK
hh_dk_Social_Retargeting_Alm_202408;12653,16;79679;2103;46;26948,47;07.08.2024;DKK
Havehjornet_Social_Retargeting_Havesaeson_202204_kopi;14971,20;110336;1940;67;43119,40;29.04.2022;DKK
hh_dk_Social_Prospecting_Alm_202407;1388,75;172009;2251;45;4244,30;12.07.2024;EUR
HH_Social_Prospecting_Alm_202403;42219,64;506797;5870;184;105576,15;14.03.2024;DKK
hh_dk_Social_Retargeting_Jul_202312;5991,96;43356;755;23;16739,36;06.12.2023;DKK
HH_Social_Prospecting_BlackFriday_202211;18948,76;362999;3052;79;60599,76;24.11.2022;DKK
HAVEHJ_Social_Prospecting_Alm_202201;968,71;42160;1352;33;3678,24;27.01.2022;EUR
HAVEHJ_Social_Prospecting_Alm_202309;21281,20;162515;5010;112;59791,73;12.09.2023;DKK
HH_Social_Retargeting_Havesaeson_202205;3913,87;53803;707;15;12640,62;06.05.2022;DKK
hh_dk_Social_Prospecting_Alm_202308;30506,29;209715;4207;143;61081,01;19.08.2023;DKK
hh_dk_Social_Prospecting_Alm_202210;13241,96;77547;3596;60;41378,70;14.10.2022;DKK
HAVEHJ_Social_Prospecting_Alm_202310;6498,99;104152;1567;31;22431,28;09.10.2023;DKK
HAVEHJ_Social_Prospecting_Havesaeson_202504;3092,81;174744;3392;119;10724,68;28.04.2025;EUR
hh_dk_Social_Prospecting_Alm_202408;29803,05;248715;9173;121;105250,98;31.08.2024;DKK
hh_dk_Social_Retargeting_Alm_202201;6574,15;58449;1933;28;12838,71;07.01.2022;DKK
HAVEHJ_Social_Retargeting_Alm_202207;6364,79;56330;1507;29;11894,17;05.07.2022;DKK
HAVEHJ_Social_Retargeting_Havesaeson_202504;9317,34;54864;2841;34;28751,65;22.04.2025;DKK
Havehjornet_Social_Retargeting_Alm_202502;5765,55;64632;812;24;13586,89;06.02.2025;DKK
HAVEHJ_Social_Prospecting_Havesaeson_202304;15148,63;136561;2887;81;38645,08;19.04.2023;DKK
Havehjornet_Social_Retargeting_Havesaeson_202504;8930,48;144567;1292;36;24519,49;17.04.2025;DKK
Havehjornet_Social_Prospecting_Alm_202501;10240,06;87419;1420;45;24396,37;28.01.2025;DKK
HAVEHJ_Social_Prospecting_Alm_202508;26373,21;145132;5257;147;86818,61;15.08.2025;DKK
HH_Social_Prospecting_Havesaeson_202406;2976,11;41846;643;13;7481,80;22.06.2024;DKK
Havehjornet_Social_Prospecting_Alm_202409;7088,35;73594;896;38;21159,14;24.09.2024;DKK
HAVEHJ_Social_Retargeting_Alm_202407;5919,56;45926;756;29;15078,44;24.07.2024;DKK
HAVEHJ_Social_Retargeting_Havesaeson_202204;10832,81;94222;3070;53;26527,43;05.04.2022;DKK
hh_dk_Social_Prospecting_Alm_202308;43484,00;217604;11407;232;115925,13;25.08.2023;DKK
HH_Social_Prospecting_Alm_202409;20280,33;221992;4498;112;37508,46;03.09.2024;DKK
HAVEHJ_Social_Retargeting_BlackFriday_202411;4621,57;36808;1374;17;10339,68;02.11.2024;DKK
Havehjornet_Social_Retargeting_Alm_202507;1174,16;90329;2498;38;3026,37;29.07.2025;EUR
hh_dk_Social_Retargeting_Alm_202501;1961,93;99554;4772;72;4386,66;05.01.2025;EUR
HAVEHJ_Social_Retargeting_Alm_202403;584,82;47855;1059;17;1683,17;17.03.2024;EUR
Havehjornet_Social_Prospecting_Havesaeson_202504;28823,70;151949;8398;153;74532,70;25.04.2025;DKK
hh_dk_Social_Prospecting_BlackFriday_202511;17003,74;188520;2267;72;49768,56;17.11.2025;DKK
hh_dk_Social_Prospecting_Alm_202507;28025,81;242136;4627;132;77471,59;25.07.2025;DKK
HAVEHJ_Social_Prospecting_Jul_202212;14588,67;145649;2365;75;42256,70;05.12.2022;DKK
HH_Social_Prospecting_Havesaeson_202205;26540,22;200420;6260;130;76598,03;05.05.2022;DKK
HH_Social_Retargeting_Alm_202507;9218,23;55531;2432;35;22808,93;23.07.2025;DKK
Havehjornet_Social_Prospecting_Alm_202508;24129,50;162599;3476;115;80382,74;05.08.2025;DKK
HH_Social_Retargeting_Havesaeson_202405_kopi;9860,99;74957;1615;39;25881,82;24.05.2024;DKK
HAVEHJ_Social_Retargeting_Alm_202408_kopi;7808,09;96784;1543;36;16430,52;21.08.2024;DKK
HH_Social_Retargeting_Havesaeson_202506;9848,49;70505;3106;36;19398,68;22.06.2025;DKK
Havehjornet_Social_Retargeting_Jul_202512;11287,10;127752;2771;46;22987,51;25.12.2025;DKK
HH_Social_Prospecting_Alm_202401;18219,32;200133;2534;88;46358,30;28.01.2024;DKK
Havehjornet_Social_Prospecting_Alm_202407;1126,86;62449;1456;44;3494,49;02.07.2024;EUR
HH_Social_Prospecting_BlackFriday_202311;22139,38;146130;2901;112;61894,68;13.11.2023;DKK
Havehjornet_Social_Prospecting_Alm_202207;9797,73;62801;2307;43;22879,79;06.07.2022;DKK
hh_dk_Social_Retargeting_Havesaeson_202406;4190,07;28548;793;16;11692,98;24.06.2024;DKK
hh_dk_Social_Prospecting_Jul_202512;25530,46;219731;8109;127;77972,07;31.12.2025;DKK
Havehjornet_Social_Retargeting_Alm_202209;12118,39;94989;3758;53;33495,28;02.09.2022;DKK
Havehjornet_Social_Prospecting_Alm_202502;5126,39;26598;1362;27;11515,83;09.02.2025;DKK
HH_Social_Retargeting_Alm_202509_kopi;2495,34;14201;357;10;6602,77;15.09.2025;DKK
HH_Social_Prospecting_Alm_202507;8811,82;53374;1257;38;28404,99;10.07.2025;DKK
Havehjornet_Social_Retargeting_Havesaeson_202405;10422,89;173792;2472;44;20109,21;18.05.2024;DKK
HAVEHJ_Social_Prospecting_Alm_202310;24264,24;192345;3971;110;94734,39;31.10.2023;DKK
HH_Social_Retargeting_Havesaeson_202205;8509,07;134594;1761;38;18655,60;17.05.2022;DKK
HH_Social_Prospecting_Alm_202303;3488,93;227034;4822;146;7571,34;20.03.2023;EUR
HAVEHJ_Social_Prospecting_Havesaeson_202405;27059,56;328546;6156;125;65530,59;05.05.2024;DKK
HH_Social_Retargeting_Havesaeson_202305;5134,94;65492;1041;19;12512,34;14.05.2023;DKK
Havehjornet_Social_Prospecting_Alm_202501;8319,54;42856;1317;38;17966,94;13.01.2025;DKK
HAVEHJ_Social_Retargeting_Alm_202201_kopi;14637,77;93608;3347;54;37639,02;16.01.2022;DKK
HAVEHJ_Social_Prospecting_Havesaeson_202405;1572,57;60299;1828;61;4785,26;28.05.2024;EUR
Havehjornet_Social_Prospecting_Alm_202508;28099,60;214041;3669;159;71939,04;24.08.2025;DKK
hh_dk_Social_Prospecting_Havesaeson_202404;16320,14;174691;3392;81;45493,39;28.04.2024;DKK
HH_Social_Retargeting_Havesaeson_202204;5616,18;30732;1740;22;10828,81;06.04.2022;DKK
hh_dk_Social_Prospecting_Alm_202410;2985,93;317074;3460;95;8713,49;24.10.2024;EUR
hh_dk_Social_Retargeting_Alm_202502;1535,66;101926;3149;44;3516,28;11.02.2025;EUR
Havehjornet_Social_Prospecting_Havesaeson_202306;2120,37;81329;2845;78;4418,85;29.06.2023;EUR
HH_Social_Retargeting_Alm_202210;5599,66;80778;970;22;15020,40;14.10.2022;DKK
Havehjornet_Social_Retargeting_Alm_202510;4253,77;37234;612;17;9643,63;29.10.2025;DKK
HAVEHJ_Social_Prospecting_Jul_202212;1282,26;56359;2051;54;3276,49;19.12.2022;EUR
HAVEHJ_Social_Prospecting_Havesaeson_202505;26715,03;493290;5293;114;68059,82;20.05.2025;DKK
hh_dk_Social_Prospecting_Alm_202209;17419,38;103790;3510;73;60719,18;19.09.2022;DKK
hh_dk_Social_Prospecting_BlackFriday_202411;28344,31;154724;5748;151;89584,42;11.11.2024;DKK
HH_Social_Retargeting_Havesaeson_202204_kopi;6891,87;79075;1442;27;19442,58;09.04.2022;DKK
hh_dk_Social_Prospecting_BlackFriday_202211;39384,28;373298;7732;186;100865,02;22.11.2022;DKK
hh_dk_Social_Retargeting_BlackFriday_202211;1245,49;99120;1873;39;2382,03;25.11.2022;EUR
hh_dk_Social_Retargeting_Havesaeson_202206;10114,77;99195;2208;43;21515,80;16.06.2022;DKK
hh_dk_Social_Prospecting_Alm_202203_kopi;19757,28;102260;5636;111;54912,81;24.03.2022;DKK
HAVEHJ_Social_Prospecting_Havesaeson_202204;14361,14;110598;2029;81;43773,51;23.04.2022;DKK
HH_Social_Prospecting_Havesaeson_202404;31635,58;179590;8795;170;90705,21;23.04.2024;DKK
Havehjornet_Social_Retargeting_Alm_202209;1007,02;71060;1433;28;2323,69;12.09.2022;EUR
HAVEHJ_Social_Retargeting_Alm_202508;6475,53;90084;1907;26;12268,32;30.08.2025;DKK
HAVEHJ_Social_Retargeting_Alm_202307;9633,90;85586;1952;41;26627,92;25.07.2023;DKK
HH_Social_Prospecting_Alm_202510;26024,59;161826;6465;110;72299,80;21.10.2025;DKK
HH_Social_Retargeting_Alm_202307;3816,27;30661;508;15;10872,53;20.07.2023;DKK
Havehjornet_Social_Retargeting_Alm_202303;2889,73;15633;589;14;6171,42;02.03.2023;DKK
HAVEHJ_Social_Prospecting_Alm_202208;24586,50;131258;3358;127;66325,86;01.08.2022;DKK
HH_Social_Retargeting_Alm_202207;11436,91;77653;2048;44;30872,51;06.07.2022;DKK
HAVEHJ_Social_Prospecting_Alm_202207;2784,02;291535;3438;86;10242,53;20.07.2022;EUR
hh_dk_Social_Retargeting_Alm_202201;522,05;24404;691;19;1061,21;14.01.2022;EUR
HAVEHJ_Social_Prospecting_Alm_202303;49309,13;271301;6579;204;132658,71;04.03.2023;DKK
Havehjornet_Social_Retargeting_Alm_202401_kopi;3566,03;45966;971;16;8663,43;07.01.2024;DKK
HH_Social_Prospecting_Alm_202409;44822,92;260506;12453;226;132681,23;01.09.2024;DKK
HH_Social_Prospecting_Alm_202302;9458,64;96235;2270;48;26454,40;27.02.2023;DKK
hh_dk_Social_Retargeting_BlackFriday_202511;1554,53;90818;2947;49;5734,51;24.11.2025;EUR
HH_Social_Retargeting_Alm_202309;8674,80;43634;1207;35;20351,78;24.09.2023;DKK
hh_dk_Social_Retargeting_Alm_202402;5440,66;39606;746;20;10178,45;20.02.2024;DKK
HH_Social_Prospecting_Jul_202212;40443,07;259174;9180;168;114531,40;06.12.2022;DKK
HAVEHJ_Social_Prospecting_Jul_202312;23649,60;167275;6038;125;51863,58;02.12.2023;DKK
HH_Social_Prospecting_Alm_202310;2007,45;107900;3581;81;5757,60;17.10.2023;EUR
Havehjornet_Social_Retargeting_Alm_202208;5183,13;30114;954;20;15145,87;11.08.2022;DKK
HH_Social_Retargeting_Alm_202509;663,49;31904;1432;22;1387,79;12.09.2025;EUR
hh_dk_Social_Prospecting_Alm_202510;33607,18;255599;4955;178;95104,91;30.10.2025;DKK
Havehjornet_Social_Retargeting_Havesaeson_202506;5340,89;28108;700;20;12204,40;06.06.2025;DKK
HH_Social_Retargeting_Jul_202312;1045,00;120838;1205;33;2887,00;09.12.2023;EUR
HAVEHJ_Social_Prospecting_Jul_202512;1599,89;73878;2316;51;4215,54;05.12.2025;EUR
hh_dk_Social_Retargeting_Alm_202303;6061,33;36273;1545;30;12359,28;05.03.2023;DKK
hh_dk_Social_Prospecting_Alm_202401_kopi;2048,22;216360;3410;71;5357,81;21.01.2024;EUR
HH_Social_Retargeting_Alm_202301;5706,43;41897;944;25;13612,58;14.01.2023;DKK
hh_dk_Social_Retargeting_Havesaeson_202505;418,34;38154;708;12;862,01;10.05.2025;EUR
HAVEHJ_Social_Prospecting_Havesaeson_202506;1221,13;6910;349;6;3459,17;23.06.2025;DKK
HH_Social_Prospecting_Alm_202510;27205,04;277257;3773;113;94140,69;10.10.2025;DKK
hh_dk_Social_Retargeting_Havesaeson_202405;1081,58;52755;1026;30;2686,34;21.05.2024;EUR
Havehjornet_Social_Retargeting_Alm_202208;11173,06;158649;2831;42;26892,01;22.08.2022;DKK
HAVEHJ_Social_Retargeting_Havesaeson_202305;1372,95;108647;3107;41;3651,02;25.05.2023;EUR
hh_dk_Social_Prospecting_Alm_202410;1646,57;161580;3528;61;4120,03;19.10.2024;EUR
HH_Social_Prospecting_Alm_202410;1732,92;73225;4155;70;5188,35;30.10.2024;EUR
hh_dk_Social_Prospecting_Havesaeson_202204;28564,77;449035;6831;119;85071,58;04.04.2022;DKK
Havehjornet_Social_Retargeting_Havesaeson_202205;7287,93;57177;1416;32;20133,55;26.05.2022;DKK
hh_dk_Social_Retargeting_Alm_202309;1779,90;84906;3135;48;3793,90;05.09.2023;EUR
HH_Social_Prospecting_Havesaeson_202305;48163,17;547362;10187;245;136481,57;24.05.2023;DKK
HH_Social_Retargeting_BlackFriday_202211;9760,73;69576;2492;37;22922,02;17.11.2022;DKK
Havehjornet_Social_Prospecting_Havesaeson_202506;8213,55;48761;1354;40;24612,19;20.06.2025;DKK
Havehjornet_Social_Retargeting_Jul_202512;3597,68;29778;597;14;10990,04;17.12.2025;DKK
Havehjornet_Social_Prospecting_Alm_202402_kopi;14675,93;135515;3726;80;43423,66;14.02.2024;DKK
HH_Social_Prospecting_Alm_202208;21405,41;239095;3361;108;71080,90;23.08.2022;DKK
HH_Social_Prospecting_Havesaeson_202204;15151,88;98777;5018;65;49690,07;12.04.2022;DKK
HAVEHJ_Social_Retargeting_Havesaeson_202506;9665,54;63833;1475;40;22899,29;15.06.2025;DKK
HAVEHJ_Social_Prospecting_Alm_202203;28619,14;205284;3669;139;75266,27;07.03.2022;DKK
Havehjornet_Social_Prospecting_Alm_202508;15666,92;181196;2229;83;36231,42;04.08.2025;DKK
Havehjornet_Social_Retargeting_BlackFriday_202211;3648,94;72221;460;17;14777,34;24.11.2022;DKK
hh_dk_Social_Prospecting_Havesaeson_202305;21659,79;136959;3023;102;58594,22;03.05.2023;DKK
Havehjornet_Social_Retargeting_BlackFriday_202211;4379,04;27290;638;17;11477,55;02.11.2022;DKK
Havehjornet_Social_Retargeting_Alm_202301;687,43;27490;699;19;1815,08;18.01.2023;EUR
HH_Social_Retargeting_Alm_202307;7298,71;63092;1385;30;15649,76;15.07.2023;DKK
HH_Social_Retargeting_Alm_202209;1715,34;191810;1875;46;3791,69;27.09.2022;EUR
HH_Social_Retargeting_Alm_202407;8086,43;57193;1355;36;17210,42;27.07.2024;DKK
HH_Social_Retargeting_BlackFriday_202211;755,52;41204;865;20;2319,75;10.11.2022;EUR
HH_Social_Prospecting_BlackFriday_202411_kopi;2007,10;129370;3315;75;5522,61;25.11.2024;EUR
Havehjornet_Social_Prospecting_Havesaeson_202405;40392,33;591842;5057;195;137017,26;24.05.2024;DKK
HAVEHJ_Social_Prospecting_Alm_202407;22112,29;230613;2795;118;58673,66;29.07.2024;DKK
Havehjornet_Social_Prospecting_Alm_202508;58246,39;502283;16717;253;158264,75;25.08.2025;DKK
HH_Social_Prospecting_Alm_202208;3821,29;371475;6533;118;10675,88;12.08.2022;EUR
HAVEHJ_Social_Prospecting_Alm_202509;7272,67;60631;1039;35;24556,13;01.09.2025;DKK
Havehjornet_Social_Retargeting_Alm_202401;4720,73;43977;1161;19;9867,25;01.01.2024;DKK
HH_Social_Retargeting_Alm_202501;2299,73;17727;623;9;4982,74;31.01.2025;DKK
HH_Social_Retargeting_Alm_202503;2266,46;13902;374;9;5000,99;25.03.2025;DKK
HAVEHJ_Social_Prospecting_Alm_202310;1675,66;72032;3340;54;3934,66;06.10.2023;EUR
HH_Social_Retargeting_Alm_202408;9894,35;73275;1364;39;19121,71;03.08.2024;DKK
hh_dk_Social_Prospecting_Havesaeson_202205;22633,37;132660;3410;106;52421,69;04.05.2022;DKK
Havehjornet_Social_Prospecting_Alm_202502;29027,20;354428;7191;137;124099,00;28.02.2025;DKK
HH_Social_Prospecting_Alm_202409;6264,58;34515;966;26;14420,08;27.09.2024;DKK
Havehjornet_Social_Prospecting_Alm_202208;37315,34;191943;5698;195;116448,51;25.08.2022;DKK
Havehjornet_Social_Retargeting_Alm_202407;8618,75;51243;1594;40;20079,01;07.07.2024;DKK
HH_Social_Prospecting_BlackFriday_202511;24197,05;131429;3140;120;72010,51;23.11.2025;DKK
HH_Social_Retargeting_Alm_202203_kopi;3816,57;34230;852;15;10530,17;22.03.2022;DKK
HH_Social_Retargeting_Jul_202512;3667,36;46940;657;13;10517,67;09.12.2025;DKK
HAVEHJ_Social_Retargeting_Alm_202410;807,65;35578;871;23;1737,98;20.10.2024;EUR
HAVEHJ_Social_Prospecting_Alm_202510;20575,21;399903;3187;110;72363,52;25.10.2025;DKK
HAVEHJ_Social_Prospecting_Havesaeson_202206_kopi;28347,34;225840;8580;136;69727,24;10.06.2022;DKK
Havehjornet_Social_Retargeting_Alm_202402;1893,86;24849;242;8;4775,13;22.02.2024;DKK
HH_Social_Prospecting_Alm_202407;42582,69;269683;5576;202;107344,36;25.07.2024;DKK
Havehjornet_Social_Retargeting_Havesaeson_202506;4194,85;22773;1113;18;9133,33;03.06.2025;DKK
HAVEHJ_Social_Prospecting_Jul_202212;3312,35;182958;4725;113;7588,56;16.12.2022;EUR
HH_Social_Prospecting_Alm_202207;23033,15;285743;5465;99;72425,18;01.07.2022;DKK
Havehjornet_Social_Retargeting_Alm_202308_kopi;3254,76;19846;557;16;5791,96;19.08.2023;DKK
HH_Social_Retargeting_Alm_202508;4490,72;26872;769;18;12737,42;06.08.2025;DKK
HAVEHJ_Social_Prospecting_Alm_202409;8601,32;107009;2155;35;20010,10;28.09.2024;DKK
hh_dk_Social_Prospecting_Jul_202412;21757,68;148494;6105;113;79127,76;08.12.2024;DKK
HH_Social_Retargeting_Alm_202508;4535,88;29909;926;21;10684,97;01.08.2025;DKK
HAVEHJ_Social_Prospecting_Alm_202203;46967,29;236652;6561;193;130478,82;04.03.2022;DKK
HAVEHJ_Social_Retargeting_Alm_202209;2456,71;17164;368;11;5077,51;04.09.2022;DKK
HH_Social_Retargeting_Alm_202509;7586,12;97165;1024;35;22607,67;30.09.2025;DKK
HH_Social_Prospecting_Jul_202312;694,21;38385;845;24;2335,78;22.12.2023;EUR
hh_dk_Social_Prospecting_Alm_202210;7121,07;89224;1725;39;21105,56;13.10.2022;DKK
HAVEHJ_Social_Retargeting_Alm_202407_kopi;12006,07;226806;2897;45;26734,04;06.07.2024;DKK
HAVEHJ_Social_Retargeting_Alm_202202;4790,81;37562;1509;22;12688,13;19.02.2022;DKK
Havehjornet_Social_Retargeting_Alm_202402;9856,24;68323;1587;41;30248,67;17.02.2024;DKK
hh_dk_Social_Retargeting_Havesaeson_202506;7244,54;112038;1235;31;15382,34;08.06.2025;DKK
hh_dk_Social_Prospecting_Alm_202208;1439,73;75265;1789;52;3515,25;22.08.2022;EUR
hh_dk_Social_Retargeting_Jul_202212_kopi;2644,00;14567;747;12;5099,64;25.12.2022;DKK
HAVEHJ_Social_Prospecting_Havesaeson_202505_kopi;38635,52;415526;6048;168;112269,50;02.05.2025;DKK
hh_dk_Social_Retargeting_Alm_202208;14125,41;84645;2186;67;36288,58;06.08.2022;DKK
HH_Social_Retargeting_Alm_202301;6555,29;38719;932;31;11172,35;28.01.2023;DKK
Havehjornet_Social_Retargeting_Alm_202508_kopi;6071,21;46749;810;29;20136,41;07.08.2025;DKK
