report_date;line_item;spend_dkk;impressions;clicks;viewable_rate;attributed_revenue;currency
20/12/2022;HAVEHJ_Prog_Display_Jul_202212;22850.04;586707;1333;0.699;41692.47;DKK
27/10/2025;hh_dk_Prog_Display_Alm_202510;33565.45;627772;2231;0.823;39162.84;DKK
02/12/2025;Havehjornet_Prog_Video_Jul_202512;32896.79;380087;1938;0.707;59662.76;DKK
29/09/2023;hh_dk_Prog_Display_Alm_202309;2254.15;235936;1641;0.695;2617.15;EUR
13/09/2022;Havehjornet_Prog_Display_Alm_202209;2914.25;35174;221;0.687;3528.79;DKK
24/10/2022;HAVEHJ_Prog_Video_Alm_202210;1698.02;146590;1514;0.718;2586.23;EUR
02/10/2025;Havehjornet_Prog_Display_Alm_202510;6872.01;95450;678;0.856;8785.93;DKK
28/11/2025;Havehjornet_Prog_Video_BlackFriday_202511;11856.82;146602;1186;0.781;34050.99;DKK
30/04/2023;HH_Prog_Video_Havesaeson_202304;13332.96;312388;1094;0.79;31951.35;DKK
17/02/2025;HAVEHJ_Prog_Display_Alm_202502;8255.67;214117;648;0.876;10933.90;DKK
11/05/2023;hh_dk_Prog_Video_Havesaeson_202305;9727.76;291924;926;0.693;15157.27;DKK
17/03/2022;HH_Prog_Video_Alm_202203;12933.42;215924;760;0.898;22697.03;DKK
23/11/2023;hh_dk_Prog_Video_BlackFriday_202311;32182.99;667302;1986;0.658;61598.72;DKK
21/05/2022;Havehjornet_Prog_Video_Havesaeson_202205;106839.58;1462020;11506;0.875;224545.69;DKK
17/03/2024;HAVEHJ_Prog_Video_Alm_202403;20683.06;260030;1971;0.743;39275.65;DKK
09/04/2025;hh_dk_Prog_Video_Havesaeson_202504;24563.64;322247;1290;0.669;43002.09;DKK
06/07/2025;HH_Prog_Video_Alm_202507;10591.15;163354;1260;0.883;23293.05;DKK
20/04/2024;HH_Prog_Display_Havesaeson_202404;5367.07;100113;546;0.866;5944.56;DKK
10/05/2025;HAVEHJ_Prog_Video_Havesaeson_202505;3940.29;692467;2083;0.893;6516.93;EUR
19/09/2024;HAVEHJ_Prog_Video_Alm_202409;2546.67;246823;1075;0.816;6397.76;EUR
07/06/2025;Havehjornet_Prog_Video_Havesaeson_202506;35363.62;864396;3790;0.845;76792.48;DKK
14/04/2025;HH_Prog_Display_Havesaeson_202504;4193.26;70085;250;0.859;5364.64;DKK
17/01/2024;hh_dk_Prog_Video_Alm_202401;18964.36;230166;1037;0.66;25140.12;DKK
25/04/2025;hh_dk_Prog_Video_Havesaeson_202504;16278.31;452364;1756;0.768;24412.12;DKK
09/04/2022;HAVEHJ_Prog_Video_Havesaeson_202204_kopi;23000.22;403029;1639;0.644;46353.05;DKK
24/08/2023;HAVEHJ_Prog_Display_Alm_202308;1881.74;187300;788;0.846;2269.17;EUR
08/04/2024;HH_Prog_Video_Havesaeson_202404;29252.04;462333;2244;0.622;73238.17;DKK
15/01/2022;hh_dk_Prog_Video_Alm_202201;17784.74;575666;961;0.803;24898.59;DKK
07/12/2024;HH_Prog_Video_Jul_202412;24392.35;515265;1378;0.585;53541.25;DKK
02/01/2024;hh_dk_Prog_Display_Alm_202401;11419.72;224705;1271;0.82;11734.24;DKK
23/06/2022;HAVEHJ_Prog_Video_Havesaeson_202206;1918.57;256103;812;0.824;3182.85;EUR
02/09/2023;Havehjornet_Prog_Display_Alm_202309;1613.62;201289;849;0.828;2037.00;EUR
04/04/2024;HH_Prog_Display_Havesaeson_202404;23273.77;344487;1480;0.551;25895.37;DKK
20/09/2024;Havehjornet_Prog_Display_Alm_202409;19099.28;542630;2280;0.641;22222.93;DKK
18/09/2022;HAVEHJ_Prog_Display_Alm_202209;16780.58;481653;899;0.606;19995.34;DKK
10/03/2024;HH_Prog_Video_Alm_202403;19643.70;559907;1080;0.729;32625.03;DKK
11/02/2024;HAVEHJ_Prog_Display_Alm_202402;15618.57;237429;1460;0.815;23608.13;DKK
04/10/2022;hh_dk_Prog_Video_Alm_202210;13598.76;402160;723;0.558;26489.55;DKK
14/02/2025;hh_dk_Prog_Display_Alm_202502;1735.79;175003;1427;0.638;2025.13;EUR
28/10/2022;Havehjornet_Prog_Display_Alm_202210;6197.46;132347;408;0.61;8979.95;DKK
08/10/2024;HAVEHJ_Prog_Display_Alm_202410;19565.75;367909;1994;0.709;25004.06;DKK
19/06/2025;hh_dk_Prog_Video_Havesaeson_202506;25488.89;437137;1375;0.812;58671.98;DKK
14/01/2023;hh_dk_Prog_Display_Alm_202301;851.10;153913;524;0.701;1113.22;EUR
25/07/2022;hh_dk_Prog_Video_Alm_202207;6011.36;103497;595;0.714;7486.64;DKK
16/01/2025;HH_Prog_Display_Alm_202501;1363.76;116076;567;0.854;1445.72;EUR
23/08/2022;hh_dk_Prog_Display_Alm_202208;1443.79;227153;831;0.783;1552.68;EUR
21/02/2023;hh_dk_Prog_Display_Alm_202302;9825.61;261143;536;0.728;8038.01;DKK
25/01/2024;HAVEHJ_Prog_Display_Alm_202401_kopi;8031.27;109502;419;0.851;6129.18;DKK
04/05/2024;hh_dk_Prog_Display_Havesaeson_202405;10770.47;138785;766;0.782;14201.91;DKK
06/01/2023;HAVEHJ_Prog_Display_Alm_202301;1440.34;223322;542;0.602;1564.19;EUR
04/10/2025;HAVEHJ_Prog_Video_Alm_202510;18438.11;250576;1406;0.822;33638.29;DKK
04/06/2022;hh_dk_Prog_Display_Havesaeson_202206;7178.23;103334;481;0.625;7483.08;DKK
24/05/2024;HAVEHJ_Prog_Video_Havesaeson_202405;44686.18;586856;2737;0.76;94104.74;DKK
21/07/2023;Havehjornet_Prog_Display_Alm_202307;11837.28;265163;1019;0.752;17040.31;DKK
04/06/2023;HAVEHJ_Prog_Display_Havesaeson_202306;10172.52;137918;697;0.857;14000.93;DKK
13/04/2025;HH_Prog_Video_Havesaeson_202504;6774.83;171462;397;0.62;19564.05;DKK
01/08/2025;Havehjornet_Prog_Video_Alm_202508;1129.36;128695;738;0.793;2362.93;EUR
02/06/2022;HH_Prog_Video_Havesaeson_202206;34672.91;407311;1951;0.589;68778.00;DKK
11/10/2023;Havehjornet_Prog_Display_Alm_202310;15950.05;311544;911;0.73;21213.94;DKK
14/10/2024;hh_dk_Prog_Display_Alm_202410;7106.12;164877;534;0.753;9417.74;DKK
22/05/2023;Havehjornet_Prog_Display_Havesaeson_202305;8525.86;198656;539;0.767;11751.92;DKK
14/09/2024;HH_Prog_Video_Alm_202409;14002.81;246133;882;0.829;28737.64;DKK
14/08/2022;hh_dk_Prog_Video_Alm_202208_kopi;4571.09;53037;398;0.568;10891.91;DKK
08/12/2024;HAVEHJ_Prog_Video_Jul_202412;3148.00;272953;2093;0.846;6299.95;EUR
15/11/2025;HH_Prog_Video_BlackFriday_202511;34406.81;875023;1906;0.67;73853.68;DKK
02/04/2022;Havehjornet_Prog_Display_Havesaeson_202204;5800.99;88188;340;0.877;5422.71;DKK
17/11/2022;Havehjornet_Prog_Display_BlackFriday_202211;5239.74;168237;277;0.603;7923.07;DKK
06/12/2024;HAVEHJ_Prog_Video_Jul_202412;24735.40;324049;1409;0.714;31119.13;DKK
30/01/2025;Havehjornet_Prog_Display_Alm_202501;13056.35;243710;1040;0.736;16546.92;DKK
01/09/2025;HAVEHJ_Prog_Display_Alm_202509;15151.69;263258;1039;0.578;11167.09;DKK
28/11/2022;hh_dk_Prog_Display_BlackFriday_202211;15069.59;231285;770;0.742;18779.14;DKK
01/11/2025;hh_dk_Prog_Video_BlackFriday_202511;17385.66;343734;1074;0.687;31268.76;DKK
31/08/2024;Havehjornet_Prog_Display_Alm_202408;12220.13;275776;1286;0.729;11449.80;DKK
06/04/2025;Havehjornet_Prog_Video_Havesaeson_202504;8240.43;215258;819;0.721;12275.06;DKK
25/02/2025;HAVEHJ_Prog_Video_Alm_202502;8298.33;120506;494;0.742;16622.12;DKK
04/04/2025;Havehjornet_Prog_Display_Havesaeson_202504;22499.93;481215;2116;0.721;28515.58;DKK
04/03/2022;HAVEHJ_Prog_Display_Alm_202203;15331.92;207290;1549;0.811;16905.84;DKK
07/12/2025;HAVEHJ_Prog_Video_Jul_202512;43639.31;581744;3553;0.619;67798.48;DKK
12/06/2024;Havehjornet_Prog_Display_Havesaeson_202406;11567.39;293548;612;0.895;12707.10;DKK
26/05/2025;HH_Prog_Display_Havesaeson_202505;16140.65;448375;1531;0.733;23583.37;DKK
05/08/2023;Havehjornet_Prog_Video_Alm_202308;1289.69;168796;668;0.692;2189.07;EUR
13/03/2023;hh_dk_Prog_Video_Alm_202303;12085.64;187503;633;0.706;14520.82;DKK
04/09/2022;Havehjornet_Prog_Video_Alm_202209;39824.76;986996;3600;0.77;48969.00;DKK
25/04/2024;Havehjornet_Prog_Display_Havesaeson_202404;6769.48;198408;415;0.629;6723.83;DKK
04/08/2025;HH_Prog_Video_Alm_202508;2115.59;290251;917;0.75;3399.11;EUR
12/08/2024;hh_dk_Prog_Video_Alm_202408;2404.31;239458;933;0.632;3454.83;EUR
09/11/2022;HAVEHJ_Prog_Display_BlackFriday_202211;18801.56;376114;1101;0.844;26389.58;DKK
04/11/2025;HAVEHJ_Prog_Display_BlackFriday_202511;12729.61;143187;832;0.698;13790.76;DKK
24/03/2023;Havehjornet_Prog_Display_Alm_202303;10583.66;133073;716;0.772;9603.33;DKK
15/09/2022;HAVEHJ_Prog_Video_Alm_202209;21151.29;266387;1974;0.695;50672.52;DKK
26/12/2025;HH_Prog_Display_Jul_202512;17495.60;256368;1041;0.657;15940.67;DKK
12/03/2022;Havehjornet_Prog_Video_Alm_202203;11228.58;318188;1332;0.74;18179.92;DKK
18/08/2023;HH_Prog_Video_Alm_202308;15966.35;191388;1582;0.577;21210.22;DKK
15/08/2022;HH_Prog_Display_Alm_202208_kopi;15786.93;224163;1681;0.699;14214.31;DKK
03/01/2022;Havehjornet_Prog_Display_Alm_202201;19598.77;357526;1204;0.637;25917.17;DKK
04/02/2024;hh_dk_Prog_Display_Alm_202402;6743.47;150950;489;0.657;9384.51;DKK
14/03/2022;Havehjornet_Prog_Video_Alm_202203;2191.18;263878;922;0.698;5608.45;EUR
16/12/2024;HAVEHJ_Prog_Video_Jul_202412;21080.19;577191;1321;0.791;38532.16;DKK
12/07/2025;HH_Prog_Video_Alm_202507;11226.53;191036;1027;0.728;16050.75;DKK
16/08/2024;HH_Prog_Video_Alm_202408;10355.74;136187;1055;0.696;42473.04;DKK
05/06/2022;HH_Prog_Video_Havesaeson_202206;62959.59;740181;4141;0.551;99521.42;DKK
13/08/2024;Havehjornet_Prog_Video_Alm_202408;14601.86;294782;1366;0.668;22007.99;DKK
11/07/2023;hh_dk_Prog_Display_Alm_202307;12498.81;146421;875;0.803;15555.42;DKK
23/06/2022;Havehjornet_Prog_Display_Havesaeson_202206;14594.07;274731;749;0.67;16334.07;DKK
19/01/2022;hh_dk_Prog_Video_Alm_202201;12492.04;359726;1337;0.874;27184.02;DKK
12/12/2022;hh_dk_Prog_Video_Jul_202212;33533.09;597053;3345;0.746;48660.54;DKK
10/07/2023;HAVEHJ_Prog_Video_Alm_202307;19599.56;514510;1162;0.703;43082.79;DKK
07/01/2025;Havehjornet_Prog_Display_Alm_202501;1405.82;129976;595;0.556;1664.00;EUR
16/05/2022;HAVEHJ_Prog_Video_Havesaeson_202205;17125.94;202515;1383;0.682;31941.13;DKK
17/07/2023;HAVEHJ_Prog_Video_Alm_202307;11742.93;135684;1379;0.802;26554.12;DKK
26/08/2023;hh_dk_Prog_Display_Alm_202308;14244.59;423441;996;0.723;13444.22;DKK
26/04/2023;HH_Prog_Video_Havesaeson_202304;12127.54;135546;619;0.738;22125.30;DKK
30/05/2023;HAVEHJ_Prog_Display_Havesaeson_202305_kopi;14742.50;261259;1139;0.578;12782.01;DKK
18/11/2023;hh_dk_Prog_Display_BlackFriday_202311;1225.09;130006;471;0.804;1876.86;EUR
07/08/2024;Havehjornet_Prog_Display_Alm_202408_kopi;8453.58;104488;431;0.665;9105.48;DKK
21/09/2024;HAVEHJ_Prog_Video_Alm_202409;51269.10;973072;5303;0.822;91436.56;DKK
25/08/2023;Havehjornet_Prog_Display_Alm_202308;18188.70;390898;1441;0.627;19440.57;DKK
28/07/2024;hh_dk_Prog_Display_Alm_202407;8188.11;140134;575;0.7;10249.53;DKK
25/04/2025;Havehjornet_Prog_Display_Havesaeson_202504;8896.44;100505;611;0.662;11756.55;DKK
18/08/2022;HH_Prog_Video_Alm_202208;11935.99;234564;788;0.846;32994.21;DKK
12/05/2024;Havehjornet_Prog_Video_Havesaeson_202405;31518.22;456501;3103;0.804;51782.82;DKK
29/10/2022;HH_Prog_Video_Alm_202210;15395.37;211326;1322;0.882;34930.01;DKK
22/10/2023;HAVEHJ_Prog_Video_Alm_202310;15454.80;208894;891;0.673;32634.17;DKK
09/04/2024;hh_dk_Prog_Display_Havesaeson_202404;5585.66;79023;326;0.65;5257.60;DKK
20/03/2025;HAVEHJ_Prog_Display_Alm_202503;12801.12;158000;801;0.719;16835.14;DKK
15/05/2023;HH_Prog_Video_Havesaeson_202305;20691.86;251350;1063;0.621;48176.50;DKK
07/07/2022;HH_Prog_Display_Alm_202207;10578.26;281703;999;0.772;13425.27;DKK
22/12/2024;hh_dk_Prog_Video_Jul_202412;16458.74;263056;842;0.697;28767.84;DKK
18/05/2025;hh_dk_Prog_Video_Havesaeson_202505;35188.34;461078;2033;0.567;53135.56;DKK
20/11/2025;HH_Prog_Video_BlackFriday_202511;7418.52;132397;495;0.657;13359.53;DKK
17/01/2024;Havehjornet_Prog_Display_Alm_202401;12776.61;148263;921;0.777;13108.82;DKK
05/02/2024;hh_dk_Prog_Video_Alm_202402;45217.34;1296135;2305;0.883;98847.05;DKK
13/09/2023;HAVEHJ_Prog_Display_Alm_202309;22913.10;328875;2691;0.693;25661.65;DKK
03/06/2025;hh_dk_Prog_Display_Havesaeson_202506;6147.70;167253;343;0.615;5560.15;DKK
26/02/2024;hh_dk_Prog_Display_Alm_202402_kopi;9598.32;157773;506;0.739;9666.31;DKK
05/03/2024;HH_Prog_Video_Alm_202403;4884.39;747181;2511;0.893;8506.14;EUR
29/03/2023;HH_Prog_Video_Alm_202303;14117.16;218621;1233;0.553;27500.64;DKK
12/06/2025;HH_Prog_Display_Havesaeson_202506;9314.11;122528;524;0.63;10749.65;DKK
13/06/2023;HH_Prog_Display_Havesaeson_202306;6701.36;81462;752;0.616;11073.21;DKK
10/07/2022;HAVEHJ_Prog_Video_Alm_202207;7161.08;89731;503;0.761;11773.10;DKK
19/09/2025;HH_Prog_Video_Alm_202509;13892.61;184918;958;0.586;24049.00;DKK
21/12/2024;Havehjornet_Prog_Display_Jul_202412;779.39;74687;383;0.831;831.04;EUR
24/02/2023;Havehjornet_Prog_Display_Alm_202302;14349.40;363047;1017;0.887;13391.25;DKK
23/01/2023;HAVEHJ_Prog_Video_Alm_202301_kopi;12407.40;332908;699;0.555;24951.05;DKK
27/02/2022;Havehjornet_Prog_Video_Alm_202202;24676.84;363889;2147;0.834;56783.40;DKK
27/02/2024;HH_Prog_Video_Alm_202402;20190.17;359764;1829;0.841;42109.12;DKK
07/06/2023;HAVEHJ_Prog_Display_Havesaeson_202306;13653.76;169084;1335;0.735;14595.32;DKK
20/03/2024;HH_Prog_Display_Alm_202403;6681.04;81940;546;0.864;8853.51;DKK
07/03/2023;HAVEHJ_Prog_Display_Alm_202303_kopi;5950.19;69368;550;0.81;6344.30;DKK
05/06/2025;HAVEHJ_Prog_Video_Havesaeson_202506;32768.62;425544;2643;0.863;53242.32;DKK
07/10/2025;HH_Prog_Display_Alm_202510;17628.75;345316;1942;0.794;15665.59;DKK
04/05/2025;HAVEHJ_Prog_Display_Havesaeson_202505;10972.14;204607;1147;0.587;13087.18;DKK
03/04/2023;Havehjornet_Prog_Video_Havesaeson_202304_kopi;23187.21;376699;1457;0.858;43191.21;DKK
08/08/2022;HAVEHJ_Prog_Display_Alm_202208;17010.17;240798;1375;0.851;28486.27;DKK
10/04/2025;HH_Prog_Video_Havesaeson_202504;22189.21;264942;1396;0.586;29866.19;DKK
24/08/2022;HAVEHJ_Prog_Video_Alm_202208;29747.96;869729;1720;0.635;61610.97;DKK
02/09/2023;HH_Prog_Video_Alm_202309;8200.34;91267;430;0.711;16928.29;DKK
13/06/2023;HH_Prog_Video_Havesaeson_202306;23210.89;537724;1188;0.688;52253.47;DKK
23/02/2023;HAVEHJ_Prog_Video_Alm_202302;1785.54;245779;1088;0.616;3348.04;EUR
02/03/2025;HAVEHJ_Prog_Display_Alm_202503;5409.47;113498;300;0.608;5037.71;DKK
29/05/2024;hh_dk_Prog_Video_Havesaeson_202405;53252.88;1132034;2770;0.644;137210.12;DKK
04/02/2024;Havehjornet_Prog_Video_Alm_202402;1693.04;230903;672;0.774;3315.77;EUR
23/03/2024;hh_dk_Prog_Display_Alm_202403;3681.10;458928;1421;0.584;2659.27;EUR
12/03/2024;hh_dk_Prog_Display_Alm_202403;3450.29;38617;288;0.642;4279.56;DKK
12/10/2022;HH_Prog_Display_Alm_202210;8542.25;123571;711;0.813;14887.67;DKK
02/04/2025;HAVEHJ_Prog_Video_Havesaeson_202504;26913.81;313413;3182;0.748;58318.25;DKK
15/11/2022;HH_Prog_Display_BlackFriday_202211;16545.10;208860;1298;0.598;19301.95;DKK
01/01/2025;Havehjornet_Prog_Video_Alm_202501_kopi;17090.00;218607;1482;0.858;48977.63;DKK
24/08/2024;hh_dk_Prog_Video_Alm_202408_kopi;2509.02;351575;959;0.596;3411.68;EUR
14/02/2025;Havehjornet_Prog_Video_Alm_202502;15628.66;251792;903;0.62;37880.58;DKK
28/08/2025;HAVEHJ_Prog_Display_Alm_202508;11187.95;163439;906;0.74;8074.13;DKK
09/03/2025;Havehjornet_Prog_Display_Alm_202503;18129.35;259601;2207;0.621;23358.90;DKK
11/06/2023;Havehjornet_Prog_Video_Havesaeson_202306_kopi;24259.33;446820;1379;0.663;35201.50;DKK
05/12/2023;hh_dk_Prog_Video_Jul_202312;23865.47;370370;1516;0.817;46903.75;DKK
01/02/2023;Havehjornet_Prog_Video_Alm_202302_kopi;12304.41;160199;894;0.786;20299.24;DKK
21/05/2023;HAVEHJ_Prog_Video_Havesaeson_202305;5770.43;813786;4251;0.655;12233.63;EUR
12/11/2025;HH_Prog_Display_BlackFriday_202511;20229.08;240588;1083;0.855;27849.03;DKK
31/07/2025;HH_Prog_Display_Alm_202507;31380.73;402749;3136;0.852;33509.21;DKK
21/05/2022;Havehjornet_Prog_Display_Havesaeson_202205;8430.85;125050;499;0.699;7187.38;DKK
19/09/2022;HH_Prog_Video_Alm_202209_kopi;26357.81;518989;2909;0.83;38450.95;DKK
08/04/2022;hh_dk_Prog_Display_Havesaeson_202204;5446.69;66468;586;0.694;3821.85;DKK
08/10/2025;HAVEHJ_Prog_Video_Alm_202510;3569.82;310425;2179;0.843;5505.38;EUR
10/03/2025;hh_dk_Prog_Display_Alm_202503;16460.39;410739;1602;0.819;16639.55;DKK
15/05/2022;HAVEHJ_Prog_Video_Havesaeson_202205;10940.44;140233;871;0.775;25995.83;DKK
09/09/2025;HAVEHJ_Prog_Display_Alm_202509;5648.57;139743;701;0.571;6905.15;DKK
11/01/2024;hh_dk_Prog_Video_Alm_202401;18364.83;503843;1261;0.884;47516.92;DKK
19/06/2025;hh_dk_Prog_Display_Havesaeson_202506;33198.17;453217;2222;0.627;61985.86;DKK
25/09/2025;HH_Prog_Display_Alm_202509;12330.54;261970;708;0.864;10691.58;DKK
15/12/2024;Havehjornet_Prog_Video_Jul_202412;11965.04;303953;923;0.879;24046.09;DKK
13/06/2024;HH_Prog_Display_Havesaeson_202406;10058.63;283453;1255;0.893;11247.96;DKK
21/02/2022;HAVEHJ_Prog_Video_Alm_202202;27027.55;617145;1552;0.734;44440.59;DKK
13/09/2022;hh_dk_Prog_Video_Alm_202209;28355.41;384855;2009;0.815;51406.54;DKK
16/06/2023;HH_Prog_Display_Havesaeson_202306_kopi;1662.20;406930;1374;0.751;1499.39;EUR
25/11/2023;HAVEHJ_Prog_Display_BlackFriday_202311;11239.99;164963;782;0.588;14787.88;DKK
29/01/2024;HAVEHJ_Prog_Display_Alm_202401;10749.07;186231;804;0.748;18063.68;DKK
24/02/2022;HH_Prog_Display_Alm_202202;10975.26;127909;566;0.642;10389.03;DKK
02/04/2024;HAVEHJ_Prog_Display_Havesaeson_202404;1697.14;393794;1303;0.758;2645.84;EUR
03/05/2023;HAVEHJ_Prog_Video_Havesaeson_202305;25181.03;701299;2437;0.776;44252.58;DKK
30/08/2025;Havehjornet_Prog_Video_Alm_202508;3533.70;665405;1932;0.818;8198.43;EUR
28/04/2023;hh_dk_Prog_Video_Havesaeson_202304;37123.89;798782;2696;0.647;77853.62;DKK
11/01/2023;HAVEHJ_Prog_Display_Alm_202301;27175.66;745706;2706;0.622;24781.62;DKK
13/01/2025;Havehjornet_Prog_Video_Alm_202501;1244.31;210406;1036;0.71;1666.44;EUR
17/02/2023;Havehjornet_Prog_Display_Alm_202302;2368.90;374836;897;0.632;2157.97;EUR
09/02/2024;HH_Prog_Video_Alm_202402;4447.54;78394;360;0.898;15922.69;DKK
25/03/2022;hh_dk_Prog_Display_Alm_202203;7181.67;158363;423;0.854;8029.59;DKK
04/01/2026;HH_Prog_Video_Alm_202601;43175.40;1412006;3306;0.788;64244.61;DKK
01/04/2022;hh_dk_Prog_Display_Havesaeson_202204;21817.32;304690;1437;0.717;25707.99;DKK
17/12/2025;hh_dk_Prog_Display_Jul_202512;18036.50;430180;2089;0.722;18238.48;DKK
27/11/2024;HAVEHJ_Prog_Video_BlackFriday_202411;23788.10;332094;1232;0.888;53068.20;DKK
13/07/2022;HAVEHJ_Prog_Video_Alm_202207;3224.31;47982;209;0.586;4694.63;DKK
14/12/2022;hh_dk_Prog_Video_Jul_202212;3694.60;331296;2134;0.646;8934.45;EUR
21/01/2022;HH_Prog_Display_Alm_202201;5140.65;63034;419;0.748;5621.91;DKK
22/12/2022;Havehjornet_Prog_Video_Jul_202212;41018.38;639854;2811;0.784;73039.61;DKK
30/06/2023;HH_Prog_Video_Havesaeson_202306_kopi;9888.70;194777;679;0.852;17556.44;DKK
29/02/2024;Havehjornet_Prog_Display_Alm_202402;27013.60;749876;1757;0.6;29388.86;DKK
13/08/2024;HAVEHJ_Prog_Display_Alm_202408;11437.55;145001;587;0.683;10660.35;DKK
26/02/2023;HAVEHJ_Prog_Video_Alm_202302;4671.02;529984;1955;0.894;6867.12;EUR
27/11/2022;HH_Prog_Video_BlackFriday_202211;63734.37;872910;6898;0.801;148171.59;DKK
30/08/2024;Havehjornet_Prog_Video_Alm_202408;30993.70;351172;3060;0.846;59182.51;DKK
04/02/2025;Havehjornet_Prog_Display_Alm_202502;5774.95;104202;348;0.727;7049.65;DKK
20/04/2022;HH_Prog_Video_Havesaeson_202204;12020.95;146306;1175;0.872;25314.82;DKK
26/08/2024;HAVEHJ_Prog_Video_Alm_202408_kopi;16047.96;381955;1827;0.57;28788.96;DKK
18/11/2024;HH_Prog_Display_BlackFriday_202411;7555.00;181211;420;0.674;13073.70;DKK
29/10/2025;HH_Prog_Video_Alm_202510;49264.23;774558;2705;0.616;172995.97;DKK
27/03/2025;hh_dk_Prog_Display_Alm_202503;12364.61;293325;1375;0.815;15811.37;DKK
29/05/2025;HH_Prog_Video_Havesaeson_202505;42604.15;537147;2338;0.685;85024.08;DKK
18/09/2025;hh_dk_Prog_Display_Alm_202509;13874.38;185217;1351;0.709;19523.51;DKK
22/04/2022;HH_Prog_Display_Havesaeson_202204;7038.80;88292;544;0.707;6369.65;DKK
30/10/2022;HH_Prog_Display_Alm_202210;12134.71;255388;680;0.698;18038.51;DKK
23/09/2024;HH_Prog_Display_Alm_202409;10012.58;140564;718;0.631;11515.45;DKK
03/06/2023;HAVEHJ_Prog_Video_Havesaeson_202306;21234.30;265170;1159;0.718;39364.90;DKK
29/09/2024;hh_dk_Prog_Display_Alm_202409;14179.35;210801;1488;0.684;20850.60;DKK
13/11/2022;HAVEHJ_Prog_Video_BlackFriday_202211;29601.45;673672;1907;0.566;51266.57;DKK
25/06/2022;Havehjornet_Prog_Display_Havesaeson_202206;13381.90;283850;1231;0.756;15188.77;DKK
10/07/2022;hh_dk_Prog_Display_Alm_202207;11825.54;297507;964;0.601;14847.87;DKK
12/01/2025;HH_Prog_Display_Alm_202501;19660.23;241134;1469;0.846;28687.68;DKK
25/12/2022;Havehjornet_Prog_Video_Jul_202212;38989.76;471490;2220;0.659;106174.63;DKK
28/10/2023;Havehjornet_Prog_Video_Alm_202310;2576.63;215218;2010;0.873;3787.12;EUR
23/02/2025;Havehjornet_Prog_Display_Alm_202502;6925.89;82160;408;0.754;7512.08;DKK
02/04/2023;HH_Prog_Display_Havesaeson_202304;7318.66;128788;695;0.883;9492.27;DKK
12/09/2022;Havehjornet_Prog_Video_Alm_202209;32591.02;398149;3048;0.636;66203.13;DKK
14/04/2024;HH_Prog_Video_Havesaeson_202404;40449.49;1017674;2807;0.863;73401.68;DKK
27/08/2023;HAVEHJ_Prog_Display_Alm_202308;20812.08;671321;1075;0.825;26838.55;DKK
07/02/2025;HAVEHJ_Prog_Video_Alm_202502;2547.53;287279;1478;0.802;4732.25;EUR
13/02/2023;HH_Prog_Video_Alm_202302;35290.27;489922;3567;0.593;71279.35;DKK
12/11/2022;Havehjornet_Prog_Video_BlackFriday_202211;15700.82;230748;1750;0.813;48362.94;DKK
13/10/2024;HH_Prog_Display_Alm_202410_kopi;17640.92;383311;978;0.719;20240.21;DKK
07/03/2025;Havehjornet_Prog_Video_Alm_202503;28563.60;325476;1935;0.649;65781.08;DKK
29/11/2025;HAVEHJ_Prog_Display_BlackFriday_202511;1148.78;278003;754;0.595;1156.24;EUR
05/01/2022;HAVEHJ_Prog_Video_Alm_202201;6684.57;215338;514;0.669;15147.45;DKK
14/09/2023;HAVEHJ_Prog_Display_Alm_202309;15941.75;382849;874;0.829;15563.95;DKK
26/11/2024;Havehjornet_Prog_Video_BlackFriday_202411;60736.13;968923;3134;0.83;171013.57;DKK
29/07/2024;hh_dk_Prog_Display_Alm_202407;827.90;87248;490;0.639;782.98;EUR
04/08/2022;hh_dk_Prog_Video_Alm_202208;8883.50;267739;544;0.805;10993.07;DKK
20/05/2022;Havehjornet_Prog_Video_Havesaeson_202205;7233.04;100476;437;0.592;22749.85;DKK
04/09/2023;hh_dk_Prog_Video_Alm_202309;1906.13;173691;1318;0.624;3563.67;EUR
23/01/2024;HAVEHJ_Prog_Display_Alm_202401_kopi;32078.31;495527;2006;0.654;33481.86;DKK
13/12/2024;hh_dk_Prog_Display_Jul_202412;11771.96;275801;727;0.556;16456.76;DKK
10/09/2025;hh_dk_Prog_Video_Alm_202509;33034.88;494348;2197;0.866;48313.35;DKK
05/07/2022;Havehjornet_Prog_Video_Alm_202207;26944.77;308867;2449;0.894;55956.13;DKK
03/10/2022;HH_Prog_Video_Alm_202210;14667.33;282900;1118;0.602;26138.68;DKK
15/07/2024;HH_Prog_Display_Alm_202407;15330.69;354179;999;0.582;23075.38;DKK
02/05/2023;HAVEHJ_Prog_Video_Havesaeson_202305;25094.62;283409;2274;0.652;54492.57;DKK
18/12/2023;HAVEHJ_Prog_Video_Jul_202312;41304.48;738982;2461;0.794;82366.24;DKK
19/01/2023;Havehjornet_Prog_Display_Alm_202301;24809.67;762228;1409;0.614;38194.54;DKK
09/06/2022;HH_Prog_Video_Havesaeson_202206;5148.63;702193;2183;0.691;7144.04;EUR
20/10/2022;HH_Prog_Video_Alm_202210;12317.11;137194;730;0.698;20126.98;DKK
27/03/2025;hh_dk_Prog_Video_Alm_202503;19291.21;573016;1299;0.656;29752.54;DKK
17/02/2025;HH_Prog_Video_Alm_202502;34045.19;492678;2933;0.711;70421.57;DKK
03/02/2024;hh_dk_Prog_Video_Alm_202402;13303.10;154203;755;0.654;19685.01;DKK
26/06/2024;HAVEHJ_Prog_Video_Havesaeson_202406;13020.56;164872;1351;0.789;23976.93;DKK
13/03/2025;hh_dk_Prog_Video_Alm_202503_kopi;2002.22;251203;1103;0.684;2949.42;EUR
09/08/2025;hh_dk_Prog_Video_Alm_202508;3613.88;524018;1538;0.808;9199.36;EUR
14/03/2024;HAVEHJ_Prog_Video_Alm_202403;14483.49;232287;1003;0.694;30471.13;DKK
09/10/2024;HAVEHJ_Prog_Display_Alm_202410;11758.95;193653;804;0.779;20486.08;DKK
30/06/2025;hh_dk_Prog_Video_Havesaeson_202506;12918.12;149631;798;0.689;26896.11;DKK
25/06/2024;HAVEHJ_Prog_Video_Havesaeson_202406;8990.73;102921;758;0.809;20548.60;DKK
24/02/2023;HAVEHJ_Prog_Video_Alm_202302;23348.97;316997;2182;0.787;45766.76;DKK
08/07/2023;Havehjornet_Prog_Display_Alm_202307;34967.24;1116254;2643;0.863;34302.94;DKK
14/06/2024;HAVEHJ_Prog_Display_Havesaeson_202406;8667.89;157194;476;0.72;9237.27;DKK
10/02/2024;HAVEHJ_Prog_Display_Alm_202402;9694.03;133165;886;0.88;9367.55;DKK
29/11/2022;Havehjornet_Prog_Video_BlackFriday_202211_kopi;28529.58;483093;2878;0.626;45951.69;DKK
23/05/2025;hh_dk_Prog_Display_Havesaeson_202505;11796.23;148874;917;0.642;9976.50;DKK
03/09/2023;Havehjornet_Prog_Display_Alm_202309;1680.49;153185;942;0.757;1991.66;EUR
23/08/2022;Havehjornet_Prog_Video_Alm_202208;14571.44;337476;781;0.793;26681.44;DKK
14/07/2024;Havehjornet_Prog_Display_Alm_202407;517.24;68190;250;0.661;906.90;EUR
11/02/2023;HH_Prog_Display_Alm_202302;5026.22;108059;327;0.633;5433.93;DKK
03/10/2025;Havehjornet_Prog_Display_Alm_202510_kopi;10398.57;137704;718;0.747;14231.37;DKK
21/09/2024;HAVEHJ_Prog_Display_Alm_202409;17452.01;207611;1141;0.763;17327.32;DKK
16/06/2022;HAVEHJ_Prog_Display_Havesaeson_202206;2369.50;331774;930;0.674;3244.75;EUR
27/10/2022;hh_dk_Prog_Video_Alm_202210;2516.37;250241;1456;0.82;4716.65;EUR
17/10/2024;HAVEHJ_Prog_Video_Alm_202410;22811.21;416035;1571;0.762;47313.13;DKK
15/12/2025;HAVEHJ_Prog_Video_Jul_202512;36268.58;520122;4209;0.781;62803.89;DKK
16/09/2025;HH_Prog_Display_Alm_202509;4691.37;98043;256;0.71;3902.44;DKK
27/11/2025;hh_dk_Prog_Display_BlackFriday_202511;19996.14;501883;1942;0.602;22790.59;DKK
11/07/2025;Havehjornet_Prog_Video_Alm_202507;10512.45;168556;612;0.779;22105.84;DKK
20/01/2024;hh_dk_Prog_Display_Alm_202401;7633.48;173194;469;0.692;9831.78;DKK
16/09/2024;HAVEHJ_Prog_Display_Alm_202409;2931.19;523343;1690;0.587;3716.02;EUR
12/01/2022;hh_dk_Prog_Video_Alm_202201;5397.48;73423;372;0.738;9325.26;DKK
01/05/2025;HH_Prog_Video_Havesaeson_202505;48512.82;1283521;2732;0.584;100592.25;DKK
02/05/2024;Havehjornet_Prog_Display_Havesaeson_202405_kopi;8195.72;99604;834;0.867;10232.30;DKK
15/03/2022;HH_Prog_Display_Alm_202203;15298.26;500706;1232;0.787;12163.09;DKK
21/08/2024;hh_dk_Prog_Video_Alm_202408;26475.96;768395;1952;0.739;63641.35;DKK
01/11/2024;HH_Prog_Display_BlackFriday_202411;25642.98;844232;3139;0.748;29205.35;DKK
13/05/2024;Havehjornet_Prog_Display_Havesaeson_202405;18429.61;247986;1593;0.899;26611.84;DKK
06/05/2024;Havehjornet_Prog_Video_Havesaeson_202405;33000.06;1079933;2836;0.889;57671.10;DKK
04/02/2025;HH_Prog_Video_Alm_202502;6685.25;849122;4673;0.83;10651.83;EUR
05/05/2023;HAVEHJ_Prog_Display_Havesaeson_202305_kopi;26548.47;756323;3259;0.758;28616.87;DKK
14/07/2022;HAVEHJ_Prog_Display_Alm_202207;10731.91;298968;719;0.764;9057.26;DKK
24/09/2025;HH_Prog_Display_Alm_202509;19161.50;216534;1742;0.615;30915.42;DKK
21/10/2025;hh_dk_Prog_Video_Alm_202510;14276.13;212953;974;0.633;30981.25;DKK
05/08/2025;HAVEHJ_Prog_Display_Alm_202508;12820.61;357563;899;0.854;14567.68;DKK
07/01/2024;hh_dk_Prog_Video_Alm_202401;40785.98;861761;2262;0.838;71634.77;DKK
28/06/2025;hh_dk_Prog_Display_Havesaeson_202506_kopi;10127.46;204748;705;0.753;12412.72;DKK
15/02/2023;hh_dk_Prog_Display_Alm_202302;13649.70;333651;701;0.713;15774.24;DKK
17/05/2025;Havehjornet_Prog_Display_Havesaeson_202505;14165.15;220910;955;0.57;23924.80;DKK
28/11/2022;HAVEHJ_Prog_Video_BlackFriday_202211;5471.27;498759;3504;0.589;12262.55;EUR
21/06/2022;HH_Prog_Display_Havesaeson_202206;10448.69;121758;788;0.829;9403.36;DKK
09/11/2024;hh_dk_Prog_Display_BlackFriday_202411;19813.18;289097;2153;0.878;23591.53;DKK
05/11/2025;hh_dk_Prog_Display_BlackFriday_202511;14589.40;368314;831;0.847;12668.08;DKK
28/08/2023;Havehjornet_Prog_Video_Alm_202308;51922.79;1275442;2632;0.612;83498.14;DKK
14/11/2023;HH_Prog_Display_BlackFriday_202311;3257.74;429485;1335;0.59;2837.23;EUR
11/03/2022;Havehjornet_Prog_Display_Alm_202203;2443.43;441893;2266;0.818;2168.74;EUR
31/12/2024;Havehjornet_Prog_Display_Jul_202412;9435.97;279898;661;0.693;15157.48;DKK
14/09/2023;hh_dk_Prog_Video_Alm_202309;22557.17;298772;2576;0.725;46971.33;DKK
03/05/2024;HH_Prog_Video_Havesaeson_202405;3189.22;586475;1261;0.796;5199.94;EUR
09/12/2025;hh_dk_Prog_Display_Jul_202512;6550.36;164331;788;0.778;6045.97;DKK
27/01/2022;HAVEHJ_Prog_Video_Alm_202201;12706.42;161943;1468;0.735;32094.96;DKK
29/06/2022;HAVEHJ_Prog_Video_Havesaeson_202206;20898.32;445422;1216;0.729;57488.29;DKK
28/05/2023;hh_dk_Prog_Video_Havesaeson_202305;23953.49;308225;1658;0.688;52931.97;DKK
15/09/2025;HAVEHJ_Prog_Display_Alm_202509;11748.19;156005;856;0.863;15102.38;DKK
16/03/2025;HAVEHJ_Prog_Video_Alm_202503;16929.36;236347;1044;0.799;46275.94;DKK
14/04/2022;HAVEHJ_Prog_Display_Havesaeson_202204;14920.11;220425;784;0.856;17743.17;DKK
01/11/2024;hh_dk_Prog_Video_BlackFriday_202411;2675.96;326631;1388;0.866;3526.97;EUR
22/07/2023;HAVEHJ_Prog_Display_Alm_202307;6478.79;96550;459;0.68;10506.20;DKK
10/02/2023;hh_dk_Prog_Display_Alm_202302;5935.44;156045;321;0.863;5570.36;DKK
10/10/2025;Havehjornet_Prog_Video_Alm_202510;8984.06;181716;455;0.726;13321.28;DKK
10/01/2025;HAVEHJ_Prog_Display_Alm_202501;7336.57;210769;518;0.816;9367.52;DKK
25/03/2025;hh_dk_Prog_Video_Alm_202503;15331.67;329052;942;0.744;32210.55;DKK
11/04/2023;HAVEHJ_Prog_Display_Havesaeson_202304;1229.10;203229;795;0.709;1729.85;EUR
16/10/2025;HH_Prog_Display_Alm_202510;24317.93;596705;2387;0.883;30467.17;DKK
18/02/2023;Havehjornet_Prog_Video_Alm_202302;36204.85;489496;2989;0.642;66888.05;DKK
11/10/2022;HH_Prog_Display_Alm_202210;35239.98;396416;3815;0.686;38778.68;DKK
15/12/2023;HH_Prog_Display_Jul_202312_kopi;8341.60;102467;992;0.664;11110.03;DKK
24/04/2022;hh_dk_Prog_Display_Havesaeson_202204;730.45;74484;455;0.775;775.98;EUR
21/04/2024;HAVEHJ_Prog_Display_Havesaeson_202404;5389.18;64878;353;0.637;5313.06;DKK
13/01/2023;HH_Prog_Display_Alm_202301_kopi;18353.76;440385;1153;0.605;21593.83;DKK
02/04/2025;HH_Prog_Display_Havesaeson_202504;11218.44;190061;608;0.737;8916.91;DKK
22/03/2023;HH_Prog_Display_Alm_202303;6411.43;109636;405;0.852;7595.79;DKK
29/01/2025;Havehjornet_Prog_Video_Alm_202501_kopi;3095.79;336053;1665;0.882;4636.00;EUR
02/07/2023;HH_Prog_Display_Alm_202307;9822.93;137079;903;0.714;11888.07;DKK
16/02/2024;HH_Prog_Video_Alm_202402;35312.62;744589;3842;0.802;52680.45;DKK
13/04/2025;hh_dk_Prog_Display_Havesaeson_202504;1140.54;130929;1056;0.561;2059.43;EUR
08/09/2022;HAVEHJ_Prog_Display_Alm_202209;18083.26;336766;1944;0.721;18592.84;DKK
10/07/2024;HAVEHJ_Prog_Video_Alm_202407;1587.67;269486;815;0.608;3020.44;EUR
06/04/2024;Havehjornet_Prog_Display_Havesaeson_202404;2943.34;66917;252;0.601;2843.27;DKK
03/02/2023;hh_dk_Prog_Display_Alm_202302;3826.99;82325;475;0.728;4151.78;DKK
29/10/2024;HAVEHJ_Prog_Display_Alm_202410;8763.78;173948;1061;0.68;9407.39;DKK
13/11/2024;hh_dk_Prog_Video_BlackFriday_202411;40189.69;578389;2237;0.868;111697.54;DKK
10/02/2024;hh_dk_Prog_Video_Alm_202402;12945.65;315533;1497;0.597;19384.67;DKK
11/11/2024;hh_dk_Prog_Display_BlackFriday_202411_kopi;20992.02;254372;1254;0.619;14994.37;DKK
16/10/2024;HH_Prog_Video_Alm_202410_kopi;19905.87;301351;1198;0.605;29619.51;DKK
16/04/2024;HH_Prog_Video_Havesaeson_202404;9244.36;135253;462;0.876;16911.31;DKK
16/11/2025;HH_Prog_Video_BlackFriday_202511;1240.96;215196;843;0.632;2464.12;EUR
07/09/2023;HAVEHJ_Prog_Video_Alm_202309;14311.29;338534;872;0.789;26941.80;DKK
25/07/2024;Havehjornet_Prog_Display_Alm_202407;16162.28;186189;944;0.873;24012.28;DKK
16/03/2023;hh_dk_Prog_Display_Alm_202303;1132.00;238617;1055;0.566;1423.86;EUR
04/09/2025;Havehjornet_Prog_Video_Alm_202509;40296.28;1335672;4075;0.897;91029.15;DKK
25/01/2025;hh_dk_Prog_Video_Alm_202501;5623.01;142953;496;0.703;15615.38;DKK
16/01/2022;Havehjornet_Prog_Video_Alm_202201_kopi;9564.63;132367;614;0.833;15040.19;DKK
08/10/2025;Havehjornet_Prog_Display_Alm_202510;17413.25;230315;1086;0.602;16321.95;DKK
23/04/2022;Havehjornet_Prog_Video_Havesaeson_202204;21900.51;264869;1615;0.805;43994.80;DKK
24/01/2025;HH_Prog_Video_Alm_202501;3185.37;728455;1980;0.65;6434.91;EUR
18/01/2024;HH_Prog_Display_Alm_202401;23429.69;373651;1626;0.562;26651.36;DKK
30/01/2025;HH_Prog_Video_Alm_202501;14054.15;219071;1502;0.87;33586.17;DKK
02/02/2022;HH_Prog_Display_Alm_202202;23054.84;556557;1293;0.744;24198.39;DKK
23/04/2025;hh_dk_Prog_Video_Havesaeson_202504;11864.63;204645;1322;0.616;29497.14;DKK
05/05/2025;hh_dk_Prog_Video_Havesaeson_202505;28967.66;630515;2577;0.689;46729.06;DKK
30/10/2023;HAVEHJ_Prog_Display_Alm_202310;3915.88;62501;235;0.881;4818.25;DKK
12/11/2022;HAVEHJ_Prog_Display_BlackFriday_202211;8716.91;204725;687;0.588;16833.10;DKK
16/01/2023;HAVEHJ_Prog_Video_Alm_202301;20623.61;372252;1988;0.569;32626.99;DKK
28/02/2022;Havehjornet_Prog_Display_Alm_202202;16355.14;353606;1238;0.622;18537.96;DKK
25/02/2022;hh_dk_Prog_Display_Alm_202202_kopi;5366.75;66462;646;0.813;5615.34;DKK
29/08/2025;hh_dk_Prog_Display_Alm_202508;12927.13;408171;1253;0.554;14203.98;DKK
15/09/2022;HH_Prog_Display_Alm_202209;7337.40;86753;390;0.702;9252.08;DKK
09/04/2023;HAVEHJ_Prog_Display_Havesaeson_202304;6965.83;160439;436;0.754;7409.01;DKK
03/07/2023;Havehjornet_Prog_Display_Alm_202307;14160.77;180000;1582;0.658;13614.97;DKK
06/09/2024;HAVEHJ_Prog_Video_Alm_202409;26073.96;421729;1540;0.68;48965.44;DKK
11/11/2023;HAVEHJ_Prog_Video_BlackFriday_202311_kopi;22953.50;596924;1236;0.893;46014.25;DKK
21/03/2024;hh_dk_Prog_Video_Alm_202403;16511.43;291735;1930;0.772;26719.00;DKK
28/12/2022;hh_dk_Prog_Video_Jul_202212;19832.07;250453;1087;0.703;47126.18;DKK
09/01/2023;HH_Prog_Video_Alm_202301;14901.01;176036;935;0.819;39515.65;DKK
26/09/2024;HH_Prog_Video_Alm_202409;3131.54;340491;1248;0.587;6260.82;EUR
21/07/2025;hh_dk_Prog_Display_Alm_202507;2486.75;518746;1402;0.603;3494.97;EUR
06/11/2025;HAVEHJ_Prog_Display_BlackFriday_202511_kopi;18436.50;213452;1468;0.876;23711.06;DKK
15/09/2025;HAVEHJ_Prog_Video_Alm_202509_kopi;18054.01;551312;1043;0.631;34114.68;DKK
20/05/2023;hh_dk_Prog_Video_Havesaeson_202305;30046.90;693098;1882;0.746;77422.00;DKK
14/03/2023;hh_dk_Prog_Video_Alm_202303;14027.66;155928;1232;0.622;38881.97;DKK
27/09/2022;HAVEHJ_Prog_Video_Alm_202209;17676.55;209472;1040;0.636;34479.38;DKK
05/03/2024;HH_Prog_Display_Alm_202403_kopi;13759.37;264583;1665;0.845;18730.80;DKK
31/10/2023;HAVEHJ_Prog_Display_Alm_202310_kopi;14572.88;255983;1208;0.862;12108.94;DKK
11/10/2025;Havehjornet_Prog_Display_Alm_202510_kopi;2158.28;36370;133;0.558;2605.42;DKK
23/04/2023;HH_Prog_Display_Havesaeson_202304;4774.23;59118;400;0.595;7176.79;DKK
10/03/2023;HH_Prog_Display_Alm_202303;5797.72;182811;597;0.705;8286.90;DKK
19/03/2024;HH_Prog_Video_Alm_202403;19665.63;354900;1383;0.626;40553.13;DKK
29/07/2023;HAVEHJ_Prog_Video_Alm_202307;5846.74;73071;502;0.608;10855.97;DKK
13/01/2024;hh_dk_Prog_Display_Alm_202401;11570.89;134485;1313;0.615;18427.21;DKK
29/03/2022;Havehjornet_Prog_Video_Alm_202203;21156.10;353651;2478;0.873;37065.81;DKK
30/12/2023;Havehjornet_Prog_Display_Jul_202312;25695.86;751005;2122;0.765;36114.99;DKK
21/07/2024;HH_Prog_Video_Alm_202407_kopi;6042.78;76358;614;0.703;10904.07;DKK
21/10/2022;hh_dk_Prog_Video_Alm_202210;14793.93;178404;1035;0.696;24891.39;DKK
06/02/2022;Havehjornet_Prog_Display_Alm_202202;1497.70;144176;758;0.589;2166.28;EUR
22/09/2022;HAVEHJ_Prog_Video_Alm_202209;25665.00;373872;2431;0.745;40190.17;DKK
15/07/2025;HAVEHJ_Prog_Display_Alm_202507;19869.69;302484;1936;0.879;17214.52;DKK
11/02/2022;Havehjornet_Prog_Display_Alm_202202;8904.62;273928;636;0.716;11163.84;DKK
31/07/2024;hh_dk_Prog_Video_Alm_202407;16143.00;269452;1191;0.606;30345.21;DKK
26/12/2024;Havehjornet_Prog_Display_Jul_202412;10056.38;223613;901;0.691;13640.06;DKK
10/06/2025;HAVEHJ_Prog_Video_Havesaeson_202506;40514.13;457576;2863;0.611;91834.80;DKK
19/12/2023;HH_Prog_Display_Jul_202312;12971.43;286645;711;0.746;15668.57;DKK
24/03/2025;Havehjornet_Prog_Display_Alm_202503;8889.30;191447;491;0.89;10966.13;DKK
05/05/2024;HH_Prog_Display_Havesaeson_202405;4759.57;129601;302;0.739;6357.76;DKK
16/06/2024;HH_Prog_Video_Havesaeson_202406;30876.38;412315;2387;0.882;43395.58;DKK
11/05/2023;hh_dk_Prog_Display_Havesaeson_202305;3058.16;437474;2422;0.618;4101.69;EUR
29/12/2022;HH_Prog_Display_Jul_202212;15979.23;258467;1460;0.698;16038.59;DKK
24/03/2022;Havehjornet_Prog_Video_Alm_202203;11965.59;191961;637;0.834;18129.29;DKK
24/11/2022;HH_Prog_Video_BlackFriday_202211;13449.84;152455;870;0.749;30136.30;DKK
05/07/2024;HH_Prog_Display_Alm_202407;9110.52;265257;606;0.839;10627.16;DKK
19/11/2024;hh_dk_Prog_Display_BlackFriday_202411;11610.77;382006;1367;0.626;19967.46;DKK
01/04/2024;Havehjornet_Prog_Video_Havesaeson_202404;3330.87;451929;1538;0.567;5601.27;EUR
03/05/2023;hh_dk_Prog_Display_Havesaeson_202305;16409.20;506351;1552;0.778;19659.42;DKK
29/08/2024;HAVEHJ_Prog_Display_Alm_202408;25108.64;318791;1297;0.892;25061.83;DKK
13/03/2022;HH_Prog_Display_Alm_202203_kopi;15103.26;424795;861;0.629;16293.41;DKK
03/05/2025;Havehjornet_Prog_Display_Havesaeson_202505;19179.65;535407;1263;0.57;23156.17;DKK
22/05/2023;HH_Prog_Video_Havesaeson_202305;25619.64;324148;1514;0.776;68909.92;DKK
12/05/2024;HAVEHJ_Prog_Display_Havesaeson_202405;6689.47;143617;735;0.578;10782.00;DKK
15/10/2022;hh_dk_Prog_Display_Alm_202210;11082.03;249965;1207;0.638;12397.48;DKK
24/02/2022;hh_dk_Prog_Video_Alm_202202;21933.22;284984;1113;0.869;32282.85;DKK
04/10/2023;Havehjornet_Prog_Video_Alm_202310;23220.97;303447;1602;0.624;34767.14;DKK
08/03/2022;Havehjornet_Prog_Display_Alm_202203;28962.21;363819;1465;0.723;30599.90;DKK
17/11/2023;Havehjornet_Prog_Video_BlackFriday_202311;36720.19;693689;3426;0.624;54239.98;DKK
15/12/2025;HAVEHJ_Prog_Display_Jul_202512;535.59;58796;420;0.763;574.85;EUR
21/05/2023;HAVEHJ_Prog_Display_Havesaeson_202305;11657.27;281966;662;0.797;14824.47;DKK
17/04/2022;HAVEHJ_Prog_Display_Havesaeson_202204;18160.76;201864;913;0.815;24210.97;DKK
24/08/2024;HAVEHJ_Prog_Display_Alm_202408;5278.25;152211;270;0.762;6070.61;DKK
02/12/2025;HAVEHJ_Prog_Display_Jul_202512;11746.34;135087;840;0.829;12728.80;DKK
02/01/2025;HH_Prog_Display_Alm_202501_kopi;15988.87;292115;1543;0.568;23750.96;DKK
22/11/2023;Havehjornet_Prog_Video_BlackFriday_202311_kopi;25159.49;461210;1450;0.669;44525.19;DKK
19/02/2022;hh_dk_Prog_Video_Alm_202202;18162.81;498280;1613;0.833;27173.25;DKK
09/07/2025;HH_Prog_Video_Alm_202507;17598.91;242820;1012;0.615;35606.79;DKK
08/07/2025;HAVEHJ_Prog_Display_Alm_202507;10450.73;136427;582;0.753;10228.50;DKK
27/06/2025;HH_Prog_Display_Havesaeson_202506;31857.14;479326;2654;0.614;37725.36;DKK
12/10/2024;hh_dk_Prog_Video_Alm_202410;29032.13;375457;2920;0.65;45331.52;DKK
24/05/2023;hh_dk_Prog_Display_Havesaeson_202305;11727.98;327347;587;0.878;11572.50;DKK
20/01/2025;HAVEHJ_Prog_Video_Alm_202501;4627.15;499627;3851;0.57;11348.26;EUR
15/01/2025;HH_Prog_Video_Alm_202501;16179.22;202188;1201;0.643;26794.70;DKK
27/12/2023;hh_dk_Prog_Video_Jul_202312;1321.97;127954;908;0.577;3327.33;EUR
15/07/2025;HAVEHJ_Prog_Video_Alm_202507;4873.25;84465;566;0.675;9371.57;DKK
29/02/2024;Havehjornet_Prog_Video_Alm_202402;34284.79;457295;1877;0.785;62152.99;DKK
15/05/2024;Havehjornet_Prog_Display_Havesaeson_202405;8859.42;271986;644;0.895;11282.87;DKK
18/09/2025;HH_Prog_Video_Alm_202509;30760.43;583353;2163;0.756;71965.09;DKK
22/05/2025;HH_Prog_Display_Havesaeson_202505;10737.60;194596;676;0.781;14431.83;DKK
13/10/2025;Havehjornet_Prog_Display_Alm_202510;10037.51;154965;773;0.74;10569.61;DKK
04/07/2022;Havehjornet_Prog_Display_Alm_202207_kopi;2979.28;432504;1860;0.826;3847.27;EUR
11/06/2025;HH_Prog_Display_Havesaeson_202506;14170.11;179105;973;0.84;18440.49;DKK
30/09/2023;HAVEHJ_Prog_Display_Alm_202309;14014.02;170881;1221;0.557;20217.89;DKK
20/11/2024;Havehjornet_Prog_Video_BlackFriday_202411;29536.73;584464;1660;0.79;71463.22;DKK
17/08/2024;HH_Prog_Video_Alm_202408;22894.19;366104;2647;0.86;43398.83;DKK
27/10/2023;hh_dk_Prog_Display_Alm_202310;2101.16;455030;1102;0.809;2212.52;EUR
04/07/2022;hh_dk_Prog_Video_Alm_202207;12675.81;383100;728;0.556;21006.98;DKK
11/12/2022;hh_dk_Prog_Display_Jul_202212;18069.40;585722;1579;0.744;21545.23;DKK
26/09/2023;Havehjornet_Prog_Video_Alm_202309;39276.16;728062;3289;0.733;68843.61;DKK
27/07/2025;Havehjornet_Prog_Display_Alm_202507;26440.02;297217;3278;0.809;29467.68;DKK
14/04/2023;Havehjornet_Prog_Display_Havesaeson_202304;8614.25;231402;735;0.605;10271.21;DKK
28/09/2023;hh_dk_Prog_Display_Alm_202309;10950.91;207381;872;0.851;12297.29;DKK
19/07/2023;hh_dk_Prog_Display_Alm_202307;34797.91;427172;2327;0.636;44221.22;DKK
08/11/2025;HH_Prog_Video_BlackFriday_202511_kopi;2520.24;315256;1365;0.826;4056.69;EUR
28/02/2024;HH_Prog_Display_Alm_202402;8106.92;194353;446;0.648;13118.65;DKK
01/04/2023;HH_Prog_Display_Havesaeson_202304;6545.53;110454;396;0.594;5560.64;DKK
16/06/2022;HH_Prog_Video_Havesaeson_202206;42933.76;556109;4245;0.898;69758.80;DKK
26/08/2023;Havehjornet_Prog_Video_Alm_202308;27944.38;604945;1584;0.561;66088.46;DKK
28/08/2022;Havehjornet_Prog_Display_Alm_202208;16496.03;183888;1257;0.558;21076.08;DKK
11/01/2025;HAVEHJ_Prog_Display_Alm_202501;10465.34;117130;727;0.56;11486.72;DKK
08/08/2024;HH_Prog_Video_Alm_202408;1567.49;347570;918;0.836;3403.36;EUR
26/01/2023;HH_Prog_Video_Alm_202301;7958.61;264597;983;0.64;11142.58;DKK
12/02/2024;hh_dk_Prog_Display_Alm_202402;820.20;134575;445;0.831;631.14;EUR
28/05/2024;HH_Prog_Display_Havesaeson_202405_kopi;9525.15;275146;505;0.757;13024.06;DKK
05/01/2025;Havehjornet_Prog_Video_Alm_202501;8103.09;246715;519;0.627;11560.00;DKK
16/08/2024;HAVEHJ_Prog_Display_Alm_202408;2924.54;404028;1784;0.558;2937.04;EUR
21/01/2023;hh_dk_Prog_Video_Alm_202301;25113.69;564750;1422;0.702;45861.78;DKK
10/05/2023;Havehjornet_Prog_Display_Havesaeson_202305;8033.19;136227;532;0.847;9811.91;DKK
02/07/2025;HAVEHJ_Prog_Video_Alm_202507;10344.69;115264;606;0.565;18029.87;DKK
26/07/2025;HAVEHJ_Prog_Video_Alm_202507;15451.76;244208;1190;0.687;36525.29;DKK
04/06/2024;Havehjornet_Prog_Display_Havesaeson_202406;2578.50;363733;1034;0.85;4463.49;EUR
22/10/2024;HAVEHJ_Prog_Display_Alm_202410;19928.73;264356;2192;0.825;27557.40;DKK
02/04/2022;HAVEHJ_Prog_Video_Havesaeson_202204;14151.64;318704;1005;0.56;32477.59;DKK
30/05/2024;HH_Prog_Video_Havesaeson_202405;20720.57;461698;1061;0.702;38834.12;DKK
30/03/2025;hh_dk_Prog_Video_Alm_202503;2187.05;217883;1266;0.614;3174.17;EUR
05/11/2023;Havehjornet_Prog_Display_BlackFriday_202311;6304.41;73822;328;0.785;7716.10;DKK
08/08/2023;HAVEHJ_Prog_Display_Alm_202308_kopi;9367.06;123641;896;0.89;9424.68;DKK
21/08/2023;HAVEHJ_Prog_Video_Alm_202308;26144.87;463970;1505;0.613;46531.78;DKK
02/06/2023;HAVEHJ_Prog_Video_Havesaeson_202306;22766.20;352955;1446;0.797;34882.87;DKK
29/01/2022;HH_Prog_Display_Alm_202201;4276.00;561383;1738;0.864;5518.64;EUR
15/11/2024;hh_dk_Prog_Video_BlackFriday_202411;803.67;150586;402;0.826;1628.16;EUR
18/07/2023;HAVEHJ_Prog_Video_Alm_202307;8318.69;258478;489;0.685;15988.22;DKK
12/01/2022;Havehjornet_Prog_Display_Alm_202201;9407.59;219562;574;0.684;9250.00;DKK
19/05/2025;Havehjornet_Prog_Video_Havesaeson_202505;28795.69;335820;1934;0.845;43512.06;DKK
17/11/2025;HH_Prog_Video_BlackFriday_202511_kopi;36352.10;477789;1827;0.586;63919.48;DKK
16/11/2022;HH_Prog_Video_BlackFriday_202211;25420.93;429474;3010;0.816;44916.65;DKK
03/04/2022;HAVEHJ_Prog_Video_Havesaeson_202204;14790.70;232244;1697;0.75;38503.38;DKK
17/06/2023;hh_dk_Prog_Display_Havesaeson_202306;7347.68;135010;525;0.598;8888.34;DKK
20/03/2022;HAVEHJ_Prog_Video_Alm_202203;19818.59;606699;1201;0.566;41802.06;DKK
22/02/2022;hh_dk_Prog_Display_Alm_202202;15759.14;196523;1133;0.779;18472.04;DKK
14/01/2024;HH_Prog_Video_Alm_202401;28280.42;362217;1726;0.785;46215.57;DKK
07/04/2022;HAVEHJ_Prog_Video_Havesaeson_202204;27546.66;664334;1678;0.686;43401.08;DKK
30/09/2025;HAVEHJ_Prog_Video_Alm_202509;18820.59;252263;1190;0.799;42068.45;DKK
31/03/2023;Havehjornet_Prog_Video_Alm_202303;14112.67;189525;1076;0.701;36393.28;DKK
04/01/2023;HAVEHJ_Prog_Video_Alm_202301;18994.99;229854;987;0.694;47461.22;DKK
23/10/2025;Havehjornet_Prog_Display_Alm_202510;2419.28;283676;1187;0.823;1962.01;EUR
11/09/2025;HAVEHJ_Prog_Display_Alm_202509;2175.70;244548;881;0.845;2757.91;EUR
31/01/2023;HAVEHJ_Prog_Video_Alm_202301;24481.29;682841;2401;0.899;47674.55;DKK
23/04/2025;hh_dk_Prog_Display_Havesaeson_202504_kopi;14640.04;231120;1212;0.73;11099.87;DKK
23/09/2025;hh_dk_Prog_Display_Alm_202509_kopi;2658.06;50279;181;0.652;2526.91;DKK
30/10/2023;HAVEHJ_Prog_Display_Alm_202310;3915.88;62501;235;0.881;4818.25;DKK
14/10/2022;HAVEHJ_Prog_Display_Alm_202210;8375.33;162188;729;0.67;10572.11;DKK
04/03/2024;HAVEHJ_Prog_Video_Alm_202403;9214.44;163424;711;0.717;12653.97;DKK
09/05/2025;Havehjornet_Prog_Video_Havesaeson_202505;23770.39;508908;1710;0.84;42056.70;DKK
19/05/2022;hh_dk_Prog_Display_Havesaeson_202205;16640.46;285279;2064;0.667;19206.88;DKK
06/12/2022;hh_dk_Prog_Video_Jul_202212;2543.51;230048;1706;0.889;5505.69;EUR
22/09/2022;HAVEHJ_Prog_Display_Alm_202209;1305.05;195618;729;0.67;1414.41;EUR
24/11/2025;hh_dk_Prog_Video_BlackFriday_202511;56584.68;1321804;2949;0.724;90357.27;DKK
05/11/2025;HAVEHJ_Prog_Video_BlackFriday_202511;41775.87;754983;4116;0.79;112475.14;DKK
03/10/2024;Havehjornet_Prog_Video_Alm_202410;9912.15;139134;558;0.586;17230.15;DKK
03/06/2024;hh_dk_Prog_Display_Havesaeson_202406;13140.88;175173;804;0.705;24037.63;DKK
31/05/2025;hh_dk_Prog_Video_Havesaeson_202505;4020.52;592750;1882;0.588;6437.86;EUR
18/10/2024;HH_Prog_Display_Alm_202410;13855.07;355373;735;0.716;19271.92;DKK
20/04/2023;hh_dk_Prog_Display_Havesaeson_202304;10051.84;121142;597;0.802;11748.71;DKK
13/07/2025;hh_dk_Prog_Display_Alm_202507_kopi;17684.74;298123;1734;0.863;22793.72;DKK
02/07/2022;Havehjornet_Prog_Display_Alm_202207;1729.15;157190;803;0.767;2211.71;EUR
17/09/2025;HH_Prog_Display_Alm_202509;30837.79;416579;3223;0.639;33529.45;DKK
14/05/2024;Havehjornet_Prog_Video_Havesaeson_202405;12936.22;189352;867;0.825;30924.16;DKK
26/05/2024;hh_dk_Prog_Display_Havesaeson_202405;7973.89;94816;932;0.881;5516.15;DKK
22/10/2025;Havehjornet_Prog_Video_Alm_202510;12930.82;304705;1198;0.825;32573.48;DKK
26/07/2024;HAVEHJ_Prog_Video_Alm_202407;13152.58;190457;965;0.681;23965.68;DKK
27/12/2022;hh_dk_Prog_Video_Jul_202212;28141.50;315033;1991;0.869;45842.33;DKK
03/05/2022;HH_Prog_Display_Havesaeson_202205;11281.21;264097;976;0.845;15981.41;DKK
23/11/2025;HAVEHJ_Prog_Display_BlackFriday_202511;22236.65;358866;1365;0.629;20514.27;DKK
20/06/2025;HAVEHJ_Prog_Display_Havesaeson_202506_kopi;6452.40;162119;418;0.821;6570.80;DKK
17/07/2025;Havehjornet_Prog_Display_Alm_202507;3160.10;48387;312;0.736;3249.28;DKK
28/02/2022;Havehjornet_Prog_Video_Alm_202202;25575.74;323563;1768;0.825;53238.16;DKK
23/06/2023;Havehjornet_Prog_Video_Havesaeson_202306_kopi;26256.83;380186;2252;0.827;45797.90;DKK
09/12/2022;hh_dk_Prog_Video_Jul_202212;25939.11;601628;2921;0.734;50957.31;DKK
22/02/2023;hh_dk_Prog_Video_Alm_202302;36597.94;787325;2297;0.573;110154.18;DKK
05/06/2024;hh_dk_Prog_Display_Havesaeson_202406;980.00;111077;585;0.742;897.20;EUR
21/07/2024;hh_dk_Prog_Display_Alm_202407;1139.59;99493;525;0.58;1465.24;EUR
23/12/2022;HH_Prog_Display_Jul_202212;17518.06;271147;1623;0.865;16934.09;DKK
13/12/2023;HH_Prog_Display_Jul_202312;20569.46;370862;1049;0.738;24023.71;DKK
19/06/2024;Havehjornet_Prog_Video_Havesaeson_202406;56889.16;642654;3414;0.697;95407.48;DKK
03/04/2023;HH_Prog_Display_Havesaeson_202304;18690.24;591931;1097;0.858;23523.08;DKK
03/08/2025;HH_Prog_Video_Alm_202508;7852.65;176816;600;0.624;15827.94;DKK
07/01/2022;HH_Prog_Video_Alm_202201_kopi;5226.21;167431;369;0.814;10954.35;DKK
11/12/2024;Havehjornet_Prog_Display_Jul_202412_kopi;1562.70;165715;819;0.805;2041.67;EUR
24/07/2024;HH_Prog_Display_Alm_202407;8801.96;127926;600;0.799;9988.89;DKK
30/12/2024;HH_Prog_Display_Jul_202412;8880.46;213391;911;0.668;11199.38;DKK
25/12/2025;Havehjornet_Prog_Display_Jul_202512;9197.99;142313;477;0.823;10227.41;DKK
16/04/2022;hh_dk_Prog_Display_Havesaeson_202204;11152.98;160877;932;0.823;10400.71;DKK
11/05/2024;Havehjornet_Prog_Display_Havesaeson_202405;9781.73;142426;593;0.753;10892.59;DKK
05/09/2022;Havehjornet_Prog_Display_Alm_202209_kopi;10099.00;332132;713;0.827;8154.44;DKK
18/07/2025;HAVEHJ_Prog_Video_Alm_202507;580.16;56654;223;0.718;1241.38;EUR
09/04/2023;HH_Prog_Video_Havesaeson_202304;6893.31;153249;603;0.862;14520.22;DKK
18/04/2023;Havehjornet_Prog_Video_Havesaeson_202304;22304.98;563753;1137;0.764;41437.39;DKK
09/10/2024;hh_dk_Prog_Video_Alm_202410;12372.03;162849;777;0.676;30822.60;DKK
09/08/2022;HH_Prog_Display_Alm_202208;8977.88;221293;1076;0.84;7498.22;DKK
08/05/2025;Havehjornet_Prog_Video_Havesaeson_202505;27801.34;486447;2850;0.762;66761.82;DKK
17/10/2022;HAVEHJ_Prog_Video_Alm_202210;18906.57;255524;1165;0.72;44242.25;DKK
01/05/2023;Havehjornet_Prog_Video_Havesaeson_202305;45535.92;521950;3291;0.88;84366.85;DKK
08/09/2023;hh_dk_Prog_Display_Alm_202309;7720.85;223830;795;0.551;9385.42;DKK
01/07/2025;HH_Prog_Video_Alm_202507;33474.40;448023;1675;0.899;86944.80;DKK
15/01/2024;Havehjornet_Prog_Video_Alm_202401_kopi;29236.02;618490;1514;0.554;73858.65;DKK
25/10/2022;Havehjornet_Prog_Display_Alm_202210;18120.64;382881;943;0.854;17712.50;DKK
02/01/2024;Havehjornet_Prog_Video_Alm_202401;11590.68;163394;1274;0.741;17396.50;DKK
09/04/2025;hh_dk_Prog_Display_Havesaeson_202504;13768.57;225168;936;0.769;12790.50;DKK
27/01/2024;HAVEHJ_Prog_Video_Alm_202401;810.03;114159;636;0.774;1500.46;EUR
21/12/2022;Havehjornet_Prog_Video_Jul_202212;21953.89;535131;1872;0.719;37728.00;DKK
20/05/2024;Havehjornet_Prog_Display_Havesaeson_202405;5905.40;1466151;3804;0.873;7722.37;EUR
02/08/2024;Havehjornet_Prog_Display_Alm_202408;13189.41;372622;856;0.669;11273.09;DKK
21/05/2025;HH_Prog_Display_Havesaeson_202505;2232.60;248489;1458;0.849;2484.28;EUR
07/04/2025;hh_dk_Prog_Display_Havesaeson_202504;3134.13;281250;1773;0.86;3495.34;EUR
26/10/2022;HAVEHJ_Prog_Video_Alm_202210;23553.26;282308;1829;0.798;44454.87;DKK
10/03/2022;HH_Prog_Display_Alm_202203;12620.55;231961;1094;0.572;17350.98;DKK
18/11/2024;HAVEHJ_Prog_Video_BlackFriday_202411_kopi;21789.14;724713;1361;0.74;40762.43;DKK
04/01/2024;hh_dk_Prog_Display_Alm_202401;18009.24;225766;1867;0.651;18135.17;DKK
30/03/2023;HH_Prog_Video_Alm_202303;5203.54;78382;585;0.639;8613.65;DKK
19/02/2022;HH_Prog_Display_Alm_202202;11457.42;162619;903;0.863;10224.99;DKK
05/05/2024;HH_Prog_Video_Havesaeson_202405_kopi;24154.17;492164;1897;0.808;36612.05;DKK
26/07/2023;HH_Prog_Video_Alm_202307;10667.74;270672;691;0.88;21880.96;DKK
09/07/2023;Havehjornet_Prog_Display_Alm_202307;9888.12;185551;964;0.724;10946.08;DKK
06/06/2025;HAVEHJ_Prog_Video_Havesaeson_202506;16535.92;186973;1256;0.83;52134.63;DKK
27/09/2025;HAVEHJ_Prog_Video_Alm_202509;2679.14;281656;1215;0.706;5512.98;EUR
03/07/2024;Havehjornet_Prog_Video_Alm_202407;17578.03;355417;1310;0.713;31694.32;DKK
01/10/2024;Havehjornet_Prog_Video_Alm_202410_kopi;15566.02;180519;959;0.56;26415.75;DKK
20/09/2024;Havehjornet_Prog_Video_Alm_202409_kopi;12957.90;228300;650;0.861;18354.13;DKK
31/05/2022;hh_dk_Prog_Display_Havesaeson_202205;18535.31;378294;1331;0.612;15110.32;DKK
24/12/2024;HH_Prog_Video_Jul_202412;36721.83;497004;3532;0.683;52346.87;DKK
08/01/2022;hh_dk_Prog_Display_Alm_202201;1385.68;165729;1018;0.791;1931.87;EUR
01/04/2022;HAVEHJ_Prog_Video_Havesaeson_202204;4041.97;575256;2189;0.641;4173.69;EUR
01/06/2023;Havehjornet_Prog_Video_Havesaeson_202306;26712.77;618691;1727;0.75;39850.49;DKK
05/10/2023;HAVEHJ_Prog_Display_Alm_202310;6484.63;91557;654;0.563;8465.50;DKK
28/01/2022;HH_Prog_Video_Alm_202201;11541.83;231125;1281;0.552;21637.33;DKK
25/07/2023;Havehjornet_Prog_Display_Alm_202307;13633.50;331633;816;0.574;20574.94;DKK
04/10/2022;hh_dk_Prog_Display_Alm_202210;13623.49;280751;1366;0.645;11763.97;DKK
12/02/2022;hh_dk_Prog_Video_Alm_202202;50526.22;642285;3170;0.742;151735.10;DKK
05/04/2024;Havehjornet_Prog_Video_Havesaeson_202404_kopi;15772.52;214125;809;0.896;35389.69;DKK
04/07/2025;HAVEHJ_Prog_Video_Alm_202507;15924.74;220501;1165;0.561;36007.45;DKK
28/08/2023;hh_dk_Prog_Display_Alm_202308;7255.48;109431;474;0.57;8104.13;DKK
28/02/2023;HAVEHJ_Prog_Video_Alm_202302;29542.19;514507;1847;0.699;62952.87;DKK
12/01/2025;HAVEHJ_Prog_Video_Alm_202501;25749.62;298239;1363;0.56;48777.11;DKK
14/01/2022;HAVEHJ_Prog_Video_Alm_202201;4694.56;65391;318;0.863;9094.52;DKK
27/07/2024;HH_Prog_Display_Alm_202407;9268.58;122524;843;0.611;10095.96;DKK
25/08/2022;HAVEHJ_Prog_Display_Alm_202208;19055.06;316271;1432;0.751;30750.03;DKK
06/06/2023;HH_Prog_Display_Havesaeson_202306_kopi;4956.81;57267;314;0.724;3703.36;DKK
17/03/2025;HAVEHJ_Prog_Display_Alm_202503;7924.85;124556;700;0.757;7262.89;DKK
16/11/2022;hh_dk_Prog_Display_BlackFriday_202211;744.87;103490;287;0.551;901.19;EUR
31/07/2022;HH_Prog_Display_Alm_202207_kopi;6006.36;133118;353;0.708;4760.11;DKK
21/12/2025;hh_dk_Prog_Video_Jul_202512;29096.25;636232;2267;0.572;76391.68;DKK
01/06/2025;HAVEHJ_Prog_Video_Havesaeson_202506_kopi;27400.21;387452;1943;0.578;39822.61;DKK
18/02/2025;Havehjornet_Prog_Video_Alm_202502;14224.67;202061;1507;0.596;21146.19;DKK
29/10/2024;HAVEHJ_Prog_Video_Alm_202410;3175.68;277654;1613;0.852;5553.85;EUR
04/06/2025;HAVEHJ_Prog_Video_Havesaeson_202506;4228.62;382667;1853;0.767;6485.29;EUR
11/06/2024;HAVEHJ_Prog_Video_Havesaeson_202406_kopi;1789.98;304132;851;0.738;4086.80;EUR
25/10/2024;HAVEHJ_Prog_Video_Alm_202410_kopi;30866.87;353795;2247;0.818;76401.11;DKK
15/04/2024;hh_dk_Prog_Video_Havesaeson_202404;76447.08;877563;4921;0.862;118076.93;DKK
19/07/2025;HH_Prog_Video_Alm_202507;19075.83;471125;1947;0.775;26051.05;DKK
14/02/2022;HAVEHJ_Prog_Video_Alm_202202;8448.94;110635;451;0.837;18011.11;DKK
11/02/2023;HH_Prog_Video_Alm_202302;47380.79;1189867;4260;0.591;77421.06;DKK
13/08/2022;hh_dk_Prog_Display_Alm_202208;6713.15;183689;518;0.897;7042.92;DKK
20/11/2023;HAVEHJ_Prog_Video_BlackFriday_202311;26606.84;309147;2011;0.569;62631.88;DKK
18/06/2025;HH_Prog_Video_Havesaeson_202506;36357.98;424231;2123;0.675;86055.91;DKK
27/04/2025;HH_Prog_Display_Havesaeson_202504_kopi;894.48;206884;484;0.68;983.71;EUR
31/01/2024;hh_dk_Prog_Video_Alm_202401;25402.18;728810;1368;0.73;72418.64;DKK
07/08/2022;HAVEHJ_Prog_Display_Alm_202208;26029.69;348776;2074;0.804;26294.95;DKK
18/05/2025;HAVEHJ_Prog_Display_Havesaeson_202505;5789.90;83031;330;0.588;8673.63;DKK
10/02/2022;hh_dk_Prog_Display_Alm_202202;1111.02;194514;747;0.772;1655.29;EUR
10/08/2024;HAVEHJ_Prog_Display_Alm_202408;11216.94;243370;776;0.761;22551.44;DKK
29/03/2023;Havehjornet_Prog_Display_Alm_202303;20263.19;407057;1030;0.57;21732.14;DKK
27/11/2024;HAVEHJ_Prog_Display_BlackFriday_202411;1133.01;132698;777;0.663;1100.29;EUR
15/01/2023;hh_dk_Prog_Video_Alm_202301;11260.19;259699;581;0.688;28321.15;DKK
18/04/2025;HAVEHJ_Prog_Video_Havesaeson_202504_kopi;66275.96;1859421;3524;0.673;98336.82;DKK
04/01/2024;hh_dk_Prog_Video_Alm_202401_kopi;4252.98;1027985;2801;0.701;8233.73;EUR
06/01/2023;Havehjornet_Prog_Video_Alm_202301;12927.46;199493;960;0.607;24784.21;DKK
11/10/2022;hh_dk_Prog_Video_Alm_202210_kopi;21689.21;261981;1504;0.671;39085.48;DKK
15/05/2023;HH_Prog_Display_Havesaeson_202305;14025.42;256221;969;0.786;18726.26;DKK
28/01/2025;HH_Prog_Display_Alm_202501;3958.81;63973;273;0.781;4303.85;DKK
29/07/2025;hh_dk_Prog_Video_Alm_202507;6477.75;138683;352;0.597;13727.77;DKK
20/03/2022;HH_Prog_Display_Alm_202203;14958.42;226081;1674;0.589;10935.43;DKK
27/06/2023;HH_Prog_Display_Havesaeson_202306;21897.22;361411;2614;0.673;26054.38;DKK
06/04/2022;Havehjornet_Prog_Video_Havesaeson_202204;18560.77;216085;2301;0.678;45123.23;DKK
03/03/2024;hh_dk_Prog_Display_Alm_202403;6146.79;96241;416;0.701;7745.14;DKK
07/11/2022;HAVEHJ_Prog_Video_BlackFriday_202211;4674.46;506856;1840;0.894;9432.65;EUR
23/07/2023;hh_dk_Prog_Video_Alm_202307;11686.07;272006;770;0.704;25562.25;DKK
12/04/2022;HAVEHJ_Prog_Video_Havesaeson_202204;28394.02;318052;2497;0.615;43229.68;DKK
26/09/2022;HH_Prog_Display_Alm_202209;7107.23;79443;637;0.788;10491.45;DKK
17/07/2024;hh_dk_Prog_Video_Alm_202407;9893.54;186018;877;0.749;15014.11;DKK
05/04/2022;Havehjornet_Prog_Display_Havesaeson_202204;26815.90;344271;2047;0.788;40622.36;DKK
01/03/2025;Havehjornet_Prog_Video_Alm_202503;1074.53;89640;621;0.562;2464.05;EUR
06/05/2025;HAVEHJ_Prog_Video_Havesaeson_202505;30750.49;389241;1760;0.827;55763.43;DKK
16/02/2022;HH_Prog_Video_Alm_202202_kopi;28605.35;500415;1772;0.865;64932.58;DKK
04/06/2025;hh_dk_Prog_Display_Havesaeson_202506;20454.38;451523;1725;0.664;24361.34;DKK
06/06/2025;hh_dk_Prog_Display_Havesaeson_202506_kopi;16635.65;268023;1169;0.899;16795.85;DKK
01/08/2023;Havehjornet_Prog_Video_Alm_202308;6224.59;121995;430;0.57;11040.68;DKK
20/02/2024;HAVEHJ_Prog_Display_Alm_202402;8355.38;179715;670;0.69;11388.56;DKK
06/11/2022;hh_dk_Prog_Display_BlackFriday_202211;16936.78;244297;1205;0.753;15507.46;DKK
28/09/2023;hh_dk_Prog_Video_Alm_202309_kopi;36909.55;528604;1876;0.887;70795.87;DKK
13/12/2024;Havehjornet_Prog_Video_Jul_202412;17521.33;251917;1202;0.786;37130.49;DKK
26/01/2023;HAVEHJ_Prog_Display_Alm_202301;10093.87;125650;577;0.587;16233.73;DKK
22/02/2025;HAVEHJ_Prog_Display_Alm_202502;13702.38;167416;755;0.799;16560.63;DKK
30/04/2023;HAVEHJ_Prog_Display_Havesaeson_202304;4167.11;384589;1779;0.751;4573.12;EUR
14/06/2025;hh_dk_Prog_Video_Havesaeson_202506;16167.11;248233;1714;0.573;23606.94;DKK
28/09/2025;hh_dk_Prog_Video_Alm_202509;15283.33;176515;1587;0.633;19570.67;DKK
20/10/2023;hh_dk_Prog_Display_Alm_202310_kopi;2097.66;188035;1046;0.742;3263.76;EUR
12/09/2023;Havehjornet_Prog_Display_Alm_202309;12465.48;163452;738;0.877;12011.07;DKK
25/02/2024;hh_dk_Prog_Video_Alm_202402;9779.93;160225;564;0.665;19786.31;DKK
22/12/2023;HH_Prog_Display_Jul_202312;5796.62;81031;434;0.691;7747.63;DKK
05/06/2024;hh_dk_Prog_Video_Havesaeson_202406;22701.83;412566;1737;0.837;56714.00;DKK
04/04/2024;hh_dk_Prog_Video_Havesaeson_202404;31698.05;590382;3331;0.811;54968.01;DKK
23/10/2022;HAVEHJ_Prog_Display_Alm_202210;19513.59;334993;2221;0.721;21581.65;DKK
14/03/2025;hh_dk_Prog_Video_Alm_202503;17730.97;247534;1223;0.899;39508.47;DKK
26/08/2022;HH_Prog_Display_Alm_202208;15889.05;348122;1276;0.598;17409.02;DKK
14/08/2024;hh_dk_Prog_Video_Alm_202408;1543.66;155648;651;0.837;1966.12;EUR
05/01/2023;HAVEHJ_Prog_Video_Alm_202301;2332.58;37760;163;0.579;4809.16;DKK
05/11/2023;hh_dk_Prog_Video_BlackFriday_202311;23676.50;330766;1566;0.716;59671.83;DKK
17/12/2024;Havehjornet_Prog_Display_Jul_202412;1285.58;195430;635;0.818;1716.62;EUR
18/09/2024;HAVEHJ_Prog_Display_Alm_202409;16814.40;246786;976;0.814;15231.19;DKK
09/09/2024;Havehjornet_Prog_Video_Alm_202409;12875.25;173249;1018;0.593;21641.96;DKK
18/07/2025;HH_Prog_Display_Alm_202507;738.54;130632;301;0.649;871.20;EUR
10/08/2023;HH_Prog_Display_Alm_202308_kopi;10272.74;171614;680;0.873;9432.97;DKK
05/12/2023;HH_Prog_Display_Jul_202312;6449.46;145767;398;0.836;8465.31;DKK
15/09/2023;HH_Prog_Video_Alm_202309;3494.37;315538;2225;0.839;5914.26;EUR
06/04/2022;HH_Prog_Display_Havesaeson_202204;3427.01;468164;1433;0.859;5522.88;EUR
06/10/2023;Havehjornet_Prog_Display_Alm_202310_kopi;1283.71;117893;597;0.76;1278.81;EUR
21/07/2023;hh_dk_Prog_Video_Alm_202307;7412.58;112473;662;0.734;11924.74;DKK
08/04/2023;hh_dk_Prog_Video_Havesaeson_202304_kopi;13761.34;176241;1154;0.824;26672.38;DKK
05/10/2024;hh_dk_Prog_Display_Alm_202410;13669.47;378511;1604;0.754;17548.70;DKK
07/10/2022;Havehjornet_Prog_Video_Alm_202210;30861.55;998265;3335;0.807;45332.82;DKK
14/01/2025;HAVEHJ_Prog_Display_Alm_202501;1687.70;187346;946;0.642;1500.24;EUR
13/05/2023;HH_Prog_Video_Havesaeson_202305;14082.87;444731;1537;0.84;23443.37;DKK
19/03/2022;HH_Prog_Video_Alm_202203;11818.96;145818;1115;0.64;19317.47;DKK
02/10/2022;Havehjornet_Prog_Video_Alm_202210;40543.48;468603;2645;0.656;103682.37;DKK
12/09/2024;hh_dk_Prog_Display_Alm_202409;19169.63;412256;1939;0.87;18434.77;DKK
16/12/2025;Havehjornet_Prog_Video_Jul_202512;1718.42;407082;957;0.8;1820.48;EUR
31/05/2024;HAVEHJ_Prog_Display_Havesaeson_202405;22424.57;347299;1355;0.854;29004.06;DKK
10/12/2024;hh_dk_Prog_Video_Jul_202412;26115.43;341564;1763;0.669;40535.45;DKK
21/03/2025;Havehjornet_Prog_Display_Alm_202503;17736.42;369972;1258;0.697;23486.79;DKK
25/01/2022;HH_Prog_Display_Alm_202201_kopi;1238.31;146958;905;0.565;1350.71;EUR
06/04/2025;Havehjornet_Prog_Display_Havesaeson_202504;2463.96;349182;2149;0.798;2407.53;EUR
22/12/2025;Havehjornet_Prog_Display_Jul_202512;10438.13;292864;766;0.824;13301.35;DKK
02/09/2025;hh_dk_Prog_Video_Alm_202509;21336.50;293611;1725;0.574;44057.91;DKK
20/05/2023;HH_Prog_Display_Havesaeson_202305;679.66;93179;313;0.676;848.08;EUR
06/01/2025;HAVEHJ_Prog_Video_Alm_202501;1995.67;307876;1202;0.551;2671.74;EUR
24/12/2023;Havehjornet_Prog_Display_Jul_202312;15509.95;252757;1471;0.732;20548.60;DKK
24/01/2023;Havehjornet_Prog_Video_Alm_202301;10958.18;208831;582;0.846;17788.38;DKK
20/11/2022;hh_dk_Prog_Display_BlackFriday_202211;25829.62;307977;1738;0.725;27381.47;DKK
29/05/2022;hh_dk_Prog_Video_Havesaeson_202205;30955.54;986146;3412;0.646;72601.34;DKK
02/03/2024;HAVEHJ_Prog_Video_Alm_202403;24058.25;301474;1815;0.685;40732.01;DKK
03/02/2023;HAVEHJ_Prog_Video_Alm_202302;16295.94;250434;1821;0.612;37011.43;DKK
03/01/2024;Havehjornet_Prog_Display_Alm_202401;13258.27;154405;741;0.703;16672.32;DKK
31/12/2023;hh_dk_Prog_Video_Jul_202312;11656.42;137979;621;0.763;25133.47;DKK
20/01/2023;hh_dk_Prog_Display_Alm_202301;12230.44;139049;712;0.875;14853.87;DKK
29/12/2024;Havehjornet_Prog_Display_Jul_202412;9811.95;119186;531;0.799;8160.90;DKK
05/09/2022;HH_Prog_Video_Alm_202209;13203.19;206914;859;0.842;24801.44;DKK
13/02/2022;Havehjornet_Prog_Video_Alm_202202;46841.21;731897;3925;0.647;112576.83;DKK
24/12/2025;Havehjornet_Prog_Video_Jul_202512;25012.52;372829;1315;0.637;57665.94;DKK
05/01/2022;hh_dk_Prog_Display_Alm_202201;2039.76;428524;1146;0.634;2220.76;EUR
30/08/2025;HAVEHJ_Prog_Display_Alm_202508;7901.49;108852;846;0.74;9252.74;DKK
12/01/2024;hh_dk_Prog_Video_Alm_202401;17311.87;256739;1791;0.569;34788.93;DKK
16/02/2025;Havehjornet_Prog_Display_Alm_202502;13118.75;277197;757;0.63;14364.07;DKK
09/08/2023;Havehjornet_Prog_Video_Alm_202308;4759.40;58470;346;0.725;8548.20;DKK
11/05/2025;hh_dk_Prog_Video_Havesaeson_202505;38053.40;1101784;2281;0.73;86383.94;DKK
26/03/2025;HH_Prog_Video_Alm_202503;25744.55;533265;1344;0.743;52908.68;DKK
19/07/2024;HAVEHJ_Prog_Display_Alm_202407;12366.12;151404;813;0.677;10540.89;DKK
24/06/2022;HAVEHJ_Prog_Video_Havesaeson_202206;25733.92;640788;1845;0.611;50720.29;DKK
24/11/2023;HAVEHJ_Prog_Display_BlackFriday_202311;17220.43;232763;1473;0.899;15009.81;DKK
18/08/2024;Havehjornet_Prog_Display_Alm_202408;13758.88;153456;1153;0.551;19940.70;DKK
22/06/2022;hh_dk_Prog_Display_Havesaeson_202206;32288.52;436599;1807;0.628;30824.17;DKK
19/02/2024;hh_dk_Prog_Display_Alm_202402;21539.44;362663;1406;0.746;27343.10;DKK
08/11/2022;HH_Prog_Display_BlackFriday_202211;1731.73;405523;761;0.704;2417.34;EUR
30/05/2022;HH_Prog_Video_Havesaeson_202205;36693.78;505349;4355;0.577;56232.78;DKK
25/02/2023;hh_dk_Prog_Display_Alm_202302_kopi;18828.97;234466;1997;0.666;19708.71;DKK
02/02/2024;HAVEHJ_Prog_Video_Alm_202402;9974.87;242757;692;0.849;18964.72;DKK
14/09/2025;Havehjornet_Prog_Display_Alm_202509;21802.65;247254;1875;0.75;28775.74;DKK
20/01/2024;Havehjornet_Prog_Video_Alm_202401;28505.47;448715;2538;0.894;66927.74;DKK
12/01/2023;Havehjornet_Prog_Video_Alm_202301;1633.72;205045;959;0.845;3843.10;EUR
05/02/2022;HH_Prog_Display_Alm_202202;18658.00;341910;2155;0.848;20688.49;DKK
17/10/2025;hh_dk_Prog_Video_Alm_202510;1599.79;205466;672;0.553;3964.51;EUR
24/06/2025;HAVEHJ_Prog_Video_Havesaeson_202506_kopi;9338.63;196444;1021;0.827;17604.38;DKK
17/08/2024;HAVEHJ_Prog_Display_Alm_202408;15808.57;480220;1010;0.725;24136.53;DKK
02/11/2025;Havehjornet_Prog_Display_BlackFriday_202511;10274.64;143427;588;0.707;14669.24;DKK
17/09/2023;hh_dk_Prog_Display_Alm_202309;20500.31;323946;1955;0.782;32384.95;DKK
23/05/2024;Havehjornet_Prog_Display_Havesaeson_202405;8782.09;122760;453;0.666;9725.47;DKK
12/08/2022;HH_Prog_Display_Alm_202208;12792.02;344511;802;0.847;13624.48;DKK
08/11/2024;Havehjornet_Prog_Video_BlackFriday_202411;51255.18;648398;4905;0.687;106011.45;DKK
22/10/2024;hh_dk_Prog_Video_Alm_202410;19185.77;401104;1756;0.854;35591.71;DKK
09/01/2025;HH_Prog_Display_Alm_202501;5841.14;80868;648;0.836;7780.64;DKK
13/10/2023;Havehjornet_Prog_Video_Alm_202310;7892.59;221103;515;0.582;29076.95;DKK
14/05/2022;HH_Prog_Display_Havesaeson_202205;13878.16;166061;1731;0.66;17228.60;DKK
24/08/2022;Havehjornet_Prog_Display_Alm_202208;8598.36;258073;949;0.804;6933.40;DKK
05/07/2022;HAVEHJ_Prog_Display_Alm_202207;4090.97;64127;207;0.857;4707.80;DKK
21/06/2025;Havehjornet_Prog_Video_Havesaeson_202506;32834.73;372260;2112;0.859;82091.60;DKK
13/12/2023;HH_Prog_Video_Jul_202312;36051.50;492173;3305;0.761;69227.67;DKK
03/01/2024;HH_Prog_Video_Alm_202401;14958.98;172085;1420;0.704;27469.55;DKK
15/08/2024;hh_dk_Prog_Video_Alm_202408;21684.87;290044;2260;0.885;36465.78;DKK
25/07/2024;HAVEHJ_Prog_Video_Alm_202407;2781.87;352258;1666;0.822;4210.56;EUR
30/05/2023;HAVEHJ_Prog_Video_Havesaeson_202305;23256.79;678346;1304;0.815;54622.53;DKK
22/06/2023;Havehjornet_Prog_Video_Havesaeson_202306;14017.07;160362;1226;0.785;30790.22;DKK
23/10/2025;HAVEHJ_Prog_Video_Alm_202510;15190.46;191179;1567;0.663;29233.00;DKK
20/11/2025;hh_dk_Prog_Display_BlackFriday_202511;13591.50;240759;1021;0.724;15221.28;DKK
17/08/2023;Havehjornet_Prog_Video_Alm_202308;17285.73;559253;1973;0.723;37606.11;DKK
23/07/2022;Havehjornet_Prog_Display_Alm_202207;9634.71;247266;1173;0.751;13008.47;DKK
13/11/2023;Havehjornet_Prog_Video_BlackFriday_202311;27559.03;516383;1928;0.885;53114.23;DKK
24/02/2024;hh_dk_Prog_Video_Alm_202402_kopi;12908.99;145375;646;0.631;25762.00;DKK
21/08/2024;Havehjornet_Prog_Display_Alm_202408;16137.52;502040;1037;0.808;19601.91;DKK
07/09/2024;Havehjornet_Prog_Display_Alm_202409;12712.80;196346;680;0.586;14146.40;DKK
08/08/2025;HAVEHJ_Prog_Video_Alm_202508;14211.20;321849;1414;0.856;30561.83;DKK
22/10/2025;hh_dk_Prog_Display_Alm_202510;26018.87;516387;2435;0.683;33973.79;DKK
15/09/2023;HAVEHJ_Prog_Display_Alm_202309;14025.69;184424;861;0.612;22985.09;DKK
06/05/2022;HH_Prog_Display_Havesaeson_202205;5613.02;95083;316;0.881;7335.79;DKK
01/02/2024;HAVEHJ_Prog_Display_Alm_202402;49416.96;638441;3965;0.888;69704.93;DKK
21/08/2025;hh_dk_Prog_Video_Alm_202508_kopi;19067.20;278724;1003;0.653;49534.29;DKK
22/08/2024;HAVEHJ_Prog_Display_Alm_202408;10613.37;118782;691;0.708;14508.19;DKK
08/05/2024;HH_Prog_Display_Havesaeson_202405;19208.05;401777;995;0.722;19273.00;DKK
29/04/2023;HAVEHJ_Prog_Display_Havesaeson_202304;5539.14;71701;338;0.611;5737.02;DKK
01/07/2025;Havehjornet_Prog_Display_Alm_202507;19136.05;450596;1006;0.637;12091.56;DKK
18/04/2022;Havehjornet_Prog_Video_Havesaeson_202204;15333.82;202753;833;0.621;34830.48;DKK
10/02/2025;HH_Prog_Video_Alm_202502;43216.99;1094200;4511;0.811;79767.91;DKK
06/10/2022;hh_dk_Prog_Video_Alm_202210;12390.21;261743;984;0.742;29939.41;DKK
21/10/2023;HH_Prog_Display_Alm_202310;2269.49;284567;1325;0.865;1875.66;EUR
20/07/2022;HAVEHJ_Prog_Display_Alm_202207;952.98;85945;550;0.667;1658.06;EUR
08/06/2022;hh_dk_Prog_Display_Havesaeson_202206_kopi;9474.18;231311;1025;0.631;9183.14;DKK
08/05/2023;Havehjornet_Prog_Video_Havesaeson_202305;49142.34;1530909;4840;0.862;100729.14;DKK
03/08/2022;HH_Prog_Display_Alm_202208;14924.84;204145;753;0.891;19968.18;DKK
30/05/2023;HAVEHJ_Prog_Video_Havesaeson_202305;23256.79;678346;1304;0.815;54622.53;DKK
02/10/2025;hh_dk_Prog_Video_Alm_202510_kopi;6300.68;95438;627;0.568;12662.41;DKK
29/08/2022;HAVEHJ_Prog_Video_Alm_202208;11427.29;188827;794;0.803;28815.09;DKK
29/03/2024;HH_Prog_Display_Alm_202403;5561.66;90792;299;0.672;7301.08;DKK
03/02/2022;hh_dk_Prog_Display_Alm_202202_kopi;21279.03;540859;1209;0.593;29074.73;DKK
22/06/2024;hh_dk_Prog_Video_Havesaeson_202406;2412.12;295267;2197;0.672;5619.81;EUR
19/07/2023;Havehjornet_Prog_Video_Alm_202307;5713.20;82285;303;0.608;8675.82;DKK
17/02/2022;HH_Prog_Display_Alm_202202;9239.23;291127;475;0.638;10452.35;DKK
14/10/2023;HAVEHJ_Prog_Display_Alm_202310;16428.01;362605;1042;0.647;34203.29;DKK
25/11/2022;HAVEHJ_Prog_Display_BlackFriday_202211;9593.40;140079;1002;0.626;9200.54;DKK
17/05/2024;hh_dk_Prog_Video_Havesaeson_202405;35237.96;428653;1772;0.653;84622.11;DKK
30/10/2024;Havehjornet_Prog_Display_Alm_202410;17165.59;258680;883;0.686;18533.56;DKK
21/04/2024;HH_Prog_Video_Havesaeson_202404;17139.28;402419;2041;0.688;32706.96;DKK
15/03/2024;HH_Prog_Video_Alm_202403;11436.67;321275;671;0.736;22210.73;DKK
17/06/2022;HH_Prog_Video_Havesaeson_202206;51489.10;968771;4485;0.599;127678.13;DKK
11/01/2022;HAVEHJ_Prog_Display_Alm_202201;6379.03;90432;488;0.655;5722.08;DKK
09/11/2024;hh_dk_Prog_Video_BlackFriday_202411;14543.69;230986;863;0.613;29820.77;DKK
29/12/2024;HAVEHJ_Prog_Video_Jul_202412;10264.89;160992;518;0.679;18111.70;DKK
06/10/2024;HH_Prog_Video_Alm_202410;15869.80;352761;1112;0.754;32735.55;DKK
19/02/2025;HAVEHJ_Prog_Display_Alm_202502;7835.19;202567;532;0.696;10527.17;DKK
20/09/2025;HAVEHJ_Prog_Display_Alm_202509;12355.06;163017;744;0.622;15168.98;DKK
03/09/2025;HAVEHJ_Prog_Display_Alm_202509;3605.20;44607;273;0.714;2960.85;DKK
05/02/2025;Havehjornet_Prog_Display_Alm_202502;7889.37;117607;588;0.894;8321.67;DKK
03/08/2023;Havehjornet_Prog_Display_Alm_202308;3525.54;51847;311;0.682;4504.72;DKK
27/02/2023;HH_Prog_Display_Alm_202302;15240.53;173087;1073;0.65;21620.37;DKK
22/07/2025;Havehjornet_Prog_Video_Alm_202507;17571.11;295549;1271;0.633;23149.59;DKK
08/01/2023;hh_dk_Prog_Display_Alm_202301;14551.65;237511;878;0.624;17243.94;DKK
22/05/2025;Havehjornet_Prog_Video_Havesaeson_202505;13327.48;164735;1039;0.727;20051.37;DKK
24/04/2024;HH_Prog_Video_Havesaeson_202404;34296.03;477794;3402;0.808;56966.40;DKK
31/10/2025;HAVEHJ_Prog_Display_Alm_202510;6797.28;222074;520;0.775;9179.89;DKK
28/03/2025;hh_dk_Prog_Display_Alm_202503;2008.83;374505;1247;0.643;2012.50;EUR
24/03/2025;hh_dk_Prog_Video_Alm_202503;10594.28;124896;1223;0.816;19757.32;DKK
10/04/2024;HAVEHJ_Prog_Video_Havesaeson_202404;14931.37;211441;1147;0.821;18510.12;DKK
09/08/2023;hh_dk_Prog_Display_Alm_202308_kopi;12598.55;168495;1537;0.761;16252.48;DKK
16/01/2024;HH_Prog_Display_Alm_202401;25163.48;531792;3059;0.594;34351.50;DKK
10/05/2022;Havehjornet_Prog_Video_Havesaeson_202205;61750.13;1330433;3689;0.879;124167.83;DKK
04/12/2023;HAVEHJ_Prog_Display_Jul_202312;22064.87;488787;2308;0.599;25117.37;DKK
15/11/2023;HH_Prog_Display_BlackFriday_202311;23685.85;328453;2172;0.679;26594.38;DKK
06/01/2025;hh_dk_Prog_Display_Alm_202501;13984.78;162616;961;0.684;18793.67;DKK
10/01/2022;HAVEHJ_Prog_Display_Alm_202201;6737.13;216576;453;0.705;7023.38;DKK
16/09/2024;HAVEHJ_Prog_Video_Alm_202409;1292.00;124277;630;0.622;2698.03;EUR
19/11/2025;HH_Prog_Video_BlackFriday_202511_kopi;11725.12;199294;800;0.65;14240.85;DKK
10/05/2024;hh_dk_Prog_Display_Havesaeson_202405;6134.24;150755;368;0.641;5621.31;DKK
19/06/2023;HAVEHJ_Prog_Display_Havesaeson_202306;15443.40;302481;830;0.626;12826.68;DKK
05/07/2024;hh_dk_Prog_Video_Alm_202407;15813.16;206382;1967;0.566;40888.72;DKK
07/01/2023;hh_dk_Prog_Display_Alm_202301;1461.81;164090;847;0.734;1738.57;EUR
10/05/2023;Havehjornet_Prog_Video_Havesaeson_202305;59766.94;787877;3685;0.877;99648.91;DKK
10/10/2024;HH_Prog_Video_Alm_202410;7976.93;105935;670;0.859;17784.58;DKK
21/08/2022;hh_dk_Prog_Display_Alm_202208;15229.26;191830;1305;0.743;10885.57;DKK
17/05/2022;Havehjornet_Prog_Display_Havesaeson_202205;7126.53;181638;457;0.608;6845.31;DKK
30/07/2024;Havehjornet_Prog_Display_Alm_202407;16720.63;288618;944;0.572;15981.35;DKK
09/01/2024;hh_dk_Prog_Display_Alm_202401;11850.84;157062;666;0.649;15378.67;DKK
29/08/2023;HAVEHJ_Prog_Video_Alm_202308_kopi;26209.95;408120;1415;0.582;51161.96;DKK
08/12/2022;Havehjornet_Prog_Video_Jul_202212;56834.59;796730;3154;0.774;117621.63;DKK
28/06/2022;HH_Prog_Display_Havesaeson_202206;30019.49;607635;2003;0.659;45333.16;DKK
25/06/2024;Havehjornet_Prog_Display_Havesaeson_202406;2971.72;470860;2194;0.785;4678.24;EUR
16/06/2023;hh_dk_Prog_Video_Havesaeson_202306;18596.42;377511;1785;0.614;39667.31;DKK
22/06/2024;Havehjornet_Prog_Display_Havesaeson_202406;18179.77;312295;1429;0.731;18702.95;DKK
28/04/2025;HH_Prog_Video_Havesaeson_202504;2183.77;258687;965;0.561;3105.97;EUR
26/09/2025;HAVEHJ_Prog_Video_Alm_202509;9084.94;190452;542;0.555;17171.99;DKK
23/11/2022;HAVEHJ_Prog_Display_BlackFriday_202211;17944.13;310838;927;0.708;20277.71;DKK
25/02/2023;Havehjornet_Prog_Video_Alm_202302;3937.77;821689;2549;0.855;7154.62;EUR
13/09/2023;HAVEHJ_Prog_Video_Alm_202309;8058.41;94497;728;0.569;14169.23;DKK
30/09/2023;HH_Prog_Video_Alm_202309;15317.57;174603;892;0.876;29802.91;DKK
02/02/2023;Havehjornet_Prog_Display_Alm_202302;1946.43;238526;999;0.726;2686.92;EUR
16/10/2022;HAVEHJ_Prog_Video_Alm_202210;12573.34;142451;1352;0.762;19714.53;DKK
17/08/2025;HAVEHJ_Prog_Video_Alm_202508;12532.65;198508;1446;0.893;28841.14;DKK
02/02/2025;HAVEHJ_Prog_Video_Alm_202502_kopi;18606.14;222738;990;0.775;48690.20;DKK
11/03/2025;hh_dk_Prog_Video_Alm_202503;13954.91;171239;1353;0.618;34527.53;DKK
17/11/2022;Havehjornet_Prog_Video_BlackFriday_202211;31861.43;383565;1807;0.728;74349.03;DKK
05/04/2022;HAVEHJ_Prog_Video_Havesaeson_202204;17480.37;305250;1750;0.564;27767.11;DKK
02/08/2025;Havehjornet_Prog_Video_Alm_202508;8237.15;158915;571;0.841;18991.65;DKK
02/02/2024;hh_dk_Prog_Display_Alm_202402;3780.96;97449;363;0.762;5761.38;DKK
01/02/2023;HAVEHJ_Prog_Display_Alm_202302;12540.34;286087;1295;0.864;11662.13;DKK
27/11/2022;Havehjornet_Prog_Display_BlackFriday_202211;1065.72;155540;936;0.666;1228.03;EUR
15/11/2025;Havehjornet_Prog_Display_BlackFriday_202511;14675.27;209365;842;0.636;13892.45;DKK
08/05/2025;HH_Prog_Display_Havesaeson_202505;6268.99;91311;442;0.615;6022.29;DKK
27/05/2022;Havehjornet_Prog_Video_Havesaeson_202205;8175.59;117420;661;0.728;18779.76;DKK
03/07/2025;HAVEHJ_Prog_Video_Alm_202507;12438.94;247913;730;0.78;21128.83;DKK
05/09/2025;hh_dk_Prog_Video_Alm_202509;21304.82;241042;1818;0.713;39436.45;DKK
06/03/2022;Havehjornet_Prog_Display_Alm_202203;15335.01;351867;1265;0.562;16653.53;DKK
24/02/2024;HAVEHJ_Prog_Display_Alm_202402;2651.98;462906;1017;0.585;3002.50;EUR
15/12/2022;hh_dk_Prog_Video_Jul_202212;27786.36;489124;3309;0.713;44635.52;DKK
28/11/2023;HH_Prog_Display_BlackFriday_202311;11469.36;134552;780;0.886;14397.60;DKK
24/01/2024;HH_Prog_Display_Alm_202401;9437.74;113968;489;0.745;9930.45;DKK
20/12/2024;HH_Prog_Display_Jul_202412;13187.11;168242;718;0.852;9768.64;DKK
23/07/2025;HH_Prog_Video_Alm_202507;6978.74;165403;532;0.57;20793.33;DKK
14/06/2022;HH_Prog_Display_Havesaeson_202206;929.78;90753;394;0.663;1057.09;EUR
26/09/2023;HH_Prog_Display_Alm_202309;13838.62;182776;933;0.835;14061.87;DKK
26/05/2023;hh_dk_Prog_Video_Havesaeson_202305;15804.65;311383;983;0.839;23912.34;DKK
30/06/2023;hh_dk_Prog_Display_Havesaeson_202306;20942.97;252220;1635;0.652;17874.15;DKK
10/12/2022;HAVEHJ_Prog_Display_Jul_202212;10749.18;135681;773;0.829;15825.08;DKK
07/10/2024;HAVEHJ_Prog_Video_Alm_202410;3098.94;626277;2432;0.843;4534.47;EUR
26/06/2022;Havehjornet_Prog_Display_Havesaeson_202206;3206.02;299629;1355;0.705;3483.26;EUR
20/03/2023;HH_Prog_Video_Alm_202303;9895.53;234195;505;0.702;16447.17;DKK
12/08/2023;HH_Prog_Video_Alm_202308_kopi;11537.09;336740;1235;0.665;16805.40;DKK
16/12/2023;HAVEHJ_Prog_Video_Jul_202312_kopi;36259.84;431178;2012;0.596;67487.79;DKK
05/07/2025;hh_dk_Prog_Video_Alm_202507;2388.63;262651;906;0.874;3865.86;EUR
02/02/2022;hh_dk_Prog_Video_Alm_202202;27393.09;842122;2815;0.817;46382.76;DKK
29/05/2023;HH_Prog_Video_Havesaeson_202305;30737.53;415864;1590;0.66;70064.40;DKK
11/06/2022;Havehjornet_Prog_Video_Havesaeson_202206;28978.56;470865;1465;0.639;53055.61;DKK
23/03/2023;Havehjornet_Prog_Video_Alm_202303;21371.65;364201;1398;0.559;32196.68;DKK
29/06/2024;HAVEHJ_Prog_Video_Havesaeson_202406;30180.23;506782;1671;0.599;60095.79;DKK
10/03/2025;Havehjornet_Prog_Video_Alm_202503;22044.06;318290;1487;0.859;45372.86;DKK
27/05/2022;HAVEHJ_Prog_Display_Havesaeson_202205;851.86;86424;491;0.58;961.04;EUR
14/10/2025;hh_dk_Prog_Display_Alm_202510;18539.32;246292;1387;0.762;19673.79;DKK
13/05/2022;HH_Prog_Video_Havesaeson_202205;41516.93;475970;4185;0.646;52269.42;DKK
12/02/2025;hh_dk_Prog_Display_Alm_202502_kopi;738.97;171186;530;0.608;815.95;EUR
24/09/2022;Havehjornet_Prog_Display_Alm_202209;12457.89;285761;853;0.842;16864.66;DKK
19/09/2023;HH_Prog_Video_Alm_202309;10038.40;169953;801;0.688;22438.25;DKK
14/12/2023;HAVEHJ_Prog_Video_Jul_202312_kopi;2468.64;418671;1011;0.848;3864.25;EUR
23/08/2023;Havehjornet_Prog_Video_Alm_202308;30013.18;339129;2291;0.656;56726.32;DKK
20/11/2023;hh_dk_Prog_Display_BlackFriday_202311;7532.25;134191;646;0.692;8941.74;DKK
16/11/2024;HAVEHJ_Prog_Video_BlackFriday_202411;14823.39;461814;1123;0.561;26602.61;DKK
13/04/2024;HH_Prog_Display_Havesaeson_202404_kopi;8656.61;141723;1030;0.683;12268.63;DKK
30/07/2022;HAVEHJ_Prog_Display_Alm_202207;17084.68;527603;913;0.713;20436.85;DKK
13/08/2025;HH_Prog_Display_Alm_202508;8986.27;195053;1085;0.637;12355.28;DKK
04/05/2025;hh_dk_Prog_Video_Havesaeson_202505;18289.62;433269;960;0.582;26588.33;DKK
09/02/2024;HAVEHJ_Prog_Display_Alm_202402;17414.65;199538;1174;0.553;24781.27;DKK
07/11/2024;HAVEHJ_Prog_Video_BlackFriday_202411_kopi;28887.69;357572;2625;0.886;51666.24;DKK
09/12/2023;HH_Prog_Display_Jul_202312;13631.09;172988;1665;0.788;13719.39;DKK
01/10/2022;HAVEHJ_Prog_Video_Alm_202210;3846.88;575503;1609;0.812;11715.78;EUR
06/09/2025;Havehjornet_Prog_Display_Alm_202509;4975.40;58021;335;0.729;5550.85;DKK
27/03/2022;HAVEHJ_Prog_Display_Alm_202203_kopi;16805.20;269501;1316;0.627;16479.41;DKK
14/02/2024;HAVEHJ_Prog_Display_Alm_202402_kopi;14317.14;160227;984;0.795;12595.14;DKK
26/10/2023;hh_dk_Prog_Display_Alm_202310;16662.80;480614;1946;0.767;17904.47;DKK
24/08/2025;HH_Prog_Video_Alm_202508;21300.21;329300;1356;0.687;37343.53;DKK
16/03/2022;HAVEHJ_Prog_Display_Alm_202203;1730.46;287863;965;0.601;2247.65;EUR
28/04/2024;Havehjornet_Prog_Video_Havesaeson_202404;14307.85;202406;996;0.776;20268.01;DKK
21/08/2025;HH_Prog_Display_Alm_202508;10105.25;135313;1081;0.618;11087.02;DKK
09/06/2025;Havehjornet_Prog_Video_Havesaeson_202506_kopi;37590.22;464065;3229;0.746;85338.62;DKK
06/08/2025;HAVEHJ_Prog_Display_Alm_202508;1271.87;194321;682;0.659;1595.94;EUR
18/08/2025;hh_dk_Prog_Video_Alm_202508;18108.70;291395;2119;0.672;26594.74;DKK
28/03/2024;HH_Prog_Video_Alm_202403_kopi;24944.99;469358;2010;0.608;45697.38;DKK
29/07/2023;HH_Prog_Display_Alm_202307;15988.08;213895;956;0.843;18297.11;DKK
12/03/2025;HAVEHJ_Prog_Display_Alm_202503;9199.15;126886;575;0.832;8086.73;DKK
23/02/2025;hh_dk_Prog_Video_Alm_202502;14364.73;230321;907;0.842;37472.92;DKK
06/05/2023;hh_dk_Prog_Display_Havesaeson_202305;9712.71;156235;533;0.715;11602.99;DKK
17/08/2023;HH_Prog_Display_Alm_202308;2741.07;317126;2501;0.864;2429.15;EUR
08/02/2024;hh_dk_Prog_Display_Alm_202402;7286.64;189950;769;0.604;9849.24;DKK
04/09/2022;HAVEHJ_Prog_Display_Alm_202209;14266.01;172613;1283;0.557;12648.62;DKK
12/08/2022;Havehjornet_Prog_Video_Alm_202208;18762.12;447878;2256;0.882;33999.00;DKK
12/07/2022;HH_Prog_Display_Alm_202207;18497.13;235769;2046;0.646;16303.10;DKK
09/06/2024;HH_Prog_Display_Havesaeson_202406;10801.71;339887;1247;0.681;10584.00;DKK
16/02/2022;hh_dk_Prog_Display_Alm_202202;11531.21;209305;697;0.721;12724.21;DKK
24/07/2022;Havehjornet_Prog_Display_Alm_202207;13667.14;189731;848;0.688;10913.83;DKK
14/01/2024;HH_Prog_Display_Alm_202401;12996.09;243695;1028;0.68;12768.92;DKK
03/08/2022;HH_Prog_Display_Alm_202208;14924.84;204145;753;0.891;19968.18;DKK
07/08/2025;HAVEHJ_Prog_Display_Alm_202508;10511.31;136054;824;0.831;10393.73;DKK
17/10/2022;HH_Prog_Display_Alm_202210;16707.05;543878;1701;0.825;14527.49;DKK
09/11/2025;HH_Prog_Display_BlackFriday_202511;716.52;102563;553;0.697;908.98;EUR
10/01/2023;HH_Prog_Video_Alm_202301;18272.96;272889;1948;0.856;44549.88;DKK
26/12/2023;HAVEHJ_Prog_Display_Jul_202312;11097.12;195267;866;0.853;13582.55;DKK
12/12/2024;HAVEHJ_Prog_Video_Jul_202412;2897.07;567263;2525;0.577;6468.94;EUR
18/01/2024;HH_Prog_Video_Alm_202401;13247.35;168048;666;0.577;25441.46;DKK
20/11/2024;Havehjornet_Prog_Video_BlackFriday_202411;29536.73;584464;1660;0.79;71463.22;DKK
21/11/2023;HAVEHJ_Prog_Display_BlackFriday_202311;4813.78;95529;274;0.581;3491.81;DKK
14/01/2022;Havehjornet_Prog_Display_Alm_202201;9277.29;110993;560;0.559;9107.56;DKK
05/12/2024;HH_Prog_Video_Jul_202412_kopi;47864.79;1457519;3660;0.862;70634.84;DKK
18/03/2022;HAVEHJ_Prog_Display_Alm_202203;8956.49;208399;791;0.704;9571.52;DKK
20/07/2024;Havehjornet_Prog_Display_Alm_202407;9162.01;124725;507;0.589;14171.51;DKK
29/11/2024;HAVEHJ_Prog_Video_BlackFriday_202411;34282.81;688312;2660;0.657;52147.02;DKK
01/04/2025;HAVEHJ_Prog_Video_Havesaeson_202504;21290.12;275867;1350;0.676;53535.84;DKK
02/10/2023;Havehjornet_Prog_Video_Alm_202310;18479.18;601599;1205;0.642;38206.48;DKK
30/03/2022;Havehjornet_Prog_Display_Alm_202203;11389.70;175174;925;0.869;15818.30;DKK
25/10/2025;hh_dk_Prog_Video_Alm_202510;25439.29;551764;1365;0.796;46871.04;DKK
12/03/2023;hh_dk_Prog_Display_Alm_202303;24472.16;399907;1455;0.808;37645.41;DKK
23/11/2022;hh_dk_Prog_Video_BlackFriday_202211;80185.06;1485926;4104;0.897;135344.81;DKK
15/06/2024;HH_Prog_Video_Havesaeson_202406;2259.70;264770;1545;0.71;3434.82;EUR
05/08/2023;hh_dk_Prog_Display_Alm_202308;7273.46;129758;472;0.73;6136.22;DKK
04/07/2024;Havehjornet_Prog_Video_Alm_202407;10989.69;161234;1248;0.787;40243.29;DKK
25/08/2024;Havehjornet_Prog_Display_Alm_202408;1851.86;268865;1633;0.775;3050.40;EUR
11/01/2025;HAVEHJ_Prog_Video_Alm_202501;5546.20;65269;433;0.686;9685.86;DKK
11/08/2023;HAVEHJ_Prog_Display_Alm_202308;43611.58;649540;5249;0.841;58503.21;DKK
02/05/2025;hh_dk_Prog_Video_Havesaeson_202505_kopi;22825.70;306599;1973;0.824;39752.13;DKK
18/01/2023;HH_Prog_Display_Alm_202301;10810.39;173803;690;0.729;12750.33;DKK
21/02/2022;Havehjornet_Prog_Display_Alm_202202;26657.81;300751;1952;0.657;30370.33;DKK
28/09/2024;HAVEHJ_Prog_Video_Alm_202409;28891.50;414419;2022;0.65;65335.09;DKK
29/04/2023;Havehjornet_Prog_Video_Havesaeson_202304;22245.93;271102;1229;0.88;43916.85;DKK
30/07/2025;Havehjornet_Prog_Video_Alm_202507;2563.08;213109;1467;0.823;4787.69;EUR
12/07/2023;Havehjornet_Prog_Display_Alm_202307;16598.84;246132;922;0.672;13509.17;DKK
06/05/2025;HH_Prog_Display_Havesaeson_202505;10521.92;140571;616;0.777;18414.30;DKK
11/11/2023;Havehjornet_Prog_Display_BlackFriday_202311;9931.38;170090;834;0.759;11118.71;DKK
02/11/2023;hh_dk_Prog_Display_BlackFriday_202311;23557.37;425886;2141;0.652;30362.40;DKK
08/01/2024;hh_dk_Prog_Display_Alm_202401;8495.65;125101;769;0.773;7351.23;DKK
19/05/2023;Havehjornet_Prog_Display_Havesaeson_202305;17380.18;261956;1024;0.835;14391.24;DKK
08/02/2022;Havehjornet_Prog_Display_Alm_202202;11185.72;179635;638;0.852;11283.20;DKK
05/04/2024;hh_dk_Prog_Display_Havesaeson_202404;9116.56;154322;611;0.868;11936.35;DKK
04/11/2024;HAVEHJ_Prog_Display_BlackFriday_202411;7311.80;89649;831;0.642;6963.71;DKK
23/10/2023;HAVEHJ_Prog_Video_Alm_202310;40949.20;471628;3207;0.799;70099.02;DKK
18/04/2023;HAVEHJ_Prog_Display_Havesaeson_202304;10264.77;118091;831;0.821;9014.63;DKK
03/12/2022;Havehjornet_Prog_Video_Jul_202212;27635.63;352837;3099;0.808;50896.46;DKK
08/12/2022;HAVEHJ_Prog_Display_Jul_202212;1037.27;86935;430;0.663;1063.52;EUR
16/06/2025;HH_Prog_Video_Havesaeson_202506_kopi;14654.30;210679;982;0.602;25758.52;DKK
01/12/2023;hh_dk_Prog_Video_Jul_202312;45096.80;658342;2842;0.559;81822.36;DKK
19/10/2023;HAVEHJ_Prog_Display_Alm_202310;7009.90;206493;470;0.788;6951.55;DKK
07/07/2025;hh_dk_Prog_Video_Alm_202507;2767.09;35238;149;0.6;6820.56;DKK
03/03/2023;HAVEHJ_Prog_Video_Alm_202303;17032.04;192448;1865;0.559;33402.43;DKK
30/12/2022;HAVEHJ_Prog_Video_Jul_202212;13952.80;169598;714;0.787;31845.36;DKK
22/06/2025;HH_Prog_Video_Havesaeson_202506;10612.24;268647;1177;0.72;17755.92;DKK
20/08/2024;hh_dk_Prog_Video_Alm_202408;21162.29;379555;1185;0.881;23782.39;DKK
18/12/2024;HAVEHJ_Prog_Display_Jul_202412;3584.95;405671;1358;0.757;4088.75;EUR
26/12/2022;HH_Prog_Video_Jul_202212;20758.60;231038;1223;0.773;36948.94;DKK
24/06/2023;Havehjornet_Prog_Video_Havesaeson_202306;39391.06;471599;3565;0.895;68155.21;DKK
30/01/2023;Havehjornet_Prog_Display_Alm_202301;10483.91;279928;1270;0.893;9828.52;DKK
04/08/2023;HH_Prog_Video_Alm_202308;16556.53;207241;1302;0.841;22186.00;DKK
25/12/2023;HAVEHJ_Prog_Display_Jul_202312;11711.11;132719;813;0.699;11469.19;DKK
10/12/2022;hh_dk_Prog_Video_Jul_202212;28153.87;325562;1477;0.732;46679.02;DKK
22/03/2022;Havehjornet_Prog_Display_Alm_202203;16082.12;363644;960;0.655;14079.35;DKK
20/12/2025;hh_dk_Prog_Video_Jul_202512;17770.07;393660;1460;0.682;38963.64;DKK
08/09/2024;HAVEHJ_Prog_Video_Alm_202409;50978.97;1295468;2585;0.797;98888.24;DKK
09/06/2024;Havehjornet_Prog_Video_Havesaeson_202406;35066.90;777440;3967;0.826;68038.41;DKK
23/02/2022;Havehjornet_Prog_Video_Alm_202202;5332.87;93321;277;0.813;8447.80;DKK
04/06/2023;hh_dk_Prog_Video_Havesaeson_202306_kopi;18950.76;353561;972;0.789;30889.43;DKK
10/08/2022;Havehjornet_Prog_Display_Alm_202208;960.82;201885;764;0.578;1514.69;EUR
22/03/2024;HH_Prog_Display_Alm_202403_kopi;12840.91;296411;1191;0.797;15019.62;DKK
31/10/2023;HAVEHJ_Prog_Video_Alm_202310;15326.84;328670;839;0.679;29099.90;DKK
22/11/2022;HAVEHJ_Prog_Display_BlackFriday_202211;9819.34;127732;522;0.699;8465.49;DKK
15/10/2023;Havehjornet_Prog_Display_Alm_202310;1579.60;154564;1230;0.579;2826.50;EUR
24/06/2024;Havehjornet_Prog_Video_Havesaeson_202406;16815.71;244746;1217;0.631;29474.41;DKK
22/03/2025;HAVEHJ_Prog_Display_Alm_202503;9873.50;136238;791;0.744;10973.88;DKK
01/05/2023;Havehjornet_Prog_Display_Havesaeson_202305;10881.79;260031;566;0.586;8357.08;DKK
05/04/2025;hh_dk_Prog_Video_Havesaeson_202504_kopi;39350.54;877661;3398;0.838;119397.71;DKK
20/08/2023;HAVEHJ_Prog_Display_Alm_202308;2136.62;186224;1324;0.838;1917.33;EUR
04/11/2022;Havehjornet_Prog_Display_BlackFriday_202211;9765.58;132886;969;0.587;9002.34;DKK
30/08/2022;HAVEHJ_Prog_Display_Alm_202208;17783.95;500669;1655;0.59;21835.58;DKK
04/07/2023;HAVEHJ_Prog_Display_Alm_202307;13511.02;162498;882;0.747;14114.84;DKK
05/01/2024;HH_Prog_Video_Alm_202401_kopi;16944.67;341084;2025;0.567;33684.65;DKK
26/11/2025;hh_dk_Prog_Video_BlackFriday_202511;38619.36;851682;2634;0.679;76177.94;DKK
24/08/2023;HH_Prog_Video_Alm_202308_kopi;21898.48;280377;1748;0.637;38443.04;DKK
07/10/2024;Havehjornet_Prog_Display_Alm_202410;6866.94;132077;393;0.778;7977.80;DKK
19/09/2022;Havehjornet_Prog_Display_Alm_202209;22811.12;316622;2532;0.557;22973.22;DKK
08/07/2023;Havehjornet_Prog_Video_Alm_202307;3354.61;86383;302;0.628;6129.77;DKK
16/10/2023;HAVEHJ_Prog_Video_Alm_202310;40428.65;826316;3990;0.552;81544.83;DKK
09/09/2022;Havehjornet_Prog_Display_Alm_202209;21400.31;370107;2470;0.877;20598.14;DKK
09/09/2025;Havehjornet_Prog_Video_Alm_202509;22049.55;262963;1177;0.639;32687.28;DKK
03/09/2023;Havehjornet_Prog_Video_Alm_202309;24914.85;328235;2606;0.806;43366.30;DKK
22/07/2024;HH_Prog_Video_Alm_202407;739.75;134009;379;0.674;1338.86;EUR
28/05/2025;HH_Prog_Display_Havesaeson_202505;10709.43;155265;757;0.577;9876.87;DKK
03/07/2022;HH_Prog_Video_Alm_202207_kopi;17533.32;197761;977;0.733;30752.62;DKK
20/04/2024;hh_dk_Prog_Video_Havesaeson_202404_kopi;26198.07;534932;2214;0.58;52013.71;DKK
14/07/2024;Havehjornet_Prog_Display_Alm_202407;517.24;68190;250;0.661;906.90;EUR
03/11/2022;Havehjornet_Prog_Display_BlackFriday_202211;1443.77;276502;926;0.595;2049.84;EUR
01/03/2022;HH_Prog_Video_Alm_202203;20173.53;486586;1894;0.871;42275.02;DKK
17/07/2024;Havehjornet_Prog_Display_Alm_202407;2501.30;239691;1233;0.865;2516.48;EUR
21/07/2022;HH_Prog_Display_Alm_202207;32967.20;717955;1946;0.649;47844.22;DKK
02/06/2023;HAVEHJ_Prog_Display_Havesaeson_202306;583.69;52033;237;0.74;443.47;EUR
04/10/2024;Havehjornet_Prog_Video_Alm_202410;1738.17;236485;1329;0.678;4102.27;EUR
01/08/2024;HH_Prog_Video_Alm_202408;6268.78;118135;511;0.812;9261.53;DKK
11/09/2025;HH_Prog_Video_Alm_202509;24309.33;278121;1238;0.655;57092.02;DKK
13/09/2025;HAVEHJ_Prog_Video_Alm_202509_kopi;36542.52;629361;3573;0.794;67617.10;DKK
15/03/2022;hh_dk_Prog_Video_Alm_202203;1694.42;230805;1064;0.643;4020.22;EUR
10/03/2024;Havehjornet_Prog_Display_Alm_202403;4601.79;100542;400;0.608;6397.82;DKK
30/10/2023;HH_Prog_Video_Alm_202310;1610.38;147574;1352;0.824;2925.15;EUR
21/09/2022;HAVEHJ_Prog_Display_Alm_202209;12830.27;171395;1562;0.6;12687.25;DKK
19/10/2023;Havehjornet_Prog_Video_Alm_202310;19732.15;351226;1628;0.661;36978.01;DKK
08/12/2025;HH_Prog_Display_Jul_202512;11449.87;326797;652;0.847;12671.24;DKK
02/05/2022;Havehjornet_Prog_Video_Havesaeson_202205;43162.03;1111906;2826;0.754;85871.41;DKK
01/09/2022;HAVEHJ_Prog_Display_Alm_202209;1505.97;189381;772;0.632;1936.56;EUR
08/02/2023;Havehjornet_Prog_Video_Alm_202302;53636.68;620649;2712;0.732;87074.63;DKK
02/03/2023;HAVEHJ_Prog_Video_Alm_202303;20658.73;312853;1427;0.661;45662.35;DKK
30/03/2024;Havehjornet_Prog_Display_Alm_202403;17285.93;270934;1005;0.641;18879.41;DKK
16/05/2025;HAVEHJ_Prog_Display_Havesaeson_202505;20461.90;434845;1767;0.874;16624.79;DKK
04/08/2023;HAVEHJ_Prog_Display_Alm_202308;13051.16;186866;888;0.799;17389.01;DKK
15/09/2024;HAVEHJ_Prog_Display_Alm_202409;7570.39;171289;455;0.673;7501.11;DKK
15/06/2024;HH_Prog_Display_Havesaeson_202406_kopi;11182.18;273537;759;0.837;12559.24;DKK
30/07/2023;HAVEHJ_Prog_Display_Alm_202307;8769.94;203071;867;0.739;9440.41;DKK
10/11/2024;HAVEHJ_Prog_Video_BlackFriday_202411;62947.44;1895653;3820;0.567;141512.72;DKK
06/02/2024;hh_dk_Prog_Video_Alm_202402_kopi;24356.86;419548;1752;0.669;42880.52;DKK
08/05/2024;hh_dk_Prog_Video_Havesaeson_202405;51133.81;1620560;2984;0.723;131728.81;DKK
06/11/2024;Havehjornet_Prog_Display_BlackFriday_202411;6276.81;105744;478;0.57;11345.76;DKK
18/07/2024;HAVEHJ_Prog_Display_Alm_202407_kopi;15720.51;288678;884;0.657;28072.92;DKK
19/01/2022;Havehjornet_Prog_Display_Alm_202201;11762.37;210452;1410;0.735;8842.25;DKK
20/07/2022;Havehjornet_Prog_Video_Alm_202207;953.45;79934;451;0.565;1907.58;EUR
07/12/2023;Havehjornet_Prog_Video_Jul_202312;17597.23;344119;1393;0.838;35695.57;DKK
02/06/2025;hh_dk_Prog_Video_Havesaeson_202506;28925.67;548328;2723;0.591;49354.14;DKK
13/03/2023;HH_Prog_Display_Alm_202303;17687.86;503694;1551;0.682;16688.47;DKK
23/08/2024;HAVEHJ_Prog_Video_Alm_202408;17523.97;481461;1757;0.776;31504.06;DKK
17/03/2023;HH_Prog_Video_Alm_202303;19111.85;266721;1547;0.763;36666.61;DKK
06/06/2023;Havehjornet_Prog_Video_Havesaeson_202306;15129.15;179662;816;0.615;24678.74;DKK
23/08/2023;HH_Prog_Display_Alm_202308;6261.02;197446;420;0.756;8231.03;DKK
18/02/2024;Havehjornet_Prog_Display_Alm_202402;16213.59;280853;825;0.727;20926.50;DKK
01/09/2024;HAVEHJ_Prog_Video_Alm_202409;18209.51;255893;1474;0.844;36180.87;DKK
03/12/2023;Havehjornet_Prog_Display_Jul_202312;17845.58;416189;935;0.734;22044.76;DKK
10/06/2023;hh_dk_Prog_Video_Havesaeson_202306;34899.13;560738;3588;0.73;53201.98;DKK
11/05/2022;hh_dk_Prog_Video_Havesaeson_202205;871.70;161500;611;0.615;1651.63;EUR
07/12/2023;HH_Prog_Display_Jul_202312;2483.81;327237;1086;0.854;1996.35;EUR
11/03/2023;HH_Prog_Video_Alm_202303;25658.36;323313;3067;0.688;62043.84;DKK
20/05/2024;Havehjornet_Prog_Display_Havesaeson_202405;5905.40;1466151;3804;0.873;7722.37;EUR
21/10/2024;Havehjornet_Prog_Display_Alm_202410;5525.94;68624;604;0.781;5982.30;DKK
04/03/2025;hh_dk_Prog_Display_Alm_202503;16815.44;258647;949;0.663;19352.68;DKK
03/01/2025;Havehjornet_Prog_Video_Alm_202501;32343.34;685601;3171;0.774;80965.81;DKK
26/03/2023;Havehjornet_Prog_Display_Alm_202303;31280.07;377013;2544;0.562;28856.95;DKK
23/07/2023;hh_dk_Prog_Display_Alm_202307_kopi;19142.04;601778;996;0.684;28391.94;DKK
24/06/2025;hh_dk_Prog_Display_Havesaeson_202506_kopi;19653.17;282397;2347;0.618;22691.67;DKK
07/06/2024;hh_dk_Prog_Display_Havesaeson_202406;2585.36;281737;1067;0.698;2005.36;EUR
28/12/2022;HH_Prog_Display_Jul_202212_kopi;8173.61;140239;513;0.604;10903.57;DKK
28/12/2024;hh_dk_Prog_Video_Jul_202412;3517.43;50747;384;0.674;9474.21;DKK
26/11/2022;HH_Prog_Video_BlackFriday_202211;23613.28;525103;1686;0.71;43441.05;DKK
28/09/2024;hh_dk_Prog_Display_Alm_202409;19910.65;349363;1586;0.849;21542.78;DKK
09/02/2023;HH_Prog_Video_Alm_202302;13539.07;181165;708;0.873;19370.98;DKK
24/03/2024;HAVEHJ_Prog_Video_Alm_202403;21633.92;398545;2546;0.661;42658.86;DKK
18/10/2023;HAVEHJ_Prog_Display_Alm_202310_kopi;9581.73;123517;570;0.696;10497.91;DKK
14/10/2024;Havehjornet_Prog_Video_Alm_202410;20307.51;239381;1062;0.562;26278.21;DKK
24/05/2024;HH_Prog_Display_Havesaeson_202405;830.51;78814;620;0.577;1536.62;EUR
27/01/2025;HH_Prog_Display_Alm_202501;37305.52;1127112;2438;0.768;57570.47;DKK
27/04/2022;HAVEHJ_Prog_Display_Havesaeson_202204;18964.72;247901;1273;0.833;27621.47;DKK
24/03/2022;Havehjornet_Prog_Display_Alm_202203_kopi;13441.76;166623;805;0.759;20980.08;DKK
26/04/2025;hh_dk_Prog_Video_Havesaeson_202504_kopi;42505.26;843024;3395;0.682;87373.07;DKK
19/01/2024;Havehjornet_Prog_Video_Alm_202401;2613.21;477786;1689;0.553;5001.16;EUR
26/04/2024;Havehjornet_Prog_Display_Havesaeson_202404;630.69;83325;257;0.646;603.55;EUR
07/04/2024;Havehjornet_Prog_Display_Havesaeson_202404;1063.80;94435;404;0.795;1134.07;EUR
20/05/2024;hh_dk_Prog_Video_Havesaeson_202405;13109.07;272853;746;0.866;38774.26;DKK
28/01/2024;HAVEHJ_Prog_Display_Alm_202401;6934.85;134188;375;0.847;5369.41;DKK
22/10/2022;Havehjornet_Prog_Video_Alm_202210;28188.45;441681;1764;0.641;57051.63;DKK
11/09/2022;Havehjornet_Prog_Video_Alm_202209;17805.72;293730;1731;0.838;31313.32;DKK
22/04/2023;HAVEHJ_Prog_Display_Havesaeson_202304_kopi;9482.49;110333;938;0.638;7298.60;DKK
26/01/2024;hh_dk_Prog_Display_Alm_202401_kopi;13597.68;412360;1619;0.766;16824.10;DKK
07/10/2022;HH_Prog_Display_Alm_202210;8857.93;99727;462;0.704;9399.40;DKK
21/10/2024;hh_dk_Prog_Video_Alm_202410;17811.98;211380;1799;0.636;43632.17;DKK
26/11/2023;Havehjornet_Prog_Video_BlackFriday_202311;2133.52;309806;1032;0.888;3919.12;EUR
24/02/2025;Havehjornet_Prog_Display_Alm_202502;4355.21;54260;463;0.879;4198.25;DKK
22/09/2025;hh_dk_Prog_Video_Alm_202509;24459.21;368932;2450;0.867;69467.63;DKK
02/03/2025;hh_dk_Prog_Video_Alm_202503;40878.86;622464;3233;0.702;90723.13;DKK
08/03/2024;hh_dk_Prog_Display_Alm_202403;10096.23;149411;913;0.887;10524.59;DKK
09/02/2022;hh_dk_Prog_Display_Alm_202202;20901.97;315883;1253;0.629;30056.00;DKK
10/06/2022;HAVEHJ_Prog_Video_Havesaeson_202206;2132.97;189751;968;0.65;4855.80;EUR
11/11/2024;HH_Prog_Video_BlackFriday_202411;28098.18;811020;1723;0.719;55751.83;DKK
02/03/2022;HAVEHJ_Prog_Video_Alm_202203;13936.36;442321;1491;0.736;23233.30;DKK
24/10/2025;hh_dk_Prog_Video_Alm_202510;27765.81;384841;1583;0.6;54714.69;DKK
27/05/2024;HH_Prog_Video_Havesaeson_202405;16238.89;247615;877;0.887;39657.25;DKK
01/04/2023;HH_Prog_Video_Havesaeson_202304;31429.97;922010;2711;0.717;62701.35;DKK
16/04/2025;hh_dk_Prog_Video_Havesaeson_202504;20898.59;253404;1141;0.636;34842.09;DKK
13/03/2022;HAVEHJ_Prog_Video_Alm_202203;36664.89;687642;1929;0.627;86071.71;DKK
23/10/2023;HH_Prog_Display_Alm_202310;2945.15;430717;1811;0.74;3225.04;EUR
07/07/2022;HH_Prog_Video_Alm_202207;8118.05;223917;493;0.551;13100.87;DKK
19/11/2022;hh_dk_Prog_Video_BlackFriday_202211;32122.31;823583;3814;0.898;69346.81;DKK
07/01/2024;HAVEHJ_Prog_Display_Alm_202401;18426.97;259533;1483;0.757;19907.04;DKK
15/06/2022;hh_dk_Prog_Display_Havesaeson_202206;7657.09;175217;439;0.703;8215.53;DKK
20/01/2025;HH_Prog_Display_Alm_202501;8311.07;146098;989;0.794;8941.86;DKK
06/12/2022;hh_dk_Prog_Display_Jul_202212;11298.73;283825;687;0.808;11419.01;DKK
06/07/2023;HH_Prog_Display_Alm_202307;10025.61;247596;1013;0.862;15500.33;DKK
02/04/2024;Havehjornet_Prog_Video_Havesaeson_202404;20016.88;493687;2026;0.642;35450.39;DKK
31/12/2023;HH_Prog_Display_Jul_202312_kopi;5290.07;84646;272;0.644;7020.77;DKK
20/02/2024;HH_Prog_Video_Alm_202402;4570.15;71444;299;0.775;9924.78;DKK
22/02/2024;hh_dk_Prog_Video_Alm_202402;26634.53;364959;1540;0.655;43035.14;DKK
29/07/2025;HAVEHJ_Prog_Display_Alm_202507_kopi;16080.89;444097;973;0.792;17582.83;DKK
23/05/2025;HAVEHJ_Prog_Video_Havesaeson_202505;34727.31;425047;2839;0.893;90720.65;DKK
31/07/2025;Havehjornet_Prog_Video_Alm_202507;1282.48;149354;880;0.806;3187.98;EUR
09/05/2023;HAVEHJ_Prog_Video_Havesaeson_202305;39866.27;512372;3531;0.852;76131.91;DKK
25/09/2024;Havehjornet_Prog_Video_Alm_202409;21432.07;366743;1143;0.581;40008.43;DKK
24/09/2024;Havehjornet_Prog_Video_Alm_202409;24021.36;310806;2181;0.778;48410.74;DKK
02/08/2024;hh_dk_Prog_Video_Alm_202408;23502.88;566633;1563;0.867;42618.97;DKK
12/06/2022;HAVEHJ_Prog_Display_Havesaeson_202206;19389.98;551981;2322;0.715;22735.78;DKK
29/06/2022;HH_Prog_Display_Havesaeson_202206;15049.40;204554;790;0.578;14840.86;DKK
04/10/2023;Havehjornet_Prog_Display_Alm_202310;12866.80;398796;985;0.717;15977.42;DKK
04/12/2022;HH_Prog_Display_Jul_202212;1331.97;263726;550;0.596;1514.36;EUR
28/01/2022;HH_Prog_Display_Alm_202201;13558.75;156962;1167;0.609;16438.18;DKK
06/10/2022;hh_dk_Prog_Display_Alm_202210;15680.94;462092;1675;0.666;19604.95;DKK
02/06/2022;HAVEHJ_Prog_Display_Havesaeson_202206;7231.35;115166;632;0.59;6228.00;DKK
14/06/2023;hh_dk_Prog_Video_Havesaeson_202306;30772.71;524906;2558;0.77;47030.28;DKK
09/06/2023;HH_Prog_Video_Havesaeson_202306;19669.14;400626;1120;0.883;44932.05;DKK
10/09/2022;HAVEHJ_Prog_Video_Alm_202209;16936.54;311431;1348;0.711;31058.39;DKK
25/08/2025;hh_dk_Prog_Video_Alm_202508;42559.66;598182;2279;0.734;101644.02;DKK
30/03/2025;Havehjornet_Prog_Display_Alm_202503;12332.07;193476;1193;0.566;14978.95;DKK
16/05/2023;hh_dk_Prog_Display_Havesaeson_202305_kopi;14597.72;254104;1812;0.553;18288.47;DKK
27/04/2025;HH_Prog_Video_Havesaeson_202504;26591.98;377372;1701;0.881;49369.47;DKK
20/05/2025;HAVEHJ_Prog_Display_Havesaeson_202505;8802.39;188491;594;0.686;9765.20;DKK
25/05/2022;Havehjornet_Prog_Video_Havesaeson_202205;32857.64;436479;3710;0.694;45838.19;DKK
16/02/2025;HH_Prog_Video_Alm_202502;1942.18;323923;1211;0.806;2512.21;EUR
27/08/2024;Havehjornet_Prog_Display_Alm_202408;7062.57;105984;658;0.764;9080.86;DKK
15/02/2024;HAVEHJ_Prog_Display_Alm_202402;1086.44;128553;452;0.788;1300.51;EUR
13/12/2022;HAVEHJ_Prog_Video_Jul_202212;11933.63;295560;685;0.606;22596.86;DKK
30/12/2024;HAVEHJ_Prog_Video_Jul_202412;43326.77;545845;3788;0.607;80533.12;DKK
16/09/2022;HAVEHJ_Prog_Video_Alm_202209;28125.65;377349;1880;0.635;42498.94;DKK
07/11/2022;HH_Prog_Display_BlackFriday_202211_kopi;12190.37;391550;1033;0.857;12421.51;DKK
10/06/2024;HH_Prog_Display_Havesaeson_202406;15847.29;360331;1777;0.687;18429.68;DKK
24/01/2024;HH_Prog_Video_Alm_202401;19418.39;236881;1032;0.866;35279.05;DKK
27/12/2024;hh_dk_Prog_Video_Jul_202412;5012.49;88255;279;0.597;8961.56;DKK
05/02/2025;hh_dk_Prog_Video_Alm_202502;24148.23;331148;1424;0.766;43285.78;DKK
18/06/2024;HH_Prog_Display_Havesaeson_202406;15035.81;294285;1522;0.888;22360.65;DKK
29/04/2025;HAVEHJ_Prog_Display_Havesaeson_202504;21203.64;266771;1523;0.664;36174.11;DKK
02/11/2025;HH_Prog_Video_BlackFriday_202511;41309.13;519105;2624;0.574;91766.86;DKK
21/10/2022;hh_dk_Prog_Display_Alm_202210;7922.00;117883;443;0.78;9327.26;DKK
28/02/2025;Havehjornet_Prog_Video_Alm_202502_kopi;53110.16;1144750;2939;0.637;103092.75;DKK
01/12/2022;HAVEHJ_Prog_Display_Jul_202212;1031.66;110647;622;0.773;798.68;EUR
15/10/2025;HH_Prog_Video_Alm_202510;10046.24;205190;783;0.67;22724.87;DKK
13/08/2022;Havehjornet_Prog_Video_Alm_202208;19038.36;302933;1292;0.691;35310.96;DKK
04/01/2026;HAVEHJ_Prog_Display_Alm_202601;13817.33;319861;760;0.734;17980.77;DKK
11/05/2022;Havehjornet_Prog_Display_Havesaeson_202205;16679.06;218249;1015;0.765;17292.59;DKK
15/08/2025;hh_dk_Prog_Display_Alm_202508;4613.70;59858;240;0.77;5549.99;DKK
18/07/2022;Havehjornet_Prog_Video_Alm_202207;6948.46;121518;441;0.708;18425.06;DKK
27/04/2024;HAVEHJ_Prog_Video_Havesaeson_202404;14056.02;268710;795;0.735;15050.07;DKK
14/04/2025;Havehjornet_Prog_Video_Havesaeson_202504;20209.51;310513;1968;0.676;49921.23;DKK
04/07/2023;HAVEHJ_Prog_Video_Alm_202307_kopi;15881.82;313012;1547;0.706;42608.23;DKK
21/05/2025;HH_Prog_Display_Havesaeson_202505;2232.60;248489;1458;0.849;2484.28;EUR
09/06/2023;Havehjornet_Prog_Display_Havesaeson_202306;27237.70;739557;1480;0.842;30422.11;DKK
12/06/2023;HH_Prog_Display_Havesaeson_202306;2758.89;402834;1420;0.594;3057.28;EUR
02/05/2025;HAVEHJ_Prog_Display_Havesaeson_202505_kopi;5014.46;56204;419;0.577;4917.43;DKK
21/09/2022;HAVEHJ_Prog_Video_Alm_202209_kopi;28951.24;659062;1757;0.604;59022.13;DKK
28/08/2024;hh_dk_Prog_Display_Alm_202408;10907.55;125449;860;0.643;11977.89;DKK
16/04/2025;HH_Prog_Display_Havesaeson_202504;17240.29;198504;1007;0.8;23875.20;DKK
22/05/2022;HH_Prog_Display_Havesaeson_202205;1370.37;114321;687;0.659;1680.43;EUR
08/04/2024;hh_dk_Prog_Display_Havesaeson_202404;15064.52;197174;757;0.793;15033.59;DKK
30/10/2025;Havehjornet_Prog_Video_Alm_202510;28584.76;470203;2444;0.724;52579.70;DKK
31/08/2022;HAVEHJ_Prog_Video_Alm_202208;13963.56;164761;1115;0.871;25769.67;DKK
30/06/2022;HH_Prog_Video_Havesaeson_202206;25383.46;294882;1950;0.763;50544.93;DKK
20/05/2025;HAVEHJ_Prog_Video_Havesaeson_202505;4584.11;466027;1805;0.786;7268.30;EUR
02/08/2025;HAVEHJ_Prog_Display_Alm_202508;4952.26;79032;317;0.603;5294.36;DKK
29/06/2025;hh_dk_Prog_Video_Havesaeson_202506;14872.85;329203;1080;0.558;39378.94;DKK
17/10/2023;hh_dk_Prog_Display_Alm_202310;10794.37;169902;1013;0.615;18222.22;DKK
02/09/2024;HAVEHJ_Prog_Video_Alm_202409;3942.63;576043;1824;0.685;9059.08;EUR
27/01/2025;Havehjornet_Prog_Video_Alm_202501;5879.16;139815;455;0.898;13046.13;DKK
02/05/2024;HH_Prog_Video_Havesaeson_202405;23133.08;258243;1272;0.706;49816.60;DKK
05/05/2022;HH_Prog_Video_Havesaeson_202205_kopi;1997.06;380025;1162;0.83;3746.50;EUR
28/05/2024;HH_Prog_Video_Havesaeson_202405;4739.52;463981;2305;0.8;9291.64;EUR
18/01/2023;hh_dk_Prog_Video_Alm_202301;12352.45;270437;790;0.879;21945.97;DKK
28/03/2022;hh_dk_Prog_Video_Alm_202203;20543.60;342037;2416;0.636;35111.65;DKK
30/11/2022;Havehjornet_Prog_Video_BlackFriday_202211;24753.34;276140;1280;0.632;59975.99;DKK
10/12/2025;Havehjornet_Prog_Video_Jul_202512;31771.05;504493;3354;0.727;55210.91;DKK
12/07/2025;hh_dk_Prog_Display_Alm_202507_kopi;7935.98;158095;777;0.557;9282.06;DKK
16/03/2024;HAVEHJ_Prog_Video_Alm_202403;15768.04;464756;1476;0.739;34494.72;DKK
30/11/2023;HH_Prog_Display_BlackFriday_202311;14771.86;235318;911;0.841;21698.33;DKK
22/09/2023;HAVEHJ_Prog_Display_Alm_202309;12704.54;217321;1366;0.8;16588.92;DKK
03/11/2023;HAVEHJ_Prog_Video_BlackFriday_202311_kopi;13637.49;154181;869;0.615;29387.25;DKK
07/12/2022;HAVEHJ_Prog_Video_Jul_202212;3383.95;812023;1334;0.681;6148.37;EUR
26/02/2023;hh_dk_Prog_Display_Alm_202302;10442.72;206584;702;0.734;15805.00;DKK
17/11/2024;hh_dk_Prog_Video_BlackFriday_202411;38439.63;830826;2294;0.562;83150.38;DKK
03/09/2025;Havehjornet_Prog_Video_Alm_202509;1299.91;153702;848;0.854;1824.97;EUR
22/12/2022;HH_Prog_Display_Jul_202212;13439.73;174554;1437;0.633;12373.72;DKK
25/12/2023;HH_Prog_Video_Jul_202312;31836.69;730008;2862;0.618;57919.75;DKK
09/10/2025;HAVEHJ_Prog_Display_Alm_202510;2541.03;428636;1836;0.858;4064.72;EUR
14/06/2022;HAVEHJ_Prog_Video_Havesaeson_202206;18151.50;243936;1319;0.862;34846.33;DKK
29/12/2023;hh_dk_Prog_Video_Jul_202312;46458.22;694029;4406;0.805;94498.37;DKK
09/09/2022;HH_Prog_Video_Alm_202209;15279.60;382964;879;0.636;28689.38;DKK
26/11/2022;HAVEHJ_Prog_Display_BlackFriday_202211;13734.83;170822;1065;0.859;13868.47;DKK
29/04/2024;hh_dk_Prog_Video_Havesaeson_202404;32635.37;548967;2674;0.848;43830.17;DKK
23/05/2022;hh_dk_Prog_Display_Havesaeson_202205;11816.06;222578;771;0.693;12658.54;DKK
08/06/2023;hh_dk_Prog_Video_Havesaeson_202306;810.26;192851;415;0.704;1734.78;EUR
01/01/2026;HAVEHJ_Prog_Video_Alm_202601;27677.56;612134;2892;0.783;52269.36;DKK
27/07/2025;hh_dk_Prog_Video_Alm_202507;11933.69;140482;853;0.852;24090.92;DKK
20/03/2025;hh_dk_Prog_Video_Alm_202503;5841.51;81384;533;0.773;13364.48;DKK
18/03/2024;Havehjornet_Prog_Video_Alm_202403;16453.22;408370;1046;0.555;21221.26;DKK
05/01/2025;HH_Prog_Display_Alm_202501;15937.00;314001;935;0.89;13531.14;DKK
18/10/2025;Havehjornet_Prog_Display_Alm_202510;5924.01;179795;409;0.597;9060.25;DKK
07/03/2025;hh_dk_Prog_Display_Alm_202503;1240.53;290107;1004;0.738;1440.02;EUR
27/11/2023;Havehjornet_Prog_Video_BlackFriday_202311;1823.32;300111;887;0.634;4247.80;EUR
12/01/2024;hh_dk_Prog_Display_Alm_202401;9513.44;141772;548;0.838;15801.99;DKK
16/12/2025;HAVEHJ_Prog_Display_Jul_202512;15820.83;188454;847;0.731;21327.83;DKK
27/06/2022;hh_dk_Prog_Video_Havesaeson_202206;11524.57;349985;1407;0.631;18297.44;DKK
09/02/2023;Havehjornet_Prog_Display_Alm_202302;21235.81;252380;1202;0.804;24775.33;DKK
25/07/2025;HH_Prog_Video_Alm_202507;17462.53;237268;915;0.828;33658.29;DKK
10/06/2023;HH_Prog_Display_Havesaeson_202306;5177.56;105447;345;0.892;6106.94;DKK
06/01/2022;HH_Prog_Display_Alm_202201;11717.19;152289;594;0.773;8953.54;DKK
01/08/2024;HH_Prog_Display_Alm_202408_kopi;8311.16;197491;622;0.875;12384.78;DKK
18/09/2022;hh_dk_Prog_Video_Alm_202209;26892.16;516669;1707;0.73;33989.76;DKK
09/07/2022;HH_Prog_Video_Alm_202207;37312.66;1146176;2699;0.871;73997.99;DKK
16/04/2023;hh_dk_Prog_Video_Havesaeson_202304;22752.30;565755;1230;0.667;67589.13;DKK
12/03/2025;Havehjornet_Prog_Video_Alm_202503;11086.78;136997;654;0.874;21677.93;DKK
26/05/2025;HAVEHJ_Prog_Video_Havesaeson_202505;7494.51;174711;455;0.552;17547.58;DKK
21/03/2022;Havehjornet_Prog_Display_Alm_202203_kopi;25146.46;382990;1908;0.718;34122.27;DKK
27/01/2024;HAVEHJ_Prog_Display_Alm_202401;16105.28;352748;822;0.775;26455.40;DKK
04/12/2024;HH_Prog_Video_Jul_202412;20115.45;341831;1630;0.725;43335.01;DKK
03/09/2024;hh_dk_Prog_Video_Alm_202409;34610.54;391149;3146;0.73;68266.66;DKK
11/07/2024;HAVEHJ_Prog_Video_Alm_202407;28390.80;581504;1524;0.778;50373.47;DKK
08/05/2022;HAVEHJ_Prog_Display_Havesaeson_202205;1123.49;122685;802;0.702;1550.07;EUR
11/12/2024;HAVEHJ_Prog_Video_Jul_202412;7850.69;1103738;3942;0.607;15589.97;EUR
17/12/2025;HH_Prog_Video_Jul_202512;29489.83;868878;1723;0.63;56392.42;DKK
14/12/2024;hh_dk_Prog_Video_Jul_202412;19443.49;434718;1985;0.848;30598.57;DKK
23/08/2025;HH_Prog_Video_Alm_202508;4864.13;82268;253;0.828;13554.66;DKK
12/04/2023;HAVEHJ_Prog_Video_Havesaeson_202304;16755.64;243669;1692;0.834;31620.83;DKK
19/10/2022;Havehjornet_Prog_Video_Alm_202210;12848.61;221498;1538;0.877;19162.53;DKK
14/01/2023;HH_Prog_Video_Alm_202301;23735.62;300131;2405;0.713;42441.49;DKK
19/01/2023;hh_dk_Prog_Video_Alm_202301;16983.27;225486;2079;0.735;24006.45;DKK
04/01/2022;HAVEHJ_Prog_Display_Alm_202201;2565.10;228989;1077;0.583;2754.15;EUR
20/12/2025;hh_dk_Prog_Display_Jul_202512;18282.47;203205;1080;0.881;26204.33;DKK
03/11/2024;Havehjornet_Prog_Video_BlackFriday_202411;18551.02;247030;1072;0.762;25169.77;DKK
09/10/2023;HH_Prog_Display_Alm_202310;8990.18;152973;517;0.753;7984.20;DKK
06/11/2023;HH_Prog_Display_BlackFriday_202311;4617.04;60729;319;0.761;5685.89;DKK
12/02/2024;HAVEHJ_Prog_Video_Alm_202402;2829.02;322549;2325;0.668;6315.74;EUR
11/08/2025;HH_Prog_Video_Alm_202508;23199.15;309894;1676;0.7;43233.46;DKK
06/11/2023;hh_dk_Prog_Video_BlackFriday_202311_kopi;24028.28;291148;1742;0.82;36335.13;DKK
13/05/2023;hh_dk_Prog_Display_Havesaeson_202305;26861.03;421940;1519;0.753;27244.98;DKK
12/08/2025;Havehjornet_Prog_Video_Alm_202508;1068.91;215685;499;0.591;2148.19;EUR
04/02/2022;Havehjornet_Prog_Display_Alm_202202;10242.12;227690;720;0.897;18895.22;DKK
28/09/2022;Havehjornet_Prog_Display_Alm_202209;18298.50;331870;1031;0.9;27214.72;DKK
01/01/2024;hh_dk_Prog_Video_Alm_202401;22915.58;643057;2199;0.773;61129.37;DKK
21/02/2025;HAVEHJ_Prog_Display_Alm_202502;10334.36;162819;614;0.683;11480.79;DKK
31/08/2023;HAVEHJ_Prog_Display_Alm_202308;21637.61;575678;1912;0.821;21851.31;DKK
15/08/2022;HH_Prog_Video_Alm_202208;14003.02;285953;1146;0.813;23262.05;DKK
20/06/2022;hh_dk_Prog_Video_Havesaeson_202206;6406.78;151733;359;0.61;16699.63;DKK
03/12/2024;HH_Prog_Display_Jul_202412_kopi;4946.53;86033;305;0.754;4710.99;DKK
10/09/2024;HAVEHJ_Prog_Display_Alm_202409;12779.61;171648;774;0.593;17062.00;DKK
03/12/2023;HH_Prog_Video_Jul_202312;24605.27;285693;2422;0.631;36957.92;DKK
29/12/2022;Havehjornet_Prog_Video_Jul_202212_kopi;26592.81;336410;1828;0.668;54654.88;DKK
01/09/2023;HH_Prog_Video_Alm_202309;14561.75;191425;1142;0.706;28762.44;DKK
12/06/2025;hh_dk_Prog_Video_Havesaeson_202506;5812.59;74036;305;0.809;10088.19;DKK
17/01/2025;HAVEHJ_Prog_Display_Alm_202501;23115.20;635181;1951;0.649;34652.85;DKK
13/11/2023;hh_dk_Prog_Display_BlackFriday_202311;7982.58;120814;538;0.602;8086.48;DKK
08/03/2025;HH_Prog_Video_Alm_202503;13121.16;207967;1616;0.833;33350.17;DKK
13/09/2024;Havehjornet_Prog_Video_Alm_202409;2040.54;415247;825;0.65;4452.28;EUR
14/04/2024;HH_Prog_Video_Havesaeson_202404;40449.49;1017674;2807;0.863;73401.68;DKK
16/08/2023;HAVEHJ_Prog_Video_Alm_202308;1337.07;116533;1070;0.71;2936.09;EUR
01/09/2022;Havehjornet_Prog_Video_Alm_202209;25007.13;406694;1311;0.568;47328.21;DKK
23/08/2024;HAVEHJ_Prog_Display_Alm_202408;15062.66;189067;1277;0.702;18626.66;DKK
08/02/2025;hh_dk_Prog_Display_Alm_202502;2619.76;399122;1287;0.605;3636.53;EUR
10/06/2025;HH_Prog_Display_Havesaeson_202506;9653.27;145943;788;0.826;12567.35;DKK
20/06/2025;Havehjornet_Prog_Video_Havesaeson_202506;3893.18;74590;203;0.815;7948.44;DKK
03/02/2024;hh_dk_Prog_Display_Alm_202402;1368.60;114077;1225;0.592;1524.92;EUR
25/11/2024;HH_Prog_Display_BlackFriday_202411_kopi;27754.33;468278;2618;0.559;33348.48;DKK
05/08/2022;HAVEHJ_Prog_Video_Alm_202208;14597.71;323719;1365;0.83;19694.79;DKK
30/04/2024;hh_dk_Prog_Video_Havesaeson_202404;7596.71;99586;729;0.814;13801.16;DKK
30/08/2022;HH_Prog_Video_Alm_202208;9026.20;179320;739;0.668;20505.03;DKK
26/12/2022;hh_dk_Prog_Display_Jul_202212;9657.55;228827;1151;0.716;10567.34;DKK
21/08/2022;hh_dk_Prog_Video_Alm_202208;1459.35;259987;1132;0.795;1874.89;EUR
04/01/2025;HH_Prog_Display_Alm_202501;12207.77;138442;616;0.761;12469.41;DKK
26/12/2023;hh_dk_Prog_Video_Jul_202312_kopi;10912.98;280699;850;0.691;28701.28;DKK
07/04/2023;hh_dk_Prog_Display_Havesaeson_202304;9781.46;123602;898;0.759;14303.76;DKK
09/10/2023;hh_dk_Prog_Video_Alm_202310;35105.66;599638;2438;0.814;99715.76;DKK
01/08/2023;Havehjornet_Prog_Display_Alm_202308;21779.24;255118;1307;0.812;35868.89;DKK
11/11/2022;HH_Prog_Video_BlackFriday_202211;44636.21;545179;2987;0.815;98967.35;DKK
13/05/2025;hh_dk_Prog_Display_Havesaeson_202505;16426.88;289601;934;0.559;14418.95;DKK
26/02/2024;HAVEHJ_Prog_Video_Alm_202402;755.57;62957;366;0.762;1367.54;EUR
30/12/2025;Havehjornet_Prog_Video_Jul_202512_kopi;11990.53;226720;694;0.772;18394.69;DKK
03/10/2024;hh_dk_Prog_Display_Alm_202410_kopi;17999.55;465754;1578;0.786;23517.26;DKK
15/12/2024;Havehjornet_Prog_Display_Jul_202412;20931.70;404556;1583;0.733;22612.25;DKK
26/01/2022;Havehjornet_Prog_Video_Alm_202201;41611.06;1057098;2709;0.721;108945.05;DKK
11/03/2024;HAVEHJ_Prog_Display_Alm_202403;17096.98;431548;1924;0.8;17891.62;DKK
11/12/2023;Havehjornet_Prog_Display_Jul_202312;8939.85;105137;696;0.624;14756.74;DKK
22/11/2022;Havehjornet_Prog_Video_BlackFriday_202211;24920.22;409287;1535;0.791;40414.05;DKK
06/03/2025;HH_Prog_Video_Alm_202503;2347.05;582052;1789;0.883;4607.63;EUR
22/11/2024;Havehjornet_Prog_Display_BlackFriday_202411;21269.89;281657;1202;0.628;25293.99;DKK
04/10/2025;Havehjornet_Prog_Display_Alm_202510;7592.01;224306;609;0.563;7312.60;DKK
18/12/2025;hh_dk_Prog_Video_Jul_202512;44745.51;1437052;2283;0.666;144605.94;DKK
06/05/2024;HH_Prog_Display_Havesaeson_202405_kopi;13089.53;431833;1069;0.766;15590.77;DKK
10/08/2023;Havehjornet_Prog_Video_Alm_202308;18590.16;242979;1486;0.65;35000.45;DKK
03/02/2025;HAVEHJ_Prog_Video_Alm_202502;9814.38;200325;628;0.763;28985.78;DKK
16/01/2024;Havehjornet_Prog_Video_Alm_202401;22201.06;420101;2037;0.81;52231.26;DKK
28/02/2023;HAVEHJ_Prog_Display_Alm_202302;5227.45;169050;391;0.583;5025.98;DKK
30/03/2022;Havehjornet_Prog_Video_Alm_202203;6705.91;78909;596;0.686;12385.87;DKK
21/01/2024;HH_Prog_Video_Alm_202401;6457.36;155552;566;0.786;12594.62;DKK
30/05/2025;Havehjornet_Prog_Display_Havesaeson_202505;28099.28;465827;1597;0.883;34524.14;DKK
24/12/2025;HAVEHJ_Prog_Display_Jul_202512;3716.70;75633;280;0.736;3192.97;DKK
01/02/2024;HH_Prog_Video_Alm_202402;12054.48;144089;728;0.667;30037.73;DKK
20/02/2023;Havehjornet_Prog_Display_Alm_202302;10831.28;159272;688;0.63;15070.68;DKK
08/09/2023;HAVEHJ_Prog_Video_Alm_202309_kopi;18073.61;305972;1032;0.616;30496.51;DKK
01/07/2024;hh_dk_Prog_Display_Alm_202407;18399.34;328345;1588;0.815;25354.26;DKK
05/07/2023;hh_dk_Prog_Display_Alm_202307;6902.13;171799;757;0.782;8680.07;DKK
18/02/2025;HH_Prog_Display_Alm_202502;9226.38;128147;980;0.892;14343.46;DKK
09/07/2025;HAVEHJ_Prog_Display_Alm_202507;11821.87;162408;850;0.891;16364.95;DKK
21/07/2025;hh_dk_Prog_Video_Alm_202507;9692.47;283191;718;0.785;20860.55;DKK
22/01/2024;HH_Prog_Display_Alm_202401;13628.88;171440;897;0.636;16415.24;DKK
08/05/2023;HH_Prog_Display_Havesaeson_202305;14113.72;244755;808;0.871;18015.49;DKK
21/11/2024;Havehjornet_Prog_Display_BlackFriday_202411;3030.34;40808;197;0.651;3655.13;DKK
18/06/2024;Havehjornet_Prog_Video_Havesaeson_202406;14592.76;230652;1248;0.607;32536.12;DKK
01/06/2022;Havehjornet_Prog_Display_Havesaeson_202206;10535.53;203731;612;0.698;15193.89;DKK
19/03/2023;hh_dk_Prog_Display_Alm_202303;1023.29;120301;688;0.743;1258.08;EUR
03/03/2023;HAVEHJ_Prog_Display_Alm_202303;4024.34;81189;345;0.897;6586.76;DKK
08/08/2025;Havehjornet_Prog_Display_Alm_202508;14726.99;274136;982;0.855;16969.14;DKK
12/12/2025;Havehjornet_Prog_Video_Jul_202512;90173.82;2554797;6249;0.551;215176.25;DKK
10/01/2025;Havehjornet_Prog_Video_Alm_202501;2771.14;313333;2107;0.815;4857.15;EUR
03/07/2024;HAVEHJ_Prog_Display_Alm_202407;5469.06;111424;388;0.836;5153.42;DKK
18/08/2024;HAVEHJ_Prog_Video_Alm_202408_kopi;12166.16;226861;622;0.887;28505.02;DKK
30/03/2023;HAVEHJ_Prog_Display_Alm_202303;10878.31;125058;632;0.762;13764.29;DKK
23/01/2025;HH_Prog_Video_Alm_202501;12651.20;156573;959;0.841;25017.57;DKK
25/03/2022;HAVEHJ_Prog_Video_Alm_202203;33997.06;495893;1715;0.594;60942.39;DKK
08/08/2024;HAVEHJ_Prog_Display_Alm_202408;17439.77;287930;2080;0.566;21810.70;DKK
08/01/2023;hh_dk_Prog_Video_Alm_202301;18969.26;214062;1039;0.796;40489.51;DKK
24/01/2022;HAVEHJ_Prog_Video_Alm_202201;19430.28;358392;2266;0.763;39118.30;DKK
24/11/2022;HH_Prog_Display_BlackFriday_202211;17022.27;402733;1120;0.787;19855.95;DKK
14/12/2025;HAVEHJ_Prog_Display_Jul_202512;18763.41;521287;1260;0.609;17039.11;DKK
27/03/2023;Havehjornet_Prog_Video_Alm_202303;7923.44;91414;816;0.712;12402.49;DKK
23/09/2025;HAVEHJ_Prog_Video_Alm_202509;30199.56;536339;3169;0.833;61054.59;DKK
06/12/2025;Havehjornet_Prog_Video_Jul_202512;24700.85;610681;1973;0.601;46324.36;DKK
01/04/2025;Havehjornet_Prog_Display_Havesaeson_202504;2921.77;41833;180;0.61;4149.73;DKK
02/07/2023;hh_dk_Prog_Video_Alm_202307_kopi;27127.01;656838;2924;0.683;50188.97;DKK
09/03/2023;HH_Prog_Video_Alm_202303;5750.47;1297146;2650;0.557;18828.81;EUR
17/11/2025;hh_dk_Prog_Display_BlackFriday_202511;20865.83;295096;1083;0.771;24101.13;DKK
13/10/2024;HH_Prog_Video_Alm_202410;35750.56;492168;2405;0.705;76871.21;DKK
30/09/2025;Havehjornet_Prog_Display_Alm_202509;8331.84;184792;561;0.871;13307.49;DKK
19/12/2022;HH_Prog_Video_Jul_202212;15547.94;198619;1373;0.878;27384.05;DKK
16/11/2023;Havehjornet_Prog_Display_BlackFriday_202311;5815.95;91496;618;0.866;8575.08;DKK
18/12/2024;hh_dk_Prog_Video_Jul_202412;4333.46;495827;2046;0.586;5379.35;EUR
27/07/2022;HH_Prog_Display_Alm_202207;10123.76;162253;583;0.772;13210.15;DKK
27/10/2023;hh_dk_Prog_Video_Alm_202310;1274.21;284074;511;0.681;2708.76;EUR
23/10/2024;HH_Prog_Video_Alm_202410_kopi;1827.91;177132;734;0.644;3363.18;EUR
19/07/2022;HH_Prog_Video_Alm_202207_kopi;5521.41;71762;508;0.734;12097.21;DKK
01/01/2024;HAVEHJ_Prog_Display_Alm_202401;819.16;127143;307;0.775;1201.48;EUR
08/01/2022;hh_dk_Prog_Video_Alm_202201;11410.03;320035;1230;0.718;24810.02;DKK
22/09/2024;hh_dk_Prog_Display_Alm_202409;4993.09;72835;362;0.677;6020.55;DKK
21/09/2023;Havehjornet_Prog_Video_Alm_202309;16844.56;205245;1511;0.823;23280.51;DKK
08/03/2022;HH_Prog_Video_Alm_202203;13555.65;163518;928;0.853;29353.99;DKK
15/02/2024;hh_dk_Prog_Video_Alm_202402;46969.18;830633;3291;0.899;95399.37;DKK
20/08/2023;hh_dk_Prog_Video_Alm_202308_kopi;21013.83;297274;1057;0.848;40131.13;DKK
05/10/2022;Havehjornet_Prog_Video_Alm_202210;23028.85;527159;1215;0.721;40369.30;DKK
09/05/2022;hh_dk_Prog_Video_Havesaeson_202205;29256.07;399328;2003;0.61;60688.69;DKK
07/06/2023;hh_dk_Prog_Video_Havesaeson_202306_kopi;15633.36;227429;1405;0.577;28691.08;DKK
12/06/2024;HH_Prog_Video_Havesaeson_202406;22450.02;372907;2274;0.899;40123.05;DKK
03/01/2023;Havehjornet_Prog_Video_Alm_202301;33966.72;553489;3736;0.638;46361.35;DKK
28/07/2022;HAVEHJ_Prog_Video_Alm_202207;15465.35;387720;1010;0.865;23679.48;DKK
18/03/2023;HAVEHJ_Prog_Video_Alm_202303;22262.83;458688;1876;0.74;34734.60;DKK
14/05/2025;Havehjornet_Prog_Video_Havesaeson_202505;4082.36;497773;1997;0.897;7100.79;EUR
04/05/2023;HH_Prog_Video_Havesaeson_202305;8173.91;168138;525;0.815;12375.90;DKK
05/06/2023;HH_Prog_Display_Havesaeson_202306;8834.73;215776;525;0.72;12652.13;DKK
09/07/2023;HH_Prog_Video_Alm_202307_kopi;3135.49;461343;1209;0.635;5758.70;EUR
11/08/2022;hh_dk_Prog_Video_Alm_202208;1378.39;114561;735;0.635;2044.43;EUR
11/04/2025;HAVEHJ_Prog_Video_Havesaeson_202504;13890.33;241008;849;0.873;21636.08;DKK
21/02/2024;HAVEHJ_Prog_Video_Alm_202402;35752.07;1116334;1959;0.663;56188.22;DKK
07/05/2023;Havehjornet_Prog_Display_Havesaeson_202305;8307.48;132855;996;0.726;14001.35;DKK
10/06/2024;HH_Prog_Video_Havesaeson_202406;93876.24;1177397;4694;0.736;139031.74;DKK
21/11/2023;Havehjornet_Prog_Video_BlackFriday_202311;19205.40;263255;1864;0.806;31129.85;DKK
18/04/2024;HAVEHJ_Prog_Video_Havesaeson_202404;10711.53;2349179;6783;0.829;27880.48;EUR
27/05/2025;HAVEHJ_Prog_Video_Havesaeson_202505;17716.68;219650;923;0.784;36775.65;DKK
10/04/2023;Havehjornet_Prog_Video_Havesaeson_202304;47848.96;540285;5753;0.757;78173.20;DKK
20/09/2023;HH_Prog_Display_Alm_202309;23974.96;307589;1407;0.688;28192.10;DKK
24/12/2023;Havehjornet_Prog_Video_Jul_202312;46063.12;588522;2691;0.665;101495.64;DKK
28/03/2024;HH_Prog_Display_Alm_202403;12829.74;213093;916;0.561;15218.42;DKK
01/01/2026;HH_Prog_Display_Alm_202601_kopi;6668.92;77598;388;0.792;6118.92;DKK
28/10/2024;Havehjornet_Prog_Video_Alm_202410;18338.39;483447;2162;0.854;32305.13;DKK
01/07/2023;HH_Prog_Display_Alm_202307;3045.56;334196;1270;0.866;2728.76;EUR
14/02/2024;Havehjornet_Prog_Video_Alm_202402;15262.95;368879;834;0.899;36281.21;DKK
19/06/2023;HAVEHJ_Prog_Video_Havesaeson_202306;14617.75;250446;752;0.674;29298.17;DKK
15/03/2025;Havehjornet_Prog_Video_Alm_202503;12700.27;179711;706;0.84;25092.68;DKK
20/01/2022;HH_Prog_Display_Alm_202201;17399.10;419152;890;0.688;16642.41;DKK
08/11/2023;Havehjornet_Prog_Display_BlackFriday_202311;8637.27;143376;610;0.737;7300.82;DKK
08/03/2024;Havehjornet_Prog_Video_Alm_202403;17099.87;197342;890;0.871;25122.43;DKK
18/12/2022;Havehjornet_Prog_Display_Jul_202212;10857.93;132739;831;0.768;14588.51;DKK
31/08/2025;HH_Prog_Display_Alm_202508;17640.01;286695;941;0.607;17503.43;DKK
09/03/2024;Havehjornet_Prog_Display_Alm_202403;15917.80;457603;1414;0.836;18910.53;DKK
23/05/2023;Havehjornet_Prog_Display_Havesaeson_202305;1055.13;131347;925;0.783;1138.78;EUR
12/11/2024;hh_dk_Prog_Display_BlackFriday_202411;14343.84;304802;847;0.834;16090.12;DKK
05/05/2022;HAVEHJ_Prog_Display_Havesaeson_202205;15610.22;190697;1541;0.638;22406.09;DKK
22/01/2022;hh_dk_Prog_Video_Alm_202201;5818.62;79978;349;0.781;11959.97;DKK
07/12/2024;Havehjornet_Prog_Display_Jul_202412;7370.38;147624;510;0.849;4776.38;DKK
18/03/2024;hh_dk_Prog_Display_Alm_202403;2062.66;415461;1240;0.665;2667.77;EUR
17/06/2022;Havehjornet_Prog_Display_Havesaeson_202206;23847.52;339030;2414;0.56;29398.37;DKK
05/08/2024;hh_dk_Prog_Display_Alm_202408;8105.09;180431;465;0.837;13018.99;DKK
28/04/2025;HH_Prog_Display_Havesaeson_202504;4195.87;105709;227;0.864;5045.89;DKK
10/11/2022;Havehjornet_Prog_Video_BlackFriday_202211;19261.77;376230;2260;0.824;41573.56;DKK
27/05/2024;HAVEHJ_Prog_Display_Havesaeson_202405;23394.94;328668;1260;0.763;21752.18;DKK
02/08/2023;HAVEHJ_Prog_Video_Alm_202308;11722.94;323590;909;0.727;21977.56;DKK
11/11/2025;HH_Prog_Video_BlackFriday_202511;21238.20;283124;1170;0.745;36238.79;DKK
18/02/2022;hh_dk_Prog_Display_Alm_202202;1174.78;110084;739;0.859;1786.83;EUR
18/05/2024;HH_Prog_Display_Havesaeson_202405;4261.46;89762;368;0.786;5005.61;DKK
11/07/2023;HH_Prog_Video_Alm_202307;1366.62;193998;758;0.711;1856.84;EUR
22/01/2025;HH_Prog_Display_Alm_202501;1335.51;123333;914;0.605;1778.94;EUR
16/05/2025;HAVEHJ_Prog_Video_Havesaeson_202505_kopi;54846.81;613539;3740;0.688;127387.19;DKK
30/07/2023;Havehjornet_Prog_Video_Alm_202307;6115.28;159193;374;0.647;8606.83;DKK
01/07/2024;HH_Prog_Video_Alm_202407;11227.07;274927;1002;0.775;29070.29;DKK
01/03/2025;HAVEHJ_Prog_Display_Alm_202503;8770.63;102180;710;0.63;9463.10;DKK
05/09/2023;HAVEHJ_Prog_Video_Alm_202309;3889.03;577515;3420;0.589;8075.41;EUR
16/11/2023;HAVEHJ_Prog_Video_BlackFriday_202311;47858.06;876147;4787;0.844;88307.36;DKK
03/04/2022;Havehjornet_Prog_Display_Havesaeson_202204;716.42;72600;479;0.673;620.11;EUR
22/01/2025;HAVEHJ_Prog_Video_Alm_202501;28270.82;413340;1495;0.857;58227.29;DKK
05/12/2022;Havehjornet_Prog_Display_Jul_202212_kopi;1689.67;36298;145;0.884;1731.41;DKK
09/09/2024;HH_Prog_Display_Alm_202409;7397.34;135961;487;0.886;6006.65;DKK
23/01/2023;HAVEHJ_Prog_Display_Alm_202301;2905.67;459848;1514;0.733;2542.81;EUR
16/09/2023;HH_Prog_Video_Alm_202309;28524.44;500734;2795;0.614;53197.80;DKK
11/09/2022;Havehjornet_Prog_Display_Alm_202209;6428.80;131016;382;0.671;8210.00;DKK
04/04/2023;HH_Prog_Video_Havesaeson_202304;34597.76;876668;1780;0.581;68385.40;DKK
19/09/2025;HAVEHJ_Prog_Display_Alm_202509;1696.79;184508;691;0.784;2232.76;EUR
10/08/2022;HH_Prog_Video_Alm_202208;4374.75;503262;3521;0.798;5789.44;EUR
17/06/2025;Havehjornet_Prog_Video_Havesaeson_202506;19917.20;387909;1082;0.6;31248.35;DKK
31/01/2022;Havehjornet_Prog_Display_Alm_202201;2307.51;375961;1308;0.811;3196.62;EUR
10/11/2024;Havehjornet_Prog_Display_BlackFriday_202411;9767.92;167643;671;0.853;11177.02;DKK
13/03/2024;hh_dk_Prog_Display_Alm_202403;1178.65;148486;738;0.733;1522.41;EUR
12/07/2023;hh_dk_Prog_Video_Alm_202307_kopi;15481.56;480421;1110;0.742;37480.65;DKK
14/07/2024;Havehjornet_Prog_Video_Alm_202407;5095.66;150552;547;0.772;18587.22;DKK
21/01/2025;Havehjornet_Prog_Video_Alm_202501;10441.76;215596;552;0.576;19481.60;DKK
27/02/2024;Havehjornet_Prog_Display_Alm_202402;2040.32;347641;1703;0.705;3054.87;EUR
17/02/2024;hh_dk_Prog_Display_Alm_202402;17977.28;265701;1617;0.855;14896.05;DKK
10/03/2022;HAVEHJ_Prog_Video_Alm_202203;8172.26;245244;558;0.686;10306.09;DKK
29/07/2022;hh_dk_Prog_Display_Alm_202207;1055.71;124354;593;0.855;1013.52;EUR
08/04/2022;HH_Prog_Video_Havesaeson_202204;29881.67;450316;3168;0.583;58425.81;DKK
21/08/2023;Havehjornet_Prog_Display_Alm_202308;20502.48;536763;1488;0.655;22653.52;DKK
12/09/2025;Havehjornet_Prog_Display_Alm_202509;18237.00;234038;1214;0.551;18737.95;DKK
08/10/2022;HH_Prog_Display_Alm_202210_kopi;18476.71;316753;955;0.551;19106.55;DKK
14/09/2024;hh_dk_Prog_Display_Alm_202409;684.05;76691;576;0.667;599.17;EUR
12/05/2023;hh_dk_Prog_Display_Havesaeson_202305_kopi;9222.19;150172;949;0.897;11398.83;DKK
27/02/2022;HAVEHJ_Prog_Display_Alm_202202_kopi;16426.11;234491;1515;0.78;17225.48;DKK
08/10/2023;HAVEHJ_Prog_Video_Alm_202310_kopi;14751.05;398533;897;0.615;24453.60;DKK
22/09/2025;HAVEHJ_Prog_Display_Alm_202509;11370.88;155986;1216;0.788;10162.29;DKK
13/06/2022;hh_dk_Prog_Video_Havesaeson_202206;40228.42;542942;2776;0.848;66445.66;DKK
28/06/2024;Havehjornet_Prog_Video_Havesaeson_202406;23080.14;338251;1781;0.735;48329.18;DKK
19/08/2025;Havehjornet_Prog_Video_Alm_202508;26462.01;336579;1567;0.835;55036.91;DKK
10/05/2025;hh_dk_Prog_Display_Havesaeson_202505;10739.22;245931;1275;0.863;12570.21;DKK
27/09/2022;HH_Prog_Display_Alm_202209;1229.10;158910;745;0.589;1165.03;EUR
03/08/2024;HH_Prog_Video_Alm_202408;9539.61;110223;639;0.849;20564.53;DKK
30/07/2022;HAVEHJ_Prog_Video_Alm_202207;10628.03;241414;585;0.653;20884.85;DKK
13/02/2025;hh_dk_Prog_Display_Alm_202502;8565.59;105145;785;0.881;9801.89;DKK
06/02/2024;Havehjornet_Prog_Display_Alm_202402;20062.59;236790;1043;0.712;17212.67;DKK
25/06/2022;HH_Prog_Video_Havesaeson_202206;43719.32;812175;2481;0.652;92413.86;DKK
23/12/2025;hh_dk_Prog_Video_Jul_202512;12350.72;313150;884;0.865;34621.42;DKK
27/05/2025;HAVEHJ_Prog_Display_Havesaeson_202505;15393.07;279411;925;0.578;24741.31;DKK
11/05/2025;HH_Prog_Display_Havesaeson_202505;12457.77;395680;695;0.827;15826.22;DKK
19/03/2025;HAVEHJ_Prog_Video_Alm_202503;3620.41;67639;287;0.882;7522.04;DKK
19/02/2025;HAVEHJ_Prog_Video_Alm_202502;22003.38;517695;1245;0.694;35495.62;DKK
30/06/2025;HAVEHJ_Prog_Display_Havesaeson_202506;2348.15;340468;1002;0.806;2779.33;EUR
17/01/2023;HAVEHJ_Prog_Display_Alm_202301;14882.22;314335;1067;0.802;11558.61;DKK
26/06/2025;Havehjornet_Prog_Video_Havesaeson_202506_kopi;14595.83;186691;873;0.82;21063.37;DKK
23/07/2022;hh_dk_Prog_Video_Alm_202207;10880.81;206461;595;0.603;21039.17;DKK
28/04/2024;HH_Prog_Display_Havesaeson_202404;4240.53;590366;2552;0.778;5335.46;EUR
09/01/2023;HH_Prog_Display_Alm_202301;13371.92;215111;1266;0.749;16028.70;DKK
09/05/2023;HAVEHJ_Prog_Display_Havesaeson_202305;7640.10;161519;657;0.835;9081.37;DKK
13/01/2025;HH_Prog_Display_Alm_202501_kopi;12084.19;321359;1015;0.593;14121.62;DKK
31/08/2024;Havehjornet_Prog_Video_Alm_202408;10573.40;255137;611;0.709;23197.78;DKK
04/11/2023;HH_Prog_Video_BlackFriday_202311;23930.10;464987;1251;0.786;45902.71;DKK
12/02/2025;HH_Prog_Video_Alm_202502;10304.79;144275;518;0.857;28542.65;DKK
06/06/2024;Havehjornet_Prog_Display_Havesaeson_202406;11244.72;141371;850;0.819;16809.34;DKK
25/06/2023;HAVEHJ_Prog_Display_Havesaeson_202306;16543.86;434651;1184;0.765;28064.23;DKK
01/12/2023;HH_Prog_Display_Jul_202312;7012.44;164285;421;0.696;8068.31;DKK
08/07/2022;HH_Prog_Display_Alm_202207;11840.58;170277;708;0.859;12322.73;DKK
29/04/2025;Havehjornet_Prog_Video_Havesaeson_202504;51490.03;1005946;2605;0.621;87051.84;DKK
15/04/2025;Havehjornet_Prog_Video_Havesaeson_202504;7349.72;117569;684;0.87;15556.89;DKK
18/01/2022;HH_Prog_Video_Alm_202201;7390.55;217864;376;0.695;12254.05;DKK
28/12/2025;HH_Prog_Display_Jul_202512;30765.02;501781;2303;0.629;28295.17;DKK
15/08/2024;HAVEHJ_Prog_Display_Alm_202408;15429.41;207620;828;0.566;16620.32;DKK
05/12/2025;HH_Prog_Display_Jul_202512;12367.69;241603;961;0.845;15764.20;DKK
01/07/2022;Havehjornet_Prog_Display_Alm_202207;15957.26;355799;1311;0.636;17326.40;DKK
17/04/2024;hh_dk_Prog_Display_Havesaeson_202404;22756.02;270385;2063;0.832;20385.08;DKK
22/07/2025;HAVEHJ_Prog_Display_Alm_202507;30047.50;561073;2009;0.725;46048.47;DKK
19/11/2023;Havehjornet_Prog_Video_BlackFriday_202311;15533.85;433399;1413;0.819;27794.17;DKK
17/03/2024;HH_Prog_Display_Alm_202403;20055.54;265804;1931;0.615;28440.73;DKK
03/11/2024;HH_Prog_Display_BlackFriday_202411;14029.74;166639;1020;0.751;17014.20;DKK
02/03/2022;hh_dk_Prog_Display_Alm_202203;4822.85;90121;583;0.737;5221.70;DKK
27/03/2023;Havehjornet_Prog_Display_Alm_202303;14164.01;286367;909;0.748;16926.68;DKK
19/06/2022;Havehjornet_Prog_Video_Havesaeson_202206;15277.85;270145;978;0.577;28448.53;DKK
14/11/2022;HH_Prog_Display_BlackFriday_202211;24548.17;339192;2283;0.614;22779.99;DKK
22/11/2025;Havehjornet_Prog_Video_BlackFriday_202511;32633.38;753749;1633;0.639;46359.25;DKK
17/12/2023;Havehjornet_Prog_Display_Jul_202312;6667.57;75690;719;0.726;6151.62;DKK
27/01/2023;hh_dk_Prog_Display_Alm_202301;11993.38;133847;791;0.673;10542.44;DKK
14/11/2025;HH_Prog_Video_BlackFriday_202511;39993.00;625048;2290;0.836;94084.34;DKK
07/11/2025;Havehjornet_Prog_Display_BlackFriday_202511;19877.76;245971;1040;0.823;32048.56;DKK
14/10/2023;hh_dk_Prog_Video_Alm_202310;7764.42;151592;795;0.789;14917.52;DKK
06/07/2025;HAVEHJ_Prog_Display_Alm_202507;11936.06;192142;1096;0.806;21219.61;DKK
12/08/2025;HAVEHJ_Prog_Display_Alm_202508;4708.26;71930;518;0.84;4927.56;DKK
26/02/2025;HAVEHJ_Prog_Display_Alm_202502;4679.32;97224;371;0.844;4187.41;DKK
02/05/2023;HAVEHJ_Prog_Display_Havesaeson_202305;17165.15;351478;924;0.76;18347.21;DKK
18/11/2022;HAVEHJ_Prog_Video_BlackFriday_202211;19352.47;640063;2181;0.693;39061.40;DKK
22/08/2025;HH_Prog_Display_Alm_202508;19123.10;294466;1301;0.777;28054.20;DKK
22/11/2023;hh_dk_Prog_Display_BlackFriday_202311;14522.00;382878;1741;0.655;19151.26;DKK
04/12/2022;Havehjornet_Prog_Video_Jul_202212;51018.33;814995;6316;0.743;73775.24;DKK
30/06/2024;HAVEHJ_Prog_Video_Havesaeson_202406;17964.90;212646;1578;0.608;34283.46;DKK
16/08/2025;HH_Prog_Display_Alm_202508;10307.63;186606;735;0.851;15983.22;DKK
12/10/2024;Havehjornet_Prog_Display_Alm_202410;7661.38;97891;858;0.811;9367.62;DKK
19/12/2024;hh_dk_Prog_Video_Jul_202412;53823.07;805230;2740;0.705;90684.91;DKK
16/05/2022;Havehjornet_Prog_Display_Havesaeson_202205;9265.29;264718;937;0.841;9479.64;DKK
13/12/2022;hh_dk_Prog_Display_Jul_202212_kopi;4999.31;80080;321;0.83;4627.34;DKK
16/12/2022;HAVEHJ_Prog_Video_Jul_202212;11630.99;359954;961;0.609;20504.94;DKK
18/09/2023;hh_dk_Prog_Display_Alm_202309;24569.98;403301;1527;0.716;24036.63;DKK
17/09/2022;HH_Prog_Display_Alm_202209_kopi;13348.33;254458;673;0.861;19608.17;DKK
26/06/2024;Havehjornet_Prog_Display_Havesaeson_202406;9673.24;161893;575;0.838;11423.02;DKK
31/12/2024;HAVEHJ_Prog_Video_Jul_202412;51291.75;697319;4360;0.82;93062.66;DKK
14/10/2022;HH_Prog_Video_Alm_202210_kopi;11484.99;197109;909;0.608;22082.88;DKK
14/03/2022;hh_dk_Prog_Display_Alm_202203;11786.27;184465;1313;0.582;14405.68;DKK
07/04/2023;HAVEHJ_Prog_Video_Havesaeson_202304;16979.03;366997;920;0.855;28379.47;DKK
02/08/2022;HH_Prog_Video_Alm_202208;8915.73;112333;800;0.656;24512.67;DKK
20/03/2023;HH_Prog_Display_Alm_202303;6335.46;83978;695;0.82;7996.89;DKK
03/08/2024;hh_dk_Prog_Display_Alm_202408;8235.88;242887;446;0.575;10016.35;DKK
23/06/2025;HAVEHJ_Prog_Video_Havesaeson_202506;35872.27;474688;3082;0.845;54861.29;DKK
18/08/2023;Havehjornet_Prog_Display_Alm_202308_kopi;19405.72;243921;1601;0.735;28091.41;DKK
18/06/2023;hh_dk_Prog_Video_Havesaeson_202306;29511.57;345772;1577;0.776;56141.93;DKK
28/01/2023;Havehjornet_Prog_Video_Alm_202301;57329.18;1514029;4162;0.899;136867.47;DKK
10/07/2024;hh_dk_Prog_Display_Alm_202407;16948.33;290299;980;0.68;20817.07;DKK
07/09/2022;HAVEHJ_Prog_Display_Alm_202209;8662.04;180097;740;0.619;10844.90;DKK
20/04/2023;HH_Prog_Video_Havesaeson_202304;17328.15;370577;1473;0.835;35293.85;DKK
04/03/2022;Havehjornet_Prog_Video_Alm_202203;16046.68;464150;1586;0.884;21314.36;DKK
11/02/2025;HAVEHJ_Prog_Display_Alm_202502;13124.09;218556;669;0.682;15922.42;DKK
21/11/2025;hh_dk_Prog_Display_BlackFriday_202511;8047.99;114038;684;0.627;10263.24;DKK
17/03/2023;HH_Prog_Display_Alm_202303;9473.86;106870;912;0.765;11531.04;DKK
11/11/2025;hh_dk_Prog_Display_BlackFriday_202511_kopi;7810.55;127690;687;0.634;9580.77;DKK
22/08/2025;Havehjornet_Prog_Video_Alm_202508;17031.77;249073;1508;0.659;34351.01;DKK
23/04/2022;hh_dk_Prog_Display_Havesaeson_202204;20557.60;242389;2360;0.721;21252.76;DKK
27/06/2024;HAVEHJ_Prog_Video_Havesaeson_202406;24184.08;283140;2678;0.661;47530.00;DKK
15/11/2022;hh_dk_Prog_Video_BlackFriday_202211;50504.02;1402357;3423;0.676;73358.00;DKK
16/05/2023;HH_Prog_Video_Havesaeson_202305;24653.53;281119;2476;0.891;46730.35;DKK
07/08/2022;hh_dk_Prog_Video_Alm_202208;9003.03;116686;563;0.725;16043.78;DKK
17/05/2023;HH_Prog_Video_Havesaeson_202305;13800.83;417510;698;0.816;23831.59;DKK
26/07/2024;HAVEHJ_Prog_Display_Alm_202407;27150.01;727096;2217;0.585;22495.08;DKK
14/07/2022;HH_Prog_Video_Alm_202207;12488.75;357365;1311;0.866;18257.91;DKK
22/03/2023;HH_Prog_Video_Alm_202303;16863.84;524200;1780;0.683;33219.48;DKK
24/12/2022;hh_dk_Prog_Display_Jul_202212;13732.99;225809;938;0.782;15885.27;DKK
26/04/2023;hh_dk_Prog_Display_Havesaeson_202304;16157.51;287486;1820;0.577;14566.98;DKK
18/02/2023;HAVEHJ_Prog_Display_Alm_202302;40579.95;781576;2353;0.755;46382.99;DKK
23/12/2023;hh_dk_Prog_Video_Jul_202312;26213.23;533949;2212;0.703;53381.52;DKK
27/06/2022;hh_dk_Prog_Display_Havesaeson_202206;8196.78;112148;1010;0.726;8977.06;DKK
17/09/2025;HAVEHJ_Prog_Video_Alm_202509;13629.86;170089;723;0.829;25240.24;DKK
03/01/2026;HH_Prog_Display_Alm_202601;18866.96;350110;951;0.6;17848.94;DKK
19/12/2023;hh_dk_Prog_Video_Jul_202312;2997.17;551219;1842;0.888;5283.54;EUR
06/03/2023;Havehjornet_Prog_Video_Alm_202303;5964.01;96631;366;0.854;9741.69;DKK
06/08/2023;hh_dk_Prog_Video_Alm_202308;11968.38;209248;677;0.846;32500.78;DKK
25/06/2023;HAVEHJ_Prog_Video_Havesaeson_202306;26085.92;832809;1436;0.738;38329.86;DKK
22/12/2023;hh_dk_Prog_Video_Jul_202312;2470.82;315873;1159;0.787;5582.89;EUR
28/04/2022;HH_Prog_Video_Havesaeson_202204;12772.37;212420;949;0.606;26948.20;DKK
21/06/2024;HH_Prog_Video_Havesaeson_202406;18228.12;521874;1519;0.895;31266.10;DKK
20/02/2025;Havehjornet_Prog_Display_Alm_202502_kopi;3451.33;342283;2441;0.619;3056.73;EUR
02/06/2025;hh_dk_Prog_Display_Havesaeson_202506;1500.63;191384;567;0.882;1327.03;EUR
27/11/2023;Havehjornet_Prog_Display_BlackFriday_202311;12830.74;166709;758;0.596;16383.40;DKK
05/12/2022;hh_dk_Prog_Video_Jul_202212;62844.25;713721;7574;0.82;117024.91;DKK
10/02/2023;Havehjornet_Prog_Video_Alm_202302;1889.99;215719;889;0.828;3961.86;EUR
03/01/2025;HH_Prog_Display_Alm_202501;11060.55;218956;591;0.623;14899.18;DKK
25/05/2023;Havehjornet_Prog_Video_Havesaeson_202305;27149.67;350573;1558;0.877;58295.01;DKK
23/03/2022;Havehjornet_Prog_Video_Alm_202203;22819.29;294905;2058;0.78;45143.07;DKK
01/10/2025;HAVEHJ_Prog_Display_Alm_202510;4385.39;56237;257;0.715;5348.54;DKK
05/03/2022;Havehjornet_Prog_Video_Alm_202203;28523.48;338465;1520;0.758;44817.41;DKK
16/11/2025;HH_Prog_Display_BlackFriday_202511;18404.34;326355;923;0.583;23567.31;DKK
15/07/2023;Havehjornet_Prog_Display_Alm_202307;9782.29;128871;1073;0.603;9335.16;DKK
30/11/2023;Havehjornet_Prog_Video_BlackFriday_202311;42443.67;594379;3688;0.609;52326.85;DKK
15/04/2023;HAVEHJ_Prog_Video_Havesaeson_202304;25681.16;308110;2721;0.69;57937.90;DKK
12/12/2024;Havehjornet_Prog_Display_Jul_202412;8188.04;117142;479;0.554;12705.91;DKK
19/06/2022;hh_dk_Prog_Display_Havesaeson_202206;4667.49;822558;3569;0.626;6091.01;EUR
23/10/2022;HH_Prog_Video_Alm_202210_kopi;63472.57;1221000;4661;0.62;120050.53;DKK
01/10/2023;hh_dk_Prog_Video_Alm_202310_kopi;19908.11;524363;1714;0.561;33208.62;DKK
22/09/2023;HAVEHJ_Prog_Video_Alm_202309;7601.06;88378;882;0.817;15849.44;DKK
20/08/2022;Havehjornet_Prog_Display_Alm_202208;1512.72;316729;606;0.552;2120.29;EUR
16/04/2023;HH_Prog_Display_Havesaeson_202304;21845.99;277065;1537;0.712;22440.02;DKK
03/09/2022;HAVEHJ_Prog_Display_Alm_202209;8324.24;130579;882;0.898;11649.05;DKK
16/07/2024;Havehjornet_Prog_Display_Alm_202407;10396.33;161979;694;0.745;13122.90;DKK
04/04/2025;HH_Prog_Video_Havesaeson_202504;3699.87;83367;230;0.881;8199.72;DKK
30/08/2024;Havehjornet_Prog_Display_Alm_202408;2335.59;398518;1267;0.621;3630.02;EUR
22/07/2023;hh_dk_Prog_Video_Alm_202307;8318.24;117371;892;0.802;15164.85;DKK
11/03/2024;HH_Prog_Video_Alm_202403;2167.09;333999;1465;0.704;4638.16;EUR
07/07/2024;HH_Prog_Display_Alm_202407;8085.11;97807;575;0.855;5892.70;DKK
01/08/2025;Havehjornet_Prog_Display_Alm_202508;21086.75;309577;1060;0.791;21524.89;DKK
22/01/2024;hh_dk_Prog_Video_Alm_202401;15816.87;178645;1294;0.883;28894.38;DKK
12/05/2022;Havehjornet_Prog_Display_Havesaeson_202205;1018.91;128362;529;0.831;1061.58;EUR
29/11/2023;HH_Prog_Display_BlackFriday_202311;11587.76;191907;1056;0.898;16302.32;DKK
18/11/2025;Havehjornet_Prog_Display_BlackFriday_202511;8145.83;91537;499;0.701;12064.56;DKK
30/04/2022;hh_dk_Prog_Display_Havesaeson_202204;7885.34;102854;646;0.717;7729.82;DKK
01/06/2025;HAVEHJ_Prog_Display_Havesaeson_202506;6323.64;77766;476;0.595;7426.91;DKK
18/05/2022;Havehjornet_Prog_Display_Havesaeson_202205;10086.48;127925;876;0.606;9642.87;DKK
09/02/2025;HH_Prog_Display_Alm_202502;21269.01;316825;1502;0.551;27622.09;DKK
21/03/2022;HAVEHJ_Prog_Video_Alm_202203;9892.03;160496;600;0.847;19455.83;DKK
27/01/2023;HAVEHJ_Prog_Video_Alm_202301;9415.80;123665;582;0.831;16492.63;DKK
08/02/2025;HH_Prog_Video_Alm_202502;17212.85;192571;1038;0.88;22088.19;DKK
20/06/2023;HAVEHJ_Prog_Video_Havesaeson_202306;19695.36;342473;1464;0.866;43005.06;DKK
16/08/2022;hh_dk_Prog_Video_Alm_202208;12111.42;137131;1315;0.773;34899.91;DKK
19/10/2024;HAVEHJ_Prog_Display_Alm_202410;2417.91;317686;1197;0.779;1993.82;EUR
02/12/2022;HH_Prog_Video_Jul_202212;75342.34;1693523;3797;0.627;223159.75;DKK
27/12/2025;HH_Prog_Video_Jul_202512_kopi;23104.14;339251;1276;0.589;39680.46;DKK
07/02/2024;hh_dk_Prog_Display_Alm_202402;7757.35;97977;473;0.656;9656.67;DKK
20/10/2024;HH_Prog_Video_Alm_202410;1525.20;27841;177;0.891;3865.57;DKK
16/05/2024;HH_Prog_Display_Havesaeson_202405;21852.93;680583;1370;0.837;17999.40;DKK
23/12/2024;hh_dk_Prog_Video_Jul_202412_kopi;9178.19;133219;471;0.707;18226.19;DKK
09/10/2025;hh_dk_Prog_Video_Alm_202510;18934.08;247497;2097;0.634;41023.86;DKK
25/12/2025;HAVEHJ_Prog_Video_Jul_202512_kopi;31894.42;485520;1934;0.834;62986.31;DKK
09/09/2023;HAVEHJ_Prog_Display_Alm_202309;12799.18;161906;1125;0.742;11779.45;DKK
06/09/2023;HAVEHJ_Prog_Display_Alm_202309;17604.99;303387;1269;0.836;21743.02;DKK
03/08/2022;HH_Prog_Video_Alm_202208;12949.79;217779;742;0.879;29396.18;DKK
22/04/2025;HH_Prog_Video_Havesaeson_202504_kopi;29523.64;729886;2075;0.665;63229.70;DKK
13/01/2024;HAVEHJ_Prog_Video_Alm_202401;44906.99;560266;3883;0.645;73082.04;DKK
25/01/2023;HAVEHJ_Prog_Display_Alm_202301;12923.83;182663;1511;0.883;13638.92;DKK
02/07/2024;Havehjornet_Prog_Display_Alm_202407;11309.48;174323;613;0.581;13090.85;DKK
12/04/2023;HH_Prog_Display_Havesaeson_202304;18510.73;264518;1463;0.767;16532.50;DKK
25/01/2023;Havehjornet_Prog_Video_Alm_202301;18451.39;219198;1546;0.79;35015.23;DKK
20/10/2024;HH_Prog_Display_Alm_202410;19067.34;634521;1260;0.771;26708.70;DKK
22/02/2024;hh_dk_Prog_Display_Alm_202402;12403.41;149779;1390;0.742;16051.50;DKK
10/07/2025;HAVEHJ_Prog_Display_Alm_202507;7381.76;165449;467;0.857;8487.85;DKK
05/03/2025;HH_Prog_Video_Alm_202503;5220.72;61853;417;0.664;9819.07;DKK
25/03/2025;HH_Prog_Display_Alm_202503;17055.06;347281;1530;0.635;18975.24;DKK
17/05/2025;HAVEHJ_Prog_Video_Havesaeson_202505;1897.56;219692;1582;0.551;4212.43;EUR
18/04/2022;HH_Prog_Display_Havesaeson_202204;12233.47;190790;804;0.666;19508.44;DKK
20/11/2024;hh_dk_Prog_Display_BlackFriday_202411;1227.82;149040;944;0.699;1820.81;EUR
25/10/2023;HH_Prog_Video_Alm_202310;30030.78;825688;3706;0.845;79813.01;DKK
22/08/2024;HH_Prog_Video_Alm_202408;31949.20;399910;1750;0.894;69326.35;DKK
23/11/2023;HAVEHJ_Prog_Display_BlackFriday_202311;20132.75;300493;1290;0.668;12876.67;DKK
08/06/2023;HH_Prog_Display_Havesaeson_202306;7694.32;145319;466;0.899;9624.39;DKK
06/09/2022;Havehjornet_Prog_Video_Alm_202209;60966.88;731458;3237;0.774;106166.63;DKK
04/02/2023;HH_Prog_Display_Alm_202302;15502.80;201165;1012;0.62;14671.84;DKK
22/02/2023;hh_dk_Prog_Display_Alm_202302;13147.79;302848;673;0.65;16173.49;DKK
24/04/2024;HH_Prog_Display_Havesaeson_202404;7803.18;115779;537;0.616;9577.75;DKK
12/12/2023;HH_Prog_Video_Jul_202312;4322.84;497087;1754;0.862;7834.06;EUR
05/07/2025;hh_dk_Prog_Display_Alm_202507;16229.37;213540;1138;0.679;15600.04;DKK
29/09/2025;hh_dk_Prog_Display_Alm_202509;9406.66;110342;798;0.613;11051.96;DKK
06/04/2023;Havehjornet_Prog_Video_Havesaeson_202304;17273.56;198388;1026;0.694;38445.90;DKK
25/08/2022;Havehjornet_Prog_Video_Alm_202208;17241.63;324982;1059;0.817;33869.57;DKK
27/12/2023;HH_Prog_Display_Jul_202312;21576.36;384666;2630;0.675;28823.63;DKK
10/04/2022;HAVEHJ_Prog_Display_Havesaeson_202204;8046.65;149685;594;0.664;7187.18;DKK
21/09/2025;Havehjornet_Prog_Display_Alm_202509;12288.33;177907;680;0.781;12985.46;DKK
01/12/2024;Havehjornet_Prog_Display_Jul_202412;7492.97;97211;432;0.554;6005.49;DKK
08/10/2024;HAVEHJ_Prog_Video_Alm_202410;4044.35;463236;1836;0.666;6984.57;EUR
20/01/2023;Havehjornet_Prog_Video_Alm_202301;24801.60;281321;1644;0.573;36820.67;DKK
26/04/2025;hh_dk_Prog_Display_Havesaeson_202504;2421.28;534439;1312;0.562;2334.16;EUR
12/05/2022;HH_Prog_Video_Havesaeson_202205;12005.79;195662;870;0.736;24843.33;DKK
25/08/2024;hh_dk_Prog_Video_Alm_202408;21490.91;687105;2121;0.629;30994.20;DKK
13/06/2025;hh_dk_Prog_Video_Havesaeson_202506;21239.05;292597;1312;0.657;35552.84;DKK
12/07/2024;hh_dk_Prog_Display_Alm_202407;1537.23;307418;1119;0.631;1573.97;EUR
14/12/2025;hh_dk_Prog_Video_Jul_202512;27301.98;648356;1876;0.653;69304.00;DKK
28/07/2023;HAVEHJ_Prog_Display_Alm_202307;12524.61;324834;732;0.825;16526.36;DKK
15/07/2022;hh_dk_Prog_Display_Alm_202207;27232.48;716447;2475;0.79;28404.89;DKK
01/11/2022;HAVEHJ_Prog_Display_BlackFriday_202211;1384.90;137663;626;0.887;1879.09;EUR
22/11/2024;hh_dk_Prog_Video_BlackFriday_202411;28241.00;541501;1520;0.583;45396.45;DKK
06/09/2024;HAVEHJ_Prog_Display_Alm_202409;18302.54;237812;1985;0.807;21888.17;DKK
17/12/2023;HAVEHJ_Prog_Video_Jul_202312_kopi;26499.47;316358;2733;0.781;42213.31;DKK
04/04/2023;hh_dk_Prog_Display_Havesaeson_202304;9562.36;150990;1135;0.58;7697.22;DKK
28/09/2025;Havehjornet_Prog_Display_Alm_202509;9728.99;120936;856;0.736;10041.02;DKK
13/10/2025;HH_Prog_Video_Alm_202510;36669.11;919914;3956;0.626;60763.88;DKK
04/11/2023;HH_Prog_Display_BlackFriday_202311;18399.30;442495;1350;0.612;27815.19;DKK
21/12/2022;HH_Prog_Display_Jul_202212;19214.78;457826;1670;0.847;21997.41;DKK
22/01/2022;Havehjornet_Prog_Display_Alm_202201;2168.78;231321;1595;0.614;2610.94;EUR
09/03/2024;HH_Prog_Video_Alm_202403;14501.13;365387;1182;0.676;22605.54;DKK
25/07/2025;Havehjornet_Prog_Display_Alm_202507;651.10;66424;392;0.84;821.50;EUR
30/05/2024;HH_Prog_Display_Havesaeson_202405;13973.42;276383;1090;0.81;16356.73;DKK
05/02/2023;hh_dk_Prog_Video_Alm_202302;28848.18;738779;2465;0.856;47140.06;DKK
29/08/2025;HAVEHJ_Prog_Video_Alm_202508;3603.24;585949;1932;0.796;6543.10;EUR
14/11/2024;HAVEHJ_Prog_Video_BlackFriday_202411;44117.36;957140;3563;0.88;140479.10;DKK
13/05/2022;hh_dk_Prog_Display_Havesaeson_202205;12284.59;362673;671;0.566;9613.46;DKK
01/06/2024;HAVEHJ_Prog_Video_Havesaeson_202406;3624.37;512868;1360;0.583;9432.25;EUR
26/04/2024;Havehjornet_Prog_Video_Havesaeson_202404;67718.07;777308;7854;0.691;167434.03;DKK
29/11/2022;hh_dk_Prog_Display_BlackFriday_202211;18405.67;211518;1103;0.831;28700.92;DKK
02/09/2024;HAVEHJ_Prog_Display_Alm_202409;20088.73;363543;1163;0.575;25872.07;DKK
23/03/2025;HAVEHJ_Prog_Video_Alm_202503;11085.05;135005;1059;0.711;25780.03;DKK
17/12/2022;HAVEHJ_Prog_Display_Jul_202212;1268.56;143151;543;0.58;1796.33;EUR
01/11/2023;Havehjornet_Prog_Display_BlackFriday_202311;21568.35;368476;2537;0.749;21299.42;DKK
21/04/2023;hh_dk_Prog_Display_Havesaeson_202304;21595.14;241047;2111;0.797;33609.83;DKK
07/03/2022;HH_Prog_Video_Alm_202203;11455.24;201963;893;0.56;24071.12;DKK
24/08/2025;HAVEHJ_Prog_Display_Alm_202508;18449.64;614922;1030;0.667;23331.60;DKK
06/02/2023;hh_dk_Prog_Display_Alm_202302;14346.64;196518;1522;0.641;19835.00;DKK
11/04/2022;HAVEHJ_Prog_Video_Havesaeson_202204;32419.56;711623;2665;0.875;53818.76;DKK
18/10/2024;HH_Prog_Video_Alm_202410;12559.61;383078;1215;0.731;23588.78;DKK
17/07/2025;hh_dk_Prog_Video_Alm_202507;10164.25;167450;918;0.704;23277.80;DKK
15/02/2023;hh_dk_Prog_Video_Alm_202302;13313.91;175787;707;0.878;14909.42;DKK
18/06/2025;hh_dk_Prog_Display_Havesaeson_202506;6645.60;123301;469;0.674;6683.84;DKK
17/10/2023;Havehjornet_Prog_Video_Alm_202310;13188.99;153806;1343;0.689;25127.36;DKK
12/10/2025;Havehjornet_Prog_Display_Alm_202510;15550.79;256193;1430;0.713;19548.12;DKK
30/06/2024;hh_dk_Prog_Display_Havesaeson_202406;1898.27;186708;1284;0.849;1792.72;EUR
17/11/2024;Havehjornet_Prog_Display_BlackFriday_202411;25361.45;686027;1341;0.718;37465.08;DKK
13/01/2022;HAVEHJ_Prog_Video_Alm_202201;11192.58;362800;954;0.812;19618.92;DKK
09/11/2023;HAVEHJ_Prog_Video_BlackFriday_202311;24627.31;318694;2609;0.681;46272.90;DKK
26/07/2023;HAVEHJ_Prog_Display_Alm_202307;16213.15;219512;1071;0.687;21309.45;DKK
14/07/2025;HAVEHJ_Prog_Video_Alm_202507;665.57;65654;413;0.649;1456.51;EUR
15/06/2022;Havehjornet_Prog_Video_Havesaeson_202206_kopi;2254.06;279176;1131;0.888;3623.17;EUR
28/05/2023;HAVEHJ_Prog_Display_Havesaeson_202305;16132.54;264139;1086;0.645;17352.30;DKK
18/03/2022;HAVEHJ_Prog_Video_Alm_202203;5832.26;108568;600;0.857;12244.70;DKK
14/05/2025;hh_dk_Prog_Display_Havesaeson_202505;6141.32;97643;433;0.836;7135.71;DKK
14/07/2023;hh_dk_Prog_Display_Alm_202307_kopi;22776.58;360483;2053;0.66;24965.96;DKK
20/12/2023;Havehjornet_Prog_Video_Jul_202312;38648.81;898952;2064;0.707;80357.57;DKK
30/04/2025;hh_dk_Prog_Display_Havesaeson_202504;27738.50;561570;1430;0.845;37763.30;DKK
16/12/2024;HH_Prog_Display_Jul_202412;4715.09;54445;415;0.896;5263.83;DKK
15/10/2025;HAVEHJ_Prog_Display_Alm_202510_kopi;1880.35;36470;165;0.701;2652.59;DKK
17/05/2023;hh_dk_Prog_Display_Havesaeson_202305;13376.89;368834;1306;0.86;19409.07;DKK
14/05/2023;HAVEHJ_Prog_Display_Havesaeson_202305;19462.75;234802;1399;0.595;20565.80;DKK
11/01/2023;hh_dk_Prog_Video_Alm_202301;20864.61;573005;1455;0.609;38198.43;DKK
04/11/2025;HH_Prog_Video_BlackFriday_202511;51057.81;1430004;4207;0.695;122570.10;DKK
07/08/2025;Havehjornet_Prog_Video_Alm_202508;21949.07;331232;1288;0.765;29663.46;DKK
28/03/2022;HAVEHJ_Prog_Display_Alm_202203_kopi;12941.70;252762;1498;0.603;13776.92;DKK
02/09/2022;Havehjornet_Prog_Display_Alm_202209;1267.16;182633;993;0.813;1182.57;EUR
11/04/2025;hh_dk_Prog_Display_Havesaeson_202504;12095.79;279777;1228;0.73;15904.40;DKK
05/02/2022;HH_Prog_Video_Alm_202202;12749.18;230610;1114;0.556;23361.27;DKK
06/01/2022;hh_dk_Prog_Video_Alm_202201;10080.06;204489;627;0.875;23493.18;DKK
08/02/2023;HAVEHJ_Prog_Display_Alm_202302;2759.46;630669;1357;0.891;2614.85;EUR
29/01/2023;HAVEHJ_Prog_Video_Alm_202301;20003.34;314949;1161;0.817;38877.53;DKK
08/10/2022;HH_Prog_Video_Alm_202210;15896.70;441671;1029;0.641;31585.42;DKK
27/10/2022;hh_dk_Prog_Display_Alm_202210;9312.77;103820;474;0.81;10026.83;DKK
18/05/2024;hh_dk_Prog_Video_Havesaeson_202405;40962.71;759069;3069;0.719;61124.35;DKK
07/11/2023;Havehjornet_Prog_Display_BlackFriday_202311;2189.09;229486;1398;0.754;3278.25;EUR
04/05/2022;Havehjornet_Prog_Display_Havesaeson_202205;2183.60;459085;1792;0.898;2329.58;EUR
11/10/2024;HAVEHJ_Prog_Display_Alm_202410;25621.27;593179;1875;0.572;20901.01;DKK
02/12/2024;hh_dk_Prog_Display_Jul_202412;1281.39;157715;526;0.753;1608.85;EUR
04/10/2024;HH_Prog_Display_Alm_202410;14974.68;271008;932;0.686;15349.19;DKK
21/02/2023;hh_dk_Prog_Video_Alm_202302;21578.41;401089;2602;0.871;44705.00;DKK
15/02/2022;HAVEHJ_Prog_Display_Alm_202202;11746.58;194971;1320;0.845;16114.27;DKK
12/04/2022;HAVEHJ_Prog_Display_Havesaeson_202204;19585.42;269233;1131;0.812;26305.24;DKK
23/12/2023;hh_dk_Prog_Display_Jul_202312;16530.87;532418;1064;0.745;26752.27;DKK
02/12/2022;hh_dk_Prog_Display_Jul_202212;14756.93;193325;1351;0.607;17579.54;DKK
05/09/2025;HH_Prog_Display_Alm_202509;14404.37;160099;739;0.737;17214.45;DKK
03/06/2025;Havehjornet_Prog_Video_Havesaeson_202506_kopi;1232.49;202310;802;0.803;2940.67;EUR
26/04/2022;hh_dk_Prog_Display_Havesaeson_202204;1926.92;36803;111;0.811;2802.63;DKK
15/01/2024;HH_Prog_Display_Alm_202401;1167.97;127690;546;0.584;2107.90;EUR
15/04/2023;hh_dk_Prog_Display_Havesaeson_202304;10041.13;131628;1121;0.791;10895.56;DKK
24/01/2025;Havehjornet_Prog_Display_Alm_202501;1354.19;114511;518;0.688;1718.85;EUR
01/06/2022;HAVEHJ_Prog_Video_Havesaeson_202206;27640.82;911082;2793;0.641;66399.78;DKK
15/03/2023;hh_dk_Prog_Video_Alm_202303;27990.99;781105;2889;0.793;62327.53;DKK
20/09/2022;HAVEHJ_Prog_Video_Alm_202209;48509.13;916501;3087;0.78;90978.41;DKK
23/03/2023;HAVEHJ_Prog_Display_Alm_202303;15774.59;222734;1391;0.567;13612.10;DKK
15/02/2025;Havehjornet_Prog_Video_Alm_202502;2491.92;254691;1001;0.687;4746.38;EUR
04/08/2024;HH_Prog_Video_Alm_202408;11213.08;346165;712;0.639;17774.20;DKK
09/04/2024;hh_dk_Prog_Video_Havesaeson_202404;11888.90;144789;1456;0.811;21135.05;DKK
14/02/2022;Havehjornet_Prog_Display_Alm_202202;4243.77;108971;286;0.677;4614.92;DKK
05/08/2024;hh_dk_Prog_Video_Alm_202408;14144.49;201919;718;0.672;26338.59;DKK
22/03/2024;hh_dk_Prog_Video_Alm_202403;1527.95;137695;1209;0.743;2350.10;EUR
17/04/2023;HAVEHJ_Prog_Display_Havesaeson_202304_kopi;34714.09;729690;2887;0.721;36783.44;DKK
22/06/2025;HH_Prog_Display_Havesaeson_202506;14943.42;347716;1413;0.879;12672.96;DKK
12/03/2023;Havehjornet_Prog_Video_Alm_202303;25885.55;325561;2478;0.784;49485.87;DKK
12/12/2023;HAVEHJ_Prog_Display_Jul_202312;20475.73;489289;1122;0.651;21836.09;DKK
08/06/2025;Havehjornet_Prog_Video_Havesaeson_202506;13908.78;369698;1068;0.807;25935.83;DKK
20/07/2025;Havehjornet_Prog_Video_Alm_202507;4547.97;54327;418;0.889;7545.57;DKK
22/12/2024;HAVEHJ_Prog_Display_Jul_202412;6764.98;78991;638;0.724;6653.39;DKK
21/03/2023;HAVEHJ_Prog_Display_Alm_202303;9504.30;116654;710;0.663;12834.13;DKK
07/09/2025;HH_Prog_Video_Alm_202509;14833.81;201970;791;0.551;22337.45;DKK
28/05/2022;HH_Prog_Display_Havesaeson_202205;10337.82;221362;531;0.828;9458.00;DKK
09/08/2024;hh_dk_Prog_Video_Alm_202408;13549.73;265939;1161;0.711;21760.22;DKK
24/09/2023;HH_Prog_Display_Alm_202309;8932.25;114543;587;0.8;11373.66;DKK
02/02/2025;HAVEHJ_Prog_Display_Alm_202502;8915.04;101564;612;0.88;10360.55;DKK
19/04/2025;HAVEHJ_Prog_Video_Havesaeson_202504_kopi;28041.92;926547;3198;0.867;37972.15;DKK
29/09/2022;Havehjornet_Prog_Video_Alm_202209;11724.61;264955;1079;0.677;22990.37;DKK
01/09/2024;HAVEHJ_Prog_Display_Alm_202409;17342.48;230474;947;0.845;17065.82;DKK
03/06/2024;Havehjornet_Prog_Video_Havesaeson_202406;14603.65;302805;767;0.663;28149.72;DKK
03/06/2022;hh_dk_Prog_Display_Havesaeson_202206;3553.52;59417;272;0.808;4115.45;DKK
21/02/2025;HH_Prog_Video_Alm_202502;1877.69;216369;1617;0.89;2924.03;EUR
23/06/2024;hh_dk_Prog_Display_Havesaeson_202406;15025.41;173959;1139;0.784;14461.40;DKK
07/02/2024;HAVEHJ_Prog_Video_Alm_202402;38204.38;1225659;3157;0.836;49551.12;DKK
27/12/2025;hh_dk_Prog_Display_Jul_202512_kopi;17177.99;515827;1285;0.788;19247.28;DKK
28/12/2025;hh_dk_Prog_Video_Jul_202512;11052.27;129097;858;0.856;25039.24;DKK
17/02/2023;HAVEHJ_Prog_Video_Alm_202302;33027.01;500926;1827;0.682;79202.99;DKK
20/11/2022;HH_Prog_Video_BlackFriday_202211;4494.74;1007290;2216;0.666;6813.31;EUR
02/09/2025;Havehjornet_Prog_Display_Alm_202509;16744.58;531529;1504;0.814;18608.51;DKK
10/08/2025;HH_Prog_Video_Alm_202508;12090.56;190888;1250;0.813;17783.53;DKK
25/11/2025;HH_Prog_Display_BlackFriday_202511;2053.60;257688;1787;0.884;2974.97;EUR
18/11/2023;Havehjornet_Prog_Video_BlackFriday_202311;24575.77;320172;1343;0.892;39825.55;DKK
31/01/2022;Havehjornet_Prog_Video_Alm_202201;2326.23;402477;1025;0.635;4604.02;EUR
16/07/2025;Havehjornet_Prog_Video_Alm_202507;6718.45;142080;802;0.815;15735.32;DKK
17/02/2024;hh_dk_Prog_Video_Alm_202402;20402.66;254159;1101;0.681;39725.33;DKK
26/10/2025;HH_Prog_Display_Alm_202510;8087.04;123702;463;0.845;10321.40;DKK
08/07/2022;hh_dk_Prog_Video_Alm_202207;16797.87;254266;1588;0.613;35276.20;DKK
02/11/2022;Havehjornet_Prog_Video_BlackFriday_202211;15214.71;455666;1020;0.818;36173.63;DKK
02/11/2024;Havehjornet_Prog_Display_BlackFriday_202411;1099.59;101355;510;0.79;1234.57;EUR
19/08/2025;HAVEHJ_Prog_Display_Alm_202508;1628.69;172583;955;0.554;2128.98;EUR
10/10/2023;HH_Prog_Display_Alm_202310;6468.64;125561;454;0.647;7346.71;DKK
16/07/2024;HAVEHJ_Prog_Video_Alm_202407;10230.29;244944;1012;0.807;24277.69;DKK
17/07/2022;HH_Prog_Display_Alm_202207;13261.98;165815;727;0.751;12189.60;DKK
08/05/2022;Havehjornet_Prog_Video_Havesaeson_202205;38743.01;496907;1982;0.596;61549.31;DKK
10/01/2024;hh_dk_Prog_Video_Alm_202401;1842.27;178236;778;0.712;3292.63;EUR
12/09/2025;HAVEHJ_Prog_Video_Alm_202509;27491.84;310381;1393;0.712;55836.14;DKK
30/09/2024;Havehjornet_Prog_Video_Alm_202409;33092.46;720373;2437;0.804;60288.08;DKK
04/03/2023;Havehjornet_Prog_Display_Alm_202303;6330.33;184765;681;0.589;9890.21;DKK
04/08/2022;Havehjornet_Prog_Display_Alm_202208;12928.17;369838;773;0.765;16437.16;DKK
17/11/2023;HAVEHJ_Prog_Display_BlackFriday_202311;13021.91;209651;902;0.638;16359.05;DKK
13/02/2022;HH_Prog_Display_Alm_202202;26489.77;321721;2262;0.716;26705.85;DKK
13/08/2025;hh_dk_Prog_Video_Alm_202508;22518.43;299517;1365;0.81;66098.70;DKK
21/06/2025;hh_dk_Prog_Display_Havesaeson_202506;4926.00;149994;525;0.835;5683.02;DKK
22/08/2022;hh_dk_Prog_Video_Alm_202208;7211.13;141268;368;0.78;12523.00;DKK
07/04/2022;HH_Prog_Display_Havesaeson_202204;5629.23;74579;396;0.809;7129.31;DKK
13/08/2023;HH_Prog_Display_Alm_202308;9402.97;127087;568;0.749;9678.65;DKK
29/01/2022;HH_Prog_Display_Alm_202201;4276.00;561383;1738;0.864;5518.64;EUR
10/12/2024;HAVEHJ_Prog_Display_Jul_202412_kopi;14785.63;218534;1371;0.735;20636.40;DKK
16/03/2023;HH_Prog_Video_Alm_202303_kopi;6590.37;127648;350;0.81;11301.16;DKK
05/08/2022;Havehjornet_Prog_Display_Alm_202208;7522.34;100666;538;0.561;9272.90;DKK
25/08/2025;hh_dk_Prog_Display_Alm_202508;9567.70;172678;770;0.644;9707.76;DKK
14/10/2025;HH_Prog_Video_Alm_202510;33462.70;526298;2404;0.604;78404.93;DKK
21/09/2023;Havehjornet_Prog_Display_Alm_202309;9114.72;264985;605;0.889;13086.39;DKK
16/12/2023;HH_Prog_Display_Jul_202312;15723.46;234190;1123;0.695;22929.78;DKK
25/02/2022;Havehjornet_Prog_Video_Alm_202202;22722.69;467836;2585;0.827;37768.24;DKK
04/09/2023;HAVEHJ_Prog_Display_Alm_202309;7401.51;106598;485;0.686;7759.70;DKK
10/09/2023;HH_Prog_Video_Alm_202309;27844.48;456975;1416;0.556;56508.37;DKK
25/03/2023;hh_dk_Prog_Video_Alm_202303;12559.78;408950;1188;0.681;20647.23;DKK
07/10/2023;HH_Prog_Video_Alm_202310;17982.39;207866;909;0.627;38711.07;DKK
26/06/2022;Havehjornet_Prog_Video_Havesaeson_202206;20886.89;417891;1851;0.864;32794.90;DKK
30/12/2022;Havehjornet_Prog_Display_Jul_202212_kopi;11212.45;200486;1308;0.872;16270.74;DKK
13/04/2023;HAVEHJ_Prog_Display_Havesaeson_202304;3572.98;43216;205;0.693;4297.98;DKK
23/09/2022;Havehjornet_Prog_Video_Alm_202209;18736.02;601885;2049;0.852;49414.66;DKK
25/04/2022;HH_Prog_Video_Havesaeson_202204;32751.99;552609;3972;0.689;75365.74;DKK
06/11/2025;Havehjornet_Prog_Video_BlackFriday_202511;12460.62;341128;867;0.737;25968.04;DKK
11/06/2022;HH_Prog_Display_Havesaeson_202206;7346.50;206217;414;0.637;8643.54;DKK
25/04/2023;HAVEHJ_Prog_Video_Havesaeson_202304;49416.94;609795;2809;0.553;104688.97;DKK
24/10/2023;hh_dk_Prog_Video_Alm_202310;20832.44;343402;1904;0.588;30913.21;DKK
30/08/2023;HH_Prog_Display_Alm_202308;16794.80;221868;1454;0.638;17471.38;DKK
05/10/2024;HAVEHJ_Prog_Video_Alm_202410;2865.01;641903;2420;0.74;5832.86;EUR
27/07/2024;HH_Prog_Video_Alm_202407;5827.92;68153;622;0.875;10754.95;DKK
15/10/2023;Havehjornet_Prog_Video_Alm_202310;21171.46;333072;1777;0.751;49222.37;DKK
13/06/2022;Havehjornet_Prog_Display_Havesaeson_202206;15806.69;192243;859;0.653;19589.07;DKK
28/01/2025;Havehjornet_Prog_Video_Alm_202501;54042.25;1009796;5787;0.753;105025.22;DKK
06/07/2024;hh_dk_Prog_Video_Alm_202407;24379.30;335368;1305;0.867;47816.14;DKK
13/03/2024;hh_dk_Prog_Video_Alm_202403;11670.36;272223;1223;0.852;24865.43;DKK
11/04/2024;HAVEHJ_Prog_Display_Havesaeson_202404;4922.24;74726;261;0.709;7656.84;DKK
27/04/2022;hh_dk_Prog_Video_Havesaeson_202204;21305.79;540200;1129;0.594;47647.70;DKK
30/09/2024;HAVEHJ_Prog_Display_Alm_202409;7449.13;171295;607;0.725;11628.84;DKK
16/03/2024;HAVEHJ_Prog_Display_Alm_202403_kopi;17665.40;515029;1426;0.891;15207.89;DKK
26/06/2023;hh_dk_Prog_Display_Havesaeson_202306;7081.03;78823;823;0.728;8943.46;DKK
17/04/2023;HH_Prog_Video_Havesaeson_202304_kopi;16118.11;216583;867;0.806;36870.45;DKK
19/06/2024;hh_dk_Prog_Display_Havesaeson_202406;17576.60;312917;1542;0.668;29937.43;DKK
31/12/2025;HAVEHJ_Prog_Display_Jul_202512;2480.47;501678;2268;0.649;2941.40;EUR
22/07/2022;HAVEHJ_Prog_Video_Alm_202207_kopi;19375.00;284752;1242;0.706;58901.04;DKK
11/05/2024;HAVEHJ_Prog_Video_Havesaeson_202405;36978.64;660135;2326;0.874;57383.52;DKK
21/12/2025;Havehjornet_Prog_Display_Jul_202512;16398.29;211403;949;0.858;17383.12;DKK
12/11/2023;Havehjornet_Prog_Display_BlackFriday_202311;11628.36;280678;1008;0.765;16681.36;DKK
27/06/2023;HAVEHJ_Prog_Video_Havesaeson_202306;32165.55;657525;1664;0.868;72160.56;DKK
20/02/2025;HAVEHJ_Prog_Video_Alm_202502;14172.82;187587;871;0.727;26170.79;DKK
08/04/2023;Havehjornet_Prog_Display_Havesaeson_202304;3289.18;348494;1656;0.606;5324.79;EUR
17/08/2022;HH_Prog_Display_Alm_202208;2674.86;399139;1157;0.6;3264.08;EUR
16/01/2023;hh_dk_Prog_Display_Alm_202301_kopi;25361.52;567074;1270;0.886;23784.82;DKK
29/10/2023;HAVEHJ_Prog_Display_Alm_202310;1838.98;270916;828;0.647;2187.90;EUR
24/05/2023;Havehjornet_Prog_Video_Havesaeson_202305_kopi;4080.21;571132;1835;0.84;7288.38;EUR
22/12/2025;Havehjornet_Prog_Video_Jul_202512;19343.03;591799;1377;0.764;45549.83;DKK
16/10/2022;hh_dk_Prog_Display_Alm_202210;9556.44;138009;994;0.646;11103.96;DKK
13/04/2024;Havehjornet_Prog_Video_Havesaeson_202404;12320.44;214708;794;0.772;25388.90;DKK
15/11/2023;hh_dk_Prog_Video_BlackFriday_202311;70110.00;1706011;5226;0.554;152194.45;DKK
27/03/2024;Havehjornet_Prog_Video_Alm_202403;14907.49;340673;746;0.861;27097.50;DKK
03/09/2024;hh_dk_Prog_Display_Alm_202409;13215.93;154360;1362;0.628;15318.10;DKK
29/09/2024;HAVEHJ_Prog_Video_Alm_202409;1466.30;163568;665;0.83;4656.73;EUR
30/04/2024;HAVEHJ_Prog_Display_Havesaeson_202404;10221.29;240016;1121;0.658;13848.40;DKK
19/09/2023;Havehjornet_Prog_Display_Alm_202309;8856.16;164698;680;0.642;8789.10;DKK
17/09/2022;HH_Prog_Video_Alm_202209;19656.18;407863;1831;0.836;32423.06;DKK
11/08/2023;HAVEHJ_Prog_Video_Alm_202308_kopi;11249.39;190476;762;0.765;26025.03;DKK
26/08/2022;hh_dk_Prog_Video_Alm_202208;19940.10;500581;1536;0.684;37197.97;DKK
21/01/2024;HAVEHJ_Prog_Display_Alm_202401;4364.97;136038;536;0.553;3827.04;DKK
28/02/2025;Havehjornet_Prog_Display_Alm_202502_kopi;27299.69;452790;3199;0.741;38725.57;DKK
27/07/2022;HAVEHJ_Prog_Video_Alm_202207;1512.60;355989;959;0.66;1990.54;EUR
03/08/2023;Havehjornet_Prog_Video_Alm_202308;16105.77;332949;1357;0.568;26462.89;DKK
23/01/2024;hh_dk_Prog_Video_Alm_202401;14851.78;310596;794;0.777;30865.76;DKK
09/06/2022;HAVEHJ_Prog_Display_Havesaeson_202206;10007.16;216473;903;0.875;11861.28;DKK
15/12/2023;hh_dk_Prog_Video_Jul_202312;4142.63;370634;2731;0.797;8966.06;EUR
17/06/2023;HAVEHJ_Prog_Video_Havesaeson_202306;18299.89;355412;918;0.685;34516.87;DKK
05/04/2023;HAVEHJ_Prog_Video_Havesaeson_202304;27806.24;349395;3342;0.55;50668.95;DKK
24/04/2022;Havehjornet_Prog_Video_Havesaeson_202204;34735.92;1119635;3952;0.723;80320.15;DKK
11/02/2022;Havehjornet_Prog_Video_Alm_202202;28413.08;335575;2266;0.712;48366.53;DKK
21/11/2022;HH_Prog_Video_BlackFriday_202211;39014.22;477091;1991;0.632;47271.77;DKK
09/07/2024;hh_dk_Prog_Display_Alm_202407;8727.43;204665;530;0.675;11842.02;DKK
22/09/2024;hh_dk_Prog_Video_Alm_202409;11050.66;210466;894;0.882;23971.96;DKK
04/03/2023;HAVEHJ_Prog_Video_Alm_202303_kopi;3581.14;376322;1534;0.724;6645.39;EUR
22/11/2025;HH_Prog_Display_BlackFriday_202511;10175.51;163232;604;0.665;12810.69;DKK
23/05/2023;hh_dk_Prog_Video_Havesaeson_202305;44586.33;609223;3601;0.729;86173.13;DKK
08/07/2025;Havehjornet_Prog_Video_Alm_202507;1322.97;127185;1127;0.692;2848.37;EUR
16/04/2022;HH_Prog_Video_Havesaeson_202204;36205.65;563397;2059;0.635;41222.57;DKK
01/09/2025;Havehjornet_Prog_Video_Alm_202509;29434.36;731123;1783;0.708;58807.80;DKK
06/08/2023;HH_Prog_Display_Alm_202308;6590.27;92922;767;0.556;5532.04;DKK
19/04/2022;Havehjornet_Prog_Video_Havesaeson_202204;14552.94;179875;930;0.632;21762.47;DKK
24/11/2025;HH_Prog_Display_BlackFriday_202511;8966.65;194219;485;0.885;8671.92;DKK
24/10/2022;HAVEHJ_Prog_Display_Alm_202210;26405.47;760967;1873;0.677;36473.76;DKK
21/03/2025;HAVEHJ_Prog_Video_Alm_202503;40760.41;486106;3263;0.703;85648.96;DKK
06/12/2023;HH_Prog_Display_Jul_202312;11538.91;135823;864;0.737;9762.50;DKK
30/10/2024;Havehjornet_Prog_Video_Alm_202410;52675.80;1019014;5019;0.614;104213.84;DKK
11/09/2024;hh_dk_Prog_Display_Alm_202409;17461.55;331446;1184;0.672;20217.12;DKK
08/09/2025;hh_dk_Prog_Display_Alm_202509;16991.03;343936;1928;0.823;20292.99;DKK
28/10/2025;hh_dk_Prog_Video_Alm_202510;24087.31;367936;1561;0.862;62049.05;DKK
07/09/2023;hh_dk_Prog_Display_Alm_202309;33484.44;554580;1855;0.656;27613.60;DKK
26/12/2024;HAVEHJ_Prog_Video_Jul_202412;82641.52;1536988;5346;0.875;140645.74;DKK
21/01/2023;Havehjornet_Prog_Display_Alm_202301_kopi;10329.96;220195;700;0.797;15069.85;DKK
02/07/2024;HH_Prog_Video_Alm_202407;1974.47;195158;1248;0.77;4175.23;EUR
20/09/2022;hh_dk_Prog_Display_Alm_202209;7039.55;174786;416;0.579;7954.46;DKK
08/03/2025;HAVEHJ_Prog_Display_Alm_202503;1386.10;214850;589;0.612;1802.14;EUR
29/09/2025;hh_dk_Prog_Video_Alm_202509;3323.54;347043;1301;0.85;5449.42;EUR
14/04/2023;HAVEHJ_Prog_Video_Havesaeson_202304;12016.20;168627;1207;0.707;27941.47;DKK
12/10/2023;HAVEHJ_Prog_Display_Alm_202310_kopi;19546.67;249975;1558;0.561;21450.33;DKK
25/04/2022;HH_Prog_Display_Havesaeson_202204;15547.64;350737;790;0.896;22019.04;DKK
23/10/2024;hh_dk_Prog_Display_Alm_202410;8506.58;233105;757;0.64;5452.46;DKK
05/03/2022;HH_Prog_Display_Alm_202203;10160.24;303802;853;0.653;10144.03;DKK
23/01/2022;Havehjornet_Prog_Video_Alm_202201;11405.44;158614;969;0.8;19745.66;DKK
19/02/2024;Havehjornet_Prog_Video_Alm_202402;19585.69;316346;1995;0.736;34500.37;DKK
06/12/2023;Havehjornet_Prog_Video_Jul_202312;4376.88;529324;1769;0.697;10916.35;EUR
18/03/2025;hh_dk_Prog_Display_Alm_202503;1310.90;138079;554;0.882;1940.29;EUR
14/01/2025;Havehjornet_Prog_Video_Alm_202501;3449.58;473864;2095;0.804;6506.16;EUR
01/12/2024;HAVEHJ_Prog_Video_Jul_202412;5367.43;620546;4149;0.704;10527.29;EUR
03/12/2024;hh_dk_Prog_Video_Jul_202412;24066.34;295648;1278;0.599;51465.81;DKK
15/07/2023;HAVEHJ_Prog_Video_Alm_202307;1628.60;360236;663;0.745;2594.13;EUR
25/12/2024;hh_dk_Prog_Display_Jul_202412;29293.22;486533;2046;0.808;31972.83;DKK
06/01/2023;HAVEHJ_Prog_Display_Alm_202301;1440.34;223322;542;0.602;1564.19;EUR
14/11/2023;hh_dk_Prog_Video_BlackFriday_202311;15169.94;221127;813;0.891;35914.79;DKK
18/11/2025;hh_dk_Prog_Video_BlackFriday_202511;40911.61;461724;2133;0.897;85924.68;DKK
05/04/2023;hh_dk_Prog_Display_Havesaeson_202304;10771.35;170319;1263;0.607;13584.87;DKK
11/11/2022;HAVEHJ_Prog_Display_BlackFriday_202211;13997.53;173470;1329;0.621;14856.31;DKK
26/12/2025;hh_dk_Prog_Video_Jul_202512_kopi;2663.56;378661;1269;0.84;4145.76;EUR
07/02/2025;Havehjornet_Prog_Display_Alm_202502;10196.84;119895;600;0.719;11509.15;DKK
23/09/2022;Havehjornet_Prog_Display_Alm_202209;8649.86;163024;646;0.687;10510.08;DKK
27/04/2023;HAVEHJ_Prog_Video_Havesaeson_202304;41728.50;611307;3192;0.858;85601.04;DKK
05/06/2022;HH_Prog_Display_Havesaeson_202206;6699.05;124581;454;0.67;6071.26;DKK
26/04/2022;HAVEHJ_Prog_Video_Havesaeson_202204;34229.67;1090708;1864;0.633;60337.08;DKK
07/03/2024;HAVEHJ_Prog_Video_Alm_202403;30641.97;822308;2492;0.676;67890.69;DKK
24/04/2023;Havehjornet_Prog_Display_Havesaeson_202304;7619.97;94264;492;0.859;12138.62;DKK
24/10/2025;HH_Prog_Display_Alm_202510;2043.28;194847;1294;0.556;1967.95;EUR
28/06/2023;HAVEHJ_Prog_Display_Havesaeson_202306;6218.27;116049;621;0.563;6208.49;DKK
11/07/2022;hh_dk_Prog_Display_Alm_202207;8691.79;243609;791;0.703;12636.28;DKK
13/02/2023;HH_Prog_Display_Alm_202302;20015.47;251725;1777;0.742;23532.35;DKK
08/01/2025;HAVEHJ_Prog_Video_Alm_202501;59400.93;1502918;3464;0.711;109911.10;DKK
02/04/2023;HAVEHJ_Prog_Video_Havesaeson_202304;36305.88;579454;3706;0.699;74708.01;DKK
17/10/2024;Havehjornet_Prog_Display_Alm_202410;10961.96;216406;897;0.772;11762.09;DKK
01/10/2024;HAVEHJ_Prog_Display_Alm_202410_kopi;8454.03;234337;527;0.66;9053.47;DKK
28/07/2025;HH_Prog_Display_Alm_202507;9499.07;152763;734;0.645;12534.12;DKK
30/01/2022;hh_dk_Prog_Display_Alm_202201_kopi;14755.95;181134;1279;0.646;18737.28;DKK
02/03/2024;HH_Prog_Display_Alm_202403;1764.92;295531;800;0.686;1551.89;EUR
30/11/2024;HH_Prog_Video_BlackFriday_202411;50184.88;1412839;5219;0.674;56177.15;DKK
30/07/2025;HAVEHJ_Prog_Display_Alm_202507;11993.75;204464;657;0.83;10208.90;DKK
19/03/2022;HH_Prog_Display_Alm_202203;10556.52;120604;617;0.582;12814.99;DKK
14/12/2022;HAVEHJ_Prog_Display_Jul_202212;2058.17;204489;1230;0.659;2179.65;EUR
16/07/2022;Havehjornet_Prog_Display_Alm_202207;2137.56;260643;1211;0.614;2575.60;EUR
11/04/2024;HH_Prog_Video_Havesaeson_202404;29351.38;389743;1834;0.889;84269.52;DKK
14/08/2023;Havehjornet_Prog_Display_Alm_202308;11055.12;137590;1307;0.703;14811.52;DKK
06/11/2022;HH_Prog_Video_BlackFriday_202211;12765.66;353538;1578;0.689;25355.58;DKK
19/10/2025;hh_dk_Prog_Display_Alm_202510;12704.98;159787;842;0.867;20286.08;DKK
19/08/2023;HH_Prog_Video_Alm_202308;25893.14;306912;1361;0.752;44517.45;DKK
13/07/2024;HAVEHJ_Prog_Display_Alm_202407_kopi;12143.23;159605;1015;0.698;14039.40;DKK
28/06/2022;Havehjornet_Prog_Video_Havesaeson_202206;3274.62;412522;2926;0.796;6069.37;EUR
24/06/2024;HAVEHJ_Prog_Display_Havesaeson_202406;688.97;89282;548;0.793;747.62;EUR
09/01/2022;Havehjornet_Prog_Video_Alm_202201;10118.39;191876;1225;0.622;14306.69;DKK
01/03/2024;HH_Prog_Video_Alm_202403_kopi;28703.12;417206;1589;0.781;61805.69;DKK
11/06/2025;hh_dk_Prog_Video_Havesaeson_202506;13850.47;204213;1007;0.707;32001.60;DKK
22/08/2022;HH_Prog_Display_Alm_202208;9630.56;260683;492;0.893;7877.61;DKK
18/10/2025;HH_Prog_Video_Alm_202510;17208.03;218443;1253;0.781;21418.69;DKK
20/03/2024;Havehjornet_Prog_Video_Alm_202403_kopi;18237.26;260404;2007;0.741;38965.74;DKK
12/12/2022;HAVEHJ_Prog_Display_Jul_202212;12596.19;262037;831;0.861;17005.62;DKK
21/10/2023;HH_Prog_Display_Alm_202310;2269.49;284567;1325;0.865;1875.66;EUR
10/10/2022;Havehjornet_Prog_Video_Alm_202210;15217.73;211624;1066;0.682;31429.50;DKK
05/03/2025;HAVEHJ_Prog_Display_Alm_202503;2467.60;244841;1706;0.675;2524.84;EUR
19/04/2023;HAVEHJ_Prog_Display_Havesaeson_202304;14241.42;228307;1544;0.691;14590.23;DKK
08/04/2025;hh_dk_Prog_Display_Havesaeson_202504;5913.59;122337;595;0.846;9076.48;DKK
16/04/2024;HAVEHJ_Prog_Display_Havesaeson_202404;8466.62;137911;779;0.755;10531.59;DKK
28/07/2023;Havehjornet_Prog_Video_Alm_202307;1415.61;211790;910;0.868;2903.81;EUR
28/08/2024;HAVEHJ_Prog_Video_Alm_202408;15031.67;244749;1568;0.787;22320.20;DKK
07/05/2024;HAVEHJ_Prog_Display_Havesaeson_202405;11040.90;198839;769;0.608;17374.57;DKK
10/05/2024;HH_Prog_Video_Havesaeson_202405;51351.87;710425;2642;0.755;109332.11;DKK
10/01/2022;Havehjornet_Prog_Video_Alm_202201;7675.25;124027;826;0.865;14088.08;DKK
29/10/2025;HAVEHJ_Prog_Display_Alm_202510;10077.37;127674;936;0.821;10490.26;DKK
25/06/2025;HH_Prog_Display_Havesaeson_202506;9753.10;108677;543;0.591;14077.80;DKK
21/11/2022;Havehjornet_Prog_Display_BlackFriday_202211;25355.45;326848;2713;0.877;33585.20;DKK
04/11/2024;HH_Prog_Video_BlackFriday_202411;21607.96;246015;2631;0.766;43865.65;DKK
18/09/2023;HH_Prog_Video_Alm_202309;28782.11;867543;2582;0.87;47157.68;DKK
17/01/2025;HH_Prog_Video_Alm_202501;14154.70;220358;1140;0.815;25267.81;DKK
08/06/2024;hh_dk_Prog_Display_Havesaeson_202406;6070.21;71766;737;0.578;7594.56;DKK
12/09/2022;Havehjornet_Prog_Display_Alm_202209;14046.29;184097;1040;0.587;18018.27;DKK
28/03/2023;HAVEHJ_Prog_Display_Alm_202303;18554.87;567210;1820;0.741;24443.92;DKK
19/10/2022;hh_dk_Prog_Display_Alm_202210;23020.39;523959;1898;0.669;37817.44;DKK
11/10/2025;HH_Prog_Video_Alm_202510;10475.06;294668;740;0.76;22922.85;DKK
28/11/2024;hh_dk_Prog_Video_BlackFriday_202411;25901.25;410512;1620;0.599;62766.59;DKK
22/10/2022;Havehjornet_Prog_Display_Alm_202210;16193.75;322502;1048;0.573;13983.96;DKK
18/06/2023;HH_Prog_Display_Havesaeson_202306;9638.27;110699;673;0.55;11773.77;DKK
04/05/2024;HH_Prog_Video_Havesaeson_202405;37872.27;421172;2633;0.792;79846.35;DKK
08/08/2023;Havehjornet_Prog_Video_Alm_202308;1473.98;266755;1374;0.688;2722.18;EUR
07/08/2023;HH_Prog_Video_Alm_202308;9443.11;152934;1161;0.69;22760.41;DKK
22/06/2022;Havehjornet_Prog_Video_Havesaeson_202206;57221.82;1104115;3090;0.857;138227.00;DKK
07/07/2024;hh_dk_Prog_Video_Alm_202407_kopi;1451.42;207188;832;0.652;2750.95;EUR
14/03/2025;HAVEHJ_Prog_Display_Alm_202503;1314.19;287699;1063;0.702;1403.91;EUR
18/01/2025;HH_Prog_Display_Alm_202501_kopi;15098.64;183374;821;0.806;17279.56;DKK
20/08/2025;HAVEHJ_Prog_Video_Alm_202508;34054.20;812410;1715;0.832;53246.20;DKK
16/01/2022;hh_dk_Prog_Display_Alm_202201;10501.22;282137;928;0.899;12507.50;DKK
14/07/2023;HAVEHJ_Prog_Video_Alm_202307;7209.86;81602;526;0.613;17412.78;DKK
18/10/2023;HAVEHJ_Prog_Video_Alm_202310;20979.77;280908;2088;0.765;39300.82;DKK
29/03/2024;HH_Prog_Video_Alm_202403;13484.72;179023;703;0.702;24527.84;DKK
01/02/2025;hh_dk_Prog_Display_Alm_202502;1770.51;231141;940;0.735;1750.09;EUR
01/05/2024;HH_Prog_Display_Havesaeson_202405;9413.99;203185;597;0.807;10680.39;DKK
26/03/2023;HAVEHJ_Prog_Video_Alm_202303;22078.76;289244;2357;0.59;43874.67;DKK
04/06/2024;HAVEHJ_Prog_Video_Havesaeson_202406;32164.44;1069962;1843;0.565;44166.83;DKK
21/09/2025;Havehjornet_Prog_Video_Alm_202509;22067.32;374771;1140;0.774;55555.67;DKK
31/03/2025;HH_Prog_Video_Alm_202503;26856.13;312523;2341;0.843;49211.37;DKK
15/01/2023;Havehjornet_Prog_Display_Alm_202301;12540.37;233429;792;0.553;17719.69;DKK
02/12/2023;HAVEHJ_Prog_Video_Jul_202312;14236.43;203553;1626;0.735;27346.83;DKK
12/12/2025;HH_Prog_Display_Jul_202512;4499.93;58252;374;0.749;7079.97;DKK
25/05/2025;hh_dk_Prog_Video_Havesaeson_202505;29410.95;697663;1923;0.852;54390.77;DKK
28/02/2024;HAVEHJ_Prog_Video_Alm_202402;4114.09;46966;297;0.884;8689.00;DKK
11/08/2025;Havehjornet_Prog_Display_Alm_202508;2116.01;203115;1822;0.792;2239.72;EUR
14/04/2022;Havehjornet_Prog_Video_Havesaeson_202204;30399.55;529585;2080;0.819;66449.16;DKK
29/04/2022;Havehjornet_Prog_Video_Havesaeson_202204;25138.45;581928;2163;0.841;52982.77;DKK
01/06/2024;HAVEHJ_Prog_Display_Havesaeson_202406;1771.21;177771;1376;0.57;2369.55;EUR
16/05/2025;HAVEHJ_Prog_Video_Havesaeson_202505_kopi;54846.81;613539;3740;0.688;127387.19;DKK
05/07/2023;Havehjornet_Prog_Video_Alm_202307;20674.90;356642;1385;0.617;33638.53;DKK
17/09/2024;HH_Prog_Video_Alm_202409;20008.73;249220;1243;0.675;34212.90;DKK
13/12/2025;HH_Prog_Video_Jul_202512;52437.82;977225;4354;0.562;115613.95;DKK
29/07/2022;HH_Prog_Video_Alm_202207;11994.38;174431;1432;0.699;21366.13;DKK
29/04/2022;hh_dk_Prog_Display_Havesaeson_202204;28135.10;763322;2737;0.817;23501.61;DKK
16/09/2022;HH_Prog_Display_Alm_202209;17418.99;385886;1955;0.868;27149.46;DKK
14/05/2022;Havehjornet_Prog_Video_Havesaeson_202205;47793.65;1486155;4463;0.81;89495.02;DKK
11/07/2022;HH_Prog_Video_Alm_202207;13061.44;304093;759;0.652;17671.01;DKK
31/12/2025;HAVEHJ_Prog_Video_Jul_202512_kopi;26359.17;365805;2882;0.624;37852.08;DKK
27/09/2024;HAVEHJ_Prog_Video_Alm_202409;2271.46;228285;1525;0.641;3246.45;EUR
05/10/2025;Havehjornet_Prog_Video_Alm_202510;19954.97;307671;1124;0.876;35973.06;DKK
19/01/2022;Havehjornet_Prog_Display_Alm_202201;11762.37;210452;1410;0.735;8842.25;DKK
15/10/2024;hh_dk_Prog_Display_Alm_202410;25519.70;332524;1612;0.748;29520.87;DKK
26/03/2022;HH_Prog_Display_Alm_202203;9315.43;214868;498;0.696;12564.56;DKK
09/06/2025;Havehjornet_Prog_Display_Havesaeson_202506;7670.47;91407;720;0.861;9149.52;DKK
31/01/2025;Havehjornet_Prog_Display_Alm_202501;8282.04;147991;825;0.737;11420.79;DKK
20/07/2025;HAVEHJ_Prog_Display_Alm_202507;5923.39;70443;313;0.871;9475.61;DKK
24/09/2022;hh_dk_Prog_Video_Alm_202209;2236.19;327180;1311;0.648;4230.73;EUR
07/03/2024;HH_Prog_Display_Alm_202403;11778.76;171445;779;0.563;15163.83;DKK
12/05/2025;HH_Prog_Display_Havesaeson_202505_kopi;17153.16;315324;1644;0.559;23480.52;DKK
03/04/2024;HAVEHJ_Prog_Display_Havesaeson_202404;15021.87;304025;853;0.739;18851.44;DKK
09/03/2022;hh_dk_Prog_Display_Alm_202203;8270.46;126722;786;0.897;9096.61;DKK
12/05/2023;HAVEHJ_Prog_Video_Havesaeson_202305;3528.79;773420;1520;0.891;6683.12;EUR
07/02/2023;Havehjornet_Prog_Display_Alm_202302_kopi;17114.02;329058;1112;0.579;19159.66;DKK
27/06/2024;HH_Prog_Display_Havesaeson_202406;25126.82;476708;1939;0.712;27581.92;DKK
02/11/2022;HH_Prog_Display_BlackFriday_202211;8941.02;148500;520;0.616;12570.46;DKK
19/11/2025;HH_Prog_Display_BlackFriday_202511;11307.08;147446;693;0.604;12407.73;DKK
13/04/2022;Havehjornet_Prog_Video_Havesaeson_202204;1593.45;193918;1002;0.603;2409.32;EUR
21/04/2023;HAVEHJ_Prog_Video_Havesaeson_202304;1984.93;280587;1413;0.797;5142.66;EUR
13/10/2022;HH_Prog_Video_Alm_202210_kopi;1312.74;147531;703;0.718;1735.92;EUR
15/08/2023;HAVEHJ_Prog_Video_Alm_202308;25744.60;608684;1930;0.793;48562.02;DKK
31/08/2023;Havehjornet_Prog_Video_Alm_202308;11907.02;195223;726;0.843;24900.44;DKK
03/10/2022;HAVEHJ_Prog_Display_Alm_202210;2884.85;346798;2071;0.64;3002.11;EUR
23/05/2024;HH_Prog_Video_Havesaeson_202405;5228.49;600595;2669;0.611;10571.26;EUR
24/02/2025;HAVEHJ_Prog_Video_Alm_202502;20320.46;248515;2019;0.777;50723.18;DKK
13/11/2022;hh_dk_Prog_Display_BlackFriday_202211;15473.98;255156;1049;0.89;20534.32;DKK
06/01/2024;HH_Prog_Display_Alm_202401;6947.29;79689;692;0.719;8497.60;DKK
14/09/2022;Havehjornet_Prog_Display_Alm_202209;6645.33;165167;643;0.793;10949.55;DKK
04/03/2024;Havehjornet_Prog_Display_Alm_202403;10464.94;216344;1140;0.694;10607.43;DKK
22/06/2023;HAVEHJ_Prog_Display_Havesaeson_202306;3474.12;371978;2924;0.796;4977.73;EUR
01/03/2024;HH_Prog_Display_Alm_202403;13779.49;157763;767;0.637;13866.56;DKK
13/12/2025;HH_Prog_Display_Jul_202512;15497.23;296866;1508;0.757;12586.58;DKK
04/05/2023;Havehjornet_Prog_Display_Havesaeson_202305;13786.08;409300;759;0.882;18486.84;DKK
18/10/2022;HAVEHJ_Prog_Video_Alm_202210;31976.10;522000;1792;0.605;61503.40;DKK
19/02/2023;hh_dk_Prog_Display_Alm_202302;7738.70;202307;444;0.656;7329.51;DKK
03/06/2023;hh_dk_Prog_Display_Havesaeson_202306;20112.74;316239;1167;0.711;20356.32;DKK
11/12/2025;hh_dk_Prog_Video_Jul_202512;22905.05;511571;2627;0.706;42415.75;DKK
09/12/2022;HAVEHJ_Prog_Display_Jul_202212;16136.54;352886;1551;0.625;20690.67;DKK
02/10/2023;HH_Prog_Display_Alm_202310;9791.68;141137;633;0.568;11565.09;DKK
19/01/2025;hh_dk_Prog_Video_Alm_202501;1170.91;158235;502;0.771;1578.84;EUR
20/06/2024;HAVEHJ_Prog_Video_Havesaeson_202406;24691.06;757414;1918;0.845;51388.83;DKK
15/05/2022;hh_dk_Prog_Display_Havesaeson_202205;20810.38;449966;1086;0.859;21784.05;DKK
07/07/2025;HAVEHJ_Prog_Display_Alm_202507;1552.72;171625;1209;0.721;1583.67;EUR
24/01/2023;hh_dk_Prog_Display_Alm_202301;6196.14;95534;412;0.875;8422.10;DKK
08/09/2025;hh_dk_Prog_Video_Alm_202509;5086.88;134589;382;0.694;7519.24;DKK
05/10/2023;hh_dk_Prog_Video_Alm_202310;1491.53;358942;623;0.696;3332.99;EUR
12/06/2022;HAVEHJ_Prog_Video_Havesaeson_202206;12373.12;144770;786;0.634;19828.40;DKK
10/08/2025;Havehjornet_Prog_Display_Alm_202508;12535.85;170475;662;0.879;10102.18;DKK
19/08/2023;HAVEHJ_Prog_Display_Alm_202308;13682.69;298785;705;0.848;16800.48;DKK
07/11/2025;HAVEHJ_Prog_Video_BlackFriday_202511;29740.01;688054;1627;0.643;60251.27;DKK
16/08/2023;HAVEHJ_Prog_Display_Alm_202308;9340.24;214878;470;0.562;8180.10;DKK
13/02/2024;hh_dk_Prog_Display_Alm_202402;2569.88;447908;1659;0.571;2675.84;EUR
16/12/2022;hh_dk_Prog_Display_Jul_202212;15600.25;183516;871;0.652;20813.44;DKK
16/08/2025;HH_Prog_Video_Alm_202508;16734.33;347156;1396;0.596;36969.01;DKK
20/07/2023;HAVEHJ_Prog_Video_Alm_202307;4649.62;100500;271;0.802;9772.53;DKK
10/04/2024;Havehjornet_Prog_Display_Havesaeson_202404;20257.67;313602;1426;0.755;16618.51;DKK
25/09/2025;Havehjornet_Prog_Video_Alm_202509_kopi;41735.03;936787;2993;0.788;72444.72;DKK
19/08/2024;Havehjornet_Prog_Video_Alm_202408;19181.76;396007;971;0.586;41748.91;DKK
11/10/2024;HAVEHJ_Prog_Video_Alm_202410;19712.64;411239;1028;0.747;38933.59;DKK
30/04/2025;hh_dk_Prog_Video_Havesaeson_202504;32107.57;884042;1943;0.561;55126.49;DKK
12/08/2023;HAVEHJ_Prog_Display_Alm_202308;10836.10;152645;593;0.898;12100.07;DKK
29/01/2024;Havehjornet_Prog_Video_Alm_202401;11353.26;206908;1118;0.584;22978.91;DKK
27/02/2023;hh_dk_Prog_Video_Alm_202302;20436.33;428898;1086;0.885;40383.25;DKK
03/05/2025;hh_dk_Prog_Video_Havesaeson_202505;32540.58;825372;3197;0.879;74910.18;DKK
08/02/2024;HH_Prog_Video_Alm_202402;12616.75;179958;787;0.706;21574.62;DKK
02/07/2022;HH_Prog_Video_Alm_202207;5368.50;103353;354;0.865;9312.39;DKK
07/11/2023;HH_Prog_Video_BlackFriday_202311;3427.52;518313;1604;0.584;5269.29;EUR
05/11/2022;hh_dk_Prog_Video_BlackFriday_202211;13688.70;339169;901;0.894;20446.15;DKK
24/07/2023;HH_Prog_Video_Alm_202307;2354.28;262646;1055;0.69;4433.07;EUR
15/03/2023;HAVEHJ_Prog_Display_Alm_202303;22709.55;630151;1310;0.871;35042.47;DKK
24/09/2024;HH_Prog_Display_Alm_202409;9518.72;168639;523;0.848;15056.24;DKK
03/10/2023;HH_Prog_Video_Alm_202310;25627.11;499258;2154;0.83;61992.81;DKK
30/09/2022;hh_dk_Prog_Video_Alm_202209;7135.53;901627;3529;0.845;13096.55;EUR
24/06/2022;Havehjornet_Prog_Display_Havesaeson_202206;10435.52;117486;650;0.643;17543.43;DKK
17/07/2022;HAVEHJ_Prog_Video_Alm_202207_kopi;5358.97;71771;312;0.815;8243.82;DKK
07/09/2024;HH_Prog_Video_Alm_202409;5602.04;809169;4272;0.891;15118.81;EUR
02/10/2024;HAVEHJ_Prog_Display_Alm_202410;8655.16;129242;588;0.891;9010.33;DKK
29/08/2023;HAVEHJ_Prog_Video_Alm_202308_kopi;26209.95;408120;1415;0.582;51161.96;DKK
16/03/2022;HAVEHJ_Prog_Video_Alm_202203;20045.92;611641;2382;0.883;25275.81;DKK
26/05/2022;Havehjornet_Prog_Video_Havesaeson_202205;14060.49;212799;757;0.674;33236.01;DKK
30/01/2022;HAVEHJ_Prog_Video_Alm_202201;12025.65;339245;1350;0.847;21897.29;DKK
04/01/2025;hh_dk_Prog_Video_Alm_202501;1832.02;341040;1547;0.827;4205.70;EUR
01/05/2022;HH_Prog_Video_Havesaeson_202205;64352.08;1272587;3317;0.56;131995.15;DKK
13/05/2024;hh_dk_Prog_Video_Havesaeson_202405;24801.20;288678;1340;0.748;38175.52;DKK
06/02/2023;Havehjornet_Prog_Video_Alm_202302;14426.13;361831;1040;0.758;33077.26;DKK
28/04/2023;HH_Prog_Display_Havesaeson_202304;10254.77;228383;664;0.774;11290.19;DKK
24/04/2025;HAVEHJ_Prog_Display_Havesaeson_202504;14990.25;384104;1370;0.808;15748.98;DKK
01/12/2025;Havehjornet_Prog_Display_Jul_202512;19432.47;356607;2189;0.768;32780.81;DKK
03/04/2024;HAVEHJ_Prog_Video_Havesaeson_202404;22852.17;608245;1428;0.569;40460.65;DKK
14/08/2023;hh_dk_Prog_Video_Alm_202308;4821.56;432562;2047;0.802;6697.97;EUR
30/06/2022;hh_dk_Prog_Display_Havesaeson_202206;17127.26;302819;1158;0.738;22879.84;DKK
10/10/2025;hh_dk_Prog_Display_Alm_202510;13225.68;231389;865;0.608;17218.71;DKK
11/09/2024;hh_dk_Prog_Video_Alm_202409;2132.58;269107;935;0.65;6354.61;EUR
07/06/2025;HH_Prog_Display_Havesaeson_202506;6368.73;116212;543;0.719;3755.36;DKK
04/09/2025;Havehjornet_Prog_Display_Alm_202509;16834.73;191636;985;0.765;16885.12;DKK
30/10/2022;HH_Prog_Video_Alm_202210;27404.05;648154;1513;0.741;38367.44;DKK
25/12/2022;hh_dk_Prog_Display_Jul_202212;3975.08;45468;206;0.768;3969.30;DKK
06/07/2022;hh_dk_Prog_Video_Alm_202207;8682.34;105696;699;0.787;16007.80;DKK
25/01/2025;Havehjornet_Prog_Display_Alm_202501;15983.90;180337;1452;0.589;24020.21;DKK
08/09/2022;HH_Prog_Video_Alm_202209;27102.76;434242;1384;0.707;41167.67;DKK
13/07/2022;Havehjornet_Prog_Display_Alm_202207;19920.79;294256;1511;0.849;29154.98;DKK
02/02/2023;hh_dk_Prog_Video_Alm_202302;17712.29;420361;1584;0.763;28593.94;DKK
17/06/2025;HH_Prog_Display_Havesaeson_202506;2584.83;214905;970;0.753;2556.33;EUR
28/09/2022;HAVEHJ_Prog_Video_Alm_202209;14720.70;178417;815;0.707;22427.87;DKK
12/04/2024;hh_dk_Prog_Display_Havesaeson_202404;9804.74;152623;623;0.87;11435.94;DKK
31/03/2022;HH_Prog_Video_Alm_202203;5727.64;67100;345;0.742;9319.39;DKK
06/10/2025;HH_Prog_Video_Alm_202510;11042.83;300608;798;0.871;16249.67;DKK
29/03/2025;Havehjornet_Prog_Video_Alm_202503;21318.35;592437;1772;0.844;39434.86;DKK
07/01/2025;HH_Prog_Video_Alm_202501;9893.89;122068;600;0.717;24516.97;DKK
06/08/2024;Havehjornet_Prog_Display_Alm_202408;14644.81;414778;1105;0.552;12679.72;DKK
23/07/2024;HAVEHJ_Prog_Display_Alm_202407_kopi;11324.61;180517;761;0.554;9434.70;DKK
25/04/2023;Havehjornet_Prog_Display_Havesaeson_202304_kopi;14206.47;407142;1126;0.693;26325.58;DKK
15/05/2024;hh_dk_Prog_Video_Havesaeson_202405;41124.67;482511;3275;0.621;50467.74;DKK
29/05/2023;HH_Prog_Display_Havesaeson_202305;8003.01;176107;524;0.853;11283.76;DKK
09/05/2022;hh_dk_Prog_Display_Havesaeson_202205;1768.30;224126;1158;0.589;2530.70;EUR
28/04/2022;Havehjornet_Prog_Display_Havesaeson_202204;10571.14;152320;823;0.668;13323.70;DKK
03/12/2025;Havehjornet_Prog_Video_Jul_202512;6368.48;728664;5773;0.874;10876.90;EUR
14/02/2023;hh_dk_Prog_Display_Alm_202302;1675.37;255563;806;0.562;1821.68;EUR
15/03/2025;hh_dk_Prog_Display_Alm_202503;10028.89;199470;970;0.621;14408.52;DKK
19/03/2023;HAVEHJ_Prog_Video_Alm_202303;9464.29;111476;802;0.662;23548.21;DKK
16/08/2022;HH_Prog_Display_Alm_202208;11770.31;134571;709;0.891;11669.54;DKK
24/10/2023;Havehjornet_Prog_Display_Alm_202310;1912.82;220594;1671;0.83;2220.04;EUR
22/04/2024;HAVEHJ_Prog_Display_Havesaeson_202404;13017.52;200170;684;0.722;14084.44;DKK
21/10/2023;HAVEHJ_Prog_Video_Alm_202310;22218.01;417710;1367;0.77;44678.13;DKK
04/02/2022;HAVEHJ_Prog_Video_Alm_202202_kopi;16318.69;393636;879;0.566;38340.15;DKK
03/02/2025;HAVEHJ_Prog_Display_Alm_202502;15690.40;371339;1281;0.57;20119.07;DKK
14/05/2023;HAVEHJ_Prog_Video_Havesaeson_202305;33773.61;837711;2344;0.634;53753.34;DKK
25/01/2024;hh_dk_Prog_Video_Alm_202401;4767.68;430464;4325;0.668;8391.58;EUR
07/10/2023;HH_Prog_Display_Alm_202310;8208.91;196550;865;0.744;8751.56;DKK
03/03/2025;HAVEHJ_Prog_Display_Alm_202503;22131.51;353422;1258;0.68;18101.32;DKK
31/05/2023;hh_dk_Prog_Video_Havesaeson_202305;18241.40;225020;2200;0.62;36136.16;DKK
29/06/2023;HH_Prog_Video_Havesaeson_202306_kopi;28695.27;544974;1891;0.899;55349.21;DKK
17/03/2023;HH_Prog_Video_Alm_202303;19111.85;266721;1547;0.763;36666.61;DKK
04/12/2023;Havehjornet_Prog_Video_Jul_202312;3844.65;622885;2047;0.786;4704.53;EUR
29/12/2025;hh_dk_Prog_Video_Jul_202512_kopi;14569.60;168090;865;0.855;29311.34;DKK
02/10/2024;HAVEHJ_Prog_Video_Alm_202410;36181.50;474731;1832;0.61;80537.46;DKK
18/02/2024;hh_dk_Prog_Video_Alm_202402_kopi;20340.52;354597;1578;0.826;37772.06;DKK
12/03/2022;hh_dk_Prog_Display_Alm_202203_kopi;18051.11;206515;1137;0.637;20220.25;DKK
26/10/2025;Havehjornet_Prog_Video_Alm_202510;6477.04;1550951;3145;0.595;16648.38;EUR
12/10/2025;HH_Prog_Video_Alm_202510;46414.97;674891;2581;0.634;91930.52;DKK
18/04/2025;HAVEHJ_Prog_Display_Havesaeson_202504;12483.48;153244;700;0.578;12384.85;DKK
25/05/2024;Havehjornet_Prog_Display_Havesaeson_202405;17459.04;315774;1917;0.802;13773.78;DKK
30/10/2025;HH_Prog_Display_Alm_202510;13862.02;185217;734;0.776;10979.98;DKK
11/01/2024;HAVEHJ_Prog_Display_Alm_202401;19811.75;658209;2200;0.816;16868.58;DKK
26/02/2022;HH_Prog_Video_Alm_202202;2632.72;393825;1016;0.822;6165.62;EUR
06/04/2024;HH_Prog_Video_Havesaeson_202404;10395.41;267450;964;0.754;21242.89;DKK
15/02/2022;HH_Prog_Video_Alm_202202;28263.63;434379;3306;0.754;54572.19;DKK
21/04/2022;hh_dk_Prog_Video_Havesaeson_202204;35205.74;841073;1905;0.814;94911.49;DKK
01/03/2023;HAVEHJ_Prog_Video_Alm_202303;6577.20;121836;674;0.891;13377.30;DKK
14/05/2024;HAVEHJ_Prog_Display_Havesaeson_202405;17240.61;290388;1021;0.828;18181.53;DKK
24/04/2023;hh_dk_Prog_Video_Havesaeson_202304;1921.22;268247;1451;0.695;3698.21;EUR
25/11/2025;hh_dk_Prog_Video_BlackFriday_202511;13590.71;215733;1642;0.653;20905.38;DKK
01/10/2022;Havehjornet_Prog_Display_Alm_202210;11969.62;243868;766;0.788;12314.67;DKK
15/06/2025;Havehjornet_Prog_Display_Havesaeson_202506;16217.91;279201;1081;0.89;15698.91;DKK
05/03/2023;HAVEHJ_Prog_Display_Alm_202303_kopi;13795.87;313323;862;0.601;15088.51;DKK
03/11/2025;hh_dk_Prog_Display_BlackFriday_202511;13499.23;213859;975;0.89;18037.55;DKK
12/05/2022;Havehjornet_Prog_Display_Havesaeson_202205;1018.91;128362;529;0.831;1061.58;EUR
17/01/2022;Havehjornet_Prog_Display_Alm_202201;9778.07;125304;536;0.666;11773.04;DKK
07/08/2023;HH_Prog_Display_Alm_202308;2205.78;299196;987;0.742;2561.37;EUR
05/11/2024;HAVEHJ_Prog_Display_BlackFriday_202411;24534.97;724453;1264;0.849;17318.73;DKK
08/06/2022;HAVEHJ_Prog_Video_Havesaeson_202206;9790.36;130896;692;0.571;17099.12;DKK
28/10/2025;Havehjornet_Prog_Display_Alm_202510_kopi;12954.62;264248;1032;0.893;13880.29;DKK
21/06/2022;Havehjornet_Prog_Video_Havesaeson_202206;15138.99;220660;1073;0.807;34212.03;DKK
13/07/2023;HAVEHJ_Prog_Video_Alm_202307;2470.11;74270;250;0.731;4466.21;DKK
15/06/2025;HAVEHJ_Prog_Video_Havesaeson_202506;14554.23;199640;1135;0.735;24448.83;DKK
29/01/2023;Havehjornet_Prog_Display_Alm_202301;19605.25;281073;2276;0.711;17284.39;DKK
09/11/2023;hh_dk_Prog_Display_BlackFriday_202311;17831.88;206298;1105;0.831;18926.31;DKK
16/07/2025;HH_Prog_Display_Alm_202507;14039.34;206270;1216;0.837;19357.23;DKK
30/11/2025;HAVEHJ_Prog_Video_BlackFriday_202511;105011.48;2258879;7375;0.695;181204.39;DKK
27/10/2024;HAVEHJ_Prog_Display_Alm_202410;10174.71;169337;535;0.883;12070.31;DKK
10/03/2023;HAVEHJ_Prog_Video_Alm_202303;14092.23;158366;817;0.824;31232.69;DKK
04/08/2024;HH_Prog_Display_Alm_202408;10531.60;214168;714;0.66;15128.68;DKK
25/02/2024;Havehjornet_Prog_Display_Alm_202402;8953.14;120246;542;0.719;10366.13;DKK
14/08/2025;HH_Prog_Display_Alm_202508;7435.07;242669;415;0.636;9639.23;DKK
11/02/2024;HH_Prog_Video_Alm_202402_kopi;1904.25;167990;1686;0.823;3931.85;EUR
10/04/2025;hh_dk_Prog_Display_Havesaeson_202504;15659.34;256058;913;0.743;17975.53;DKK
01/10/2023;Havehjornet_Prog_Display_Alm_202310;31864.10;366716;2077;0.652;33292.77;DKK
02/12/2023;Havehjornet_Prog_Display_Jul_202312;19276.17;223783;1600;0.8;27755.80;DKK
06/06/2022;hh_dk_Prog_Display_Havesaeson_202206_kopi;13401.53;288355;685;0.853;15853.73;DKK
23/09/2023;HAVEHJ_Prog_Video_Alm_202309_kopi;19050.62;327297;1156;0.725;38698.70;DKK
25/10/2025;hh_dk_Prog_Display_Alm_202510;10979.72;321201;952;0.663;11916.17;DKK
26/10/2024;HH_Prog_Display_Alm_202410;1756.80;53461;90;0.795;1526.83;DKK
19/11/2024;hh_dk_Prog_Video_BlackFriday_202411;26494.52;415693;2676;0.719;47210.50;DKK
03/11/2025;hh_dk_Prog_Video_BlackFriday_202511;12447.37;202609;924;0.797;19879.15;DKK
05/03/2023;HAVEHJ_Prog_Video_Alm_202303;16984.76;477136;1114;0.684;30186.01;DKK
24/07/2024;Havehjornet_Prog_Video_Alm_202407;13830.32;297926;1300;0.839;21729.83;DKK
05/11/2022;HAVEHJ_Prog_Display_BlackFriday_202211;2026.52;455097;761;0.819;2104.76;EUR
19/04/2024;hh_dk_Prog_Display_Havesaeson_202404;10835.12;311787;857;0.597;10894.16;DKK
09/03/2022;HH_Prog_Video_Alm_202203;15646.23;425063;1483;0.735;30847.53;DKK
17/07/2023;Havehjornet_Prog_Display_Alm_202307_kopi;10336.33;114964;889;0.745;12048.08;DKK
27/03/2024;hh_dk_Prog_Display_Alm_202403;1392.56;161273;751;0.741;1446.01;EUR
26/05/2022;hh_dk_Prog_Display_Havesaeson_202205;2236.19;219789;884;0.886;2061.56;EUR
09/07/2022;Havehjornet_Prog_Display_Alm_202207;14179.60;345812;863;0.76;18043.48;DKK
01/10/2025;HH_Prog_Video_Alm_202510;5721.21;67375;520;0.716;10876.67;DKK
05/01/2023;Havehjornet_Prog_Display_Alm_202301;16900.05;201741;2086;0.552;17595.56;DKK
02/01/2026;Havehjornet_Prog_Display_Alm_202601;17457.97;209681;887;0.891;19823.87;DKK
10/11/2025;hh_dk_Prog_Video_BlackFriday_202511;23751.13;359367;1644;0.838;54436.78;DKK
27/03/2022;HAVEHJ_Prog_Video_Alm_202203;1826.45;170903;690;0.766;3904.54;EUR
09/04/2022;hh_dk_Prog_Display_Havesaeson_202204;28465.61;468208;3538;0.666;37014.08;DKK
13/09/2024;HAVEHJ_Prog_Display_Alm_202409;19926.24;651909;2132;0.874;28904.13;DKK
04/12/2024;hh_dk_Prog_Display_Jul_202412;1075.98;161141;424;0.775;1070.15;EUR
10/07/2025;HAVEHJ_Prog_Video_Alm_202507;23358.83;447499;1217;0.808;43130.02;DKK
22/10/2023;hh_dk_Prog_Display_Alm_202310;7015.65;124089;775;0.777;7375.49;DKK
04/09/2024;hh_dk_Prog_Video_Alm_202409;11070.53;312871;1179;0.842;34142.19;DKK
24/05/2022;hh_dk_Prog_Video_Havesaeson_202205;44514.78;919323;2321;0.878;86300.11;DKK
14/11/2022;hh_dk_Prog_Video_BlackFriday_202211;46259.81;793042;2446;0.685;82277.53;DKK
11/04/2023;Havehjornet_Prog_Video_Havesaeson_202304;11014.29;149856;1271;0.677;17802.82;DKK
23/07/2025;HAVEHJ_Prog_Display_Alm_202507;6282.40;139993;683;0.593;7020.59;DKK
27/07/2023;HH_Prog_Display_Alm_202307;17548.34;210615;922;0.762;18903.48;DKK
19/04/2023;HAVEHJ_Prog_Video_Havesaeson_202304_kopi;39012.18;563285;1960;0.699;92085.72;DKK
11/02/2025;HAVEHJ_Prog_Display_Alm_202502;13124.09;218556;669;0.682;15922.42;DKK
23/04/2024;hh_dk_Prog_Display_Havesaeson_202404;15621.85;396014;1290;0.697;18658.01;DKK
15/12/2022;HH_Prog_Display_Jul_202212;16006.74;182958;1006;0.865;18622.45;DKK
09/08/2024;HH_Prog_Display_Alm_202408;9137.18;145496;465;0.626;10573.84;DKK
25/05/2025;hh_dk_Prog_Display_Havesaeson_202505;5490.79;103363;289;0.841;7135.14;DKK
14/09/2022;Havehjornet_Prog_Video_Alm_202209;24069.00;404683;1370;0.887;50304.90;DKK
14/04/2024;Havehjornet_Prog_Display_Havesaeson_202404;23582.73;630771;2435;0.832;21995.15;DKK
04/07/2025;Havehjornet_Prog_Display_Alm_202507;16310.40;387378;1161;0.867;18339.18;DKK
21/01/2025;HH_Prog_Display_Alm_202501;12359.44;138544;828;0.897;14179.35;DKK
25/03/2024;HH_Prog_Video_Alm_202403;9712.80;287800;514;0.884;21292.28;DKK
04/07/2024;Havehjornet_Prog_Display_Alm_202407;7369.49;115432;392;0.786;8607.48;DKK
06/03/2024;Havehjornet_Prog_Video_Alm_202403_kopi;8476.06;100142;528;0.703;19597.34;DKK
19/12/2025;hh_dk_Prog_Video_Jul_202512;12224.95;155809;638;0.65;28688.29;DKK
20/08/2022;Havehjornet_Prog_Video_Alm_202208;22131.43;286063;1837;0.704;63419.27;DKK
02/06/2024;hh_dk_Prog_Display_Havesaeson_202406;6395.52;87995;558;0.756;6578.86;DKK
29/12/2025;hh_dk_Prog_Display_Jul_202512;25894.11;299949;1574;0.795;21274.32;DKK
24/09/2025;Havehjornet_Prog_Video_Alm_202509;2416.04;270968;1189;0.659;6528.56;EUR
02/01/2026;hh_dk_Prog_Video_Alm_202601;20173.46;385639;1192;0.779;26841.06;DKK
07/07/2023;HH_Prog_Display_Alm_202307;23525.66;767152;1937;0.595;29297.05;DKK
22/01/2023;Havehjornet_Prog_Video_Alm_202301;28749.57;710814;2881;0.732;63044.37;DKK
27/08/2022;Havehjornet_Prog_Display_Alm_202208_kopi;1631.56;135880;995;0.702;1753.20;EUR
16/06/2024;hh_dk_Prog_Display_Havesaeson_202406;10419.49;121362;607;0.632;11473.80;DKK
14/03/2023;hh_dk_Prog_Display_Alm_202303;5187.27;96727;599;0.695;5511.55;DKK
06/10/2025;HH_Prog_Display_Alm_202510;22946.92;740978;1205;0.579;39498.18;DKK
05/12/2024;HH_Prog_Display_Jul_202412;12729.78;252200;776;0.823;11906.52;DKK
07/07/2023;HAVEHJ_Prog_Video_Alm_202307;7838.39;101130;452;0.826;19361.54;DKK
26/11/2024;HAVEHJ_Prog_Display_BlackFriday_202411;9559.35;157886;493;0.702;11036.94;DKK
19/10/2025;Havehjornet_Prog_Video_Alm_202510;23840.94;363704;1338;0.819;47371.59;DKK
26/08/2025;HH_Prog_Display_Alm_202508;20275.10;339190;1084;0.854;27418.14;DKK
07/05/2025;Havehjornet_Prog_Display_Havesaeson_202505;18602.53;402084;1209;0.7;21118.76;DKK
02/11/2024;HH_Prog_Video_BlackFriday_202411;4725.74;78806;578;0.828;9898.77;DKK
02/08/2023;HAVEHJ_Prog_Display_Alm_202308;20002.10;322206;1155;0.894;19127.59;DKK
31/05/2024;hh_dk_Prog_Video_Havesaeson_202405;35331.74;481479;2638;0.705;77215.60;DKK
22/04/2023;hh_dk_Prog_Video_Havesaeson_202304;40188.18;689035;2312;0.894;58359.31;DKK
21/11/2025;HH_Prog_Video_BlackFriday_202511;46269.24;716721;2734;0.613;88359.76;DKK
12/06/2023;hh_dk_Prog_Video_Havesaeson_202306;41800.82;780578;2143;0.858;65335.99;DKK
01/09/2023;HH_Prog_Display_Alm_202309_kopi;16624.48;422860;895;0.816;19208.47;DKK
10/11/2025;HH_Prog_Display_BlackFriday_202511;13623.85;263509;810;0.706;11402.55;DKK
24/12/2022;HH_Prog_Video_Jul_202212;32692.05;457987;2890;0.595;62252.01;DKK
21/04/2025;HH_Prog_Video_Havesaeson_202504;72810.91;818417;8480;0.608;121843.28;DKK
12/09/2023;hh_dk_Prog_Video_Alm_202309;26795.04;389969;1465;0.809;46709.11;DKK
07/09/2022;Havehjornet_Prog_Video_Alm_202209;20960.41;252726;1523;0.882;38257.37;DKK
31/05/2022;HAVEHJ_Prog_Video_Havesaeson_202205;14243.39;255779;1039;0.678;24163.82;DKK
03/04/2025;HH_Prog_Video_Havesaeson_202504_kopi;2076.91;207533;1314;0.651;3398.41;EUR
09/12/2024;Havehjornet_Prog_Display_Jul_202412;11188.58;204722;598;0.656;15422.63;DKK
31/03/2024;Havehjornet_Prog_Display_Alm_202403_kopi;18524.60;326640;1994;0.889;24477.11;DKK
25/05/2022;HH_Prog_Display_Havesaeson_202205;1495.83;184209;1104;0.612;1174.60;EUR
10/01/2024;HAVEHJ_Prog_Display_Alm_202401;21864.04;304306;2076;0.677;23640.79;DKK
07/11/2024;HAVEHJ_Prog_Display_BlackFriday_202411;716.85;83552;312;0.667;662.88;EUR
29/06/2025;HAVEHJ_Prog_Display_Havesaeson_202506;2775.97;287725;2166;0.685;3001.25;EUR
29/03/2025;HAVEHJ_Prog_Display_Alm_202503_kopi;17404.24;276522;991;0.608;25728.01;DKK
27/09/2025;hh_dk_Prog_Display_Alm_202509;12255.83;249998;1060;0.67;9573.99;DKK
19/04/2022;HH_Prog_Display_Havesaeson_202204;18649.74;570699;938;0.594;18489.56;DKK
07/08/2024;HH_Prog_Video_Alm_202408;4127.44;73647;489;0.828;7292.91;DKK
19/05/2023;HAVEHJ_Prog_Video_Havesaeson_202305;29703.66;338594;1971;0.881;82568.28;DKK
22/07/2022;HAVEHJ_Prog_Display_Alm_202207;4930.81;60656;283;0.864;5262.14;DKK
18/11/2022;Havehjornet_Prog_Display_BlackFriday_202211;7558.37;102527;782;0.606;8772.83;DKK
26/06/2025;Havehjornet_Prog_Display_Havesaeson_202506;6745.33;78937;599;0.825;6353.47;DKK
25/10/2022;HH_Prog_Video_Alm_202210;3831.93;576711;3529;0.682;11593.46;EUR
06/07/2023;Havehjornet_Prog_Video_Alm_202307;2310.45;437137;907;0.817;4073.21;EUR
12/02/2022;hh_dk_Prog_Display_Alm_202202;11273.97;198757;780;0.821;11135.52;DKK
09/12/2024;Havehjornet_Prog_Video_Jul_202412;786.08;70825;489;0.588;1477.00;EUR
29/10/2023;HH_Prog_Video_Alm_202310;31305.59;666279;1733;0.782;62165.42;DKK
28/11/2024;hh_dk_Prog_Display_BlackFriday_202411;6276.36;101836;407;0.688;4830.14;DKK
02/03/2023;hh_dk_Prog_Display_Alm_202303;9503.20;146382;535;0.873;9347.45;DKK
29/11/2024;HH_Prog_Display_BlackFriday_202411;11031.19;176905;663;0.633;12102.02;DKK
25/09/2023;hh_dk_Prog_Display_Alm_202309;7044.76;86617;581;0.801;7230.51;DKK
19/07/2025;HAVEHJ_Prog_Display_Alm_202507;886.78;124586;502;0.597;1008.51;EUR
09/03/2023;Havehjornet_Prog_Display_Alm_202303;9707.06;110016;1052;0.755;12598.71;DKK
08/03/2023;HAVEHJ_Prog_Video_Alm_202303;16831.76;347626;1450;0.867;27064.46;DKK
02/05/2022;Havehjornet_Prog_Display_Havesaeson_202205;1184.16;182500;945;0.634;1265.02;EUR
25/09/2023;Havehjornet_Prog_Video_Alm_202309;25816.43;423485;1783;0.598;47808.70;DKK
08/03/2023;Havehjornet_Prog_Display_Alm_202303;15885.14;185991;1766;0.602;19796.75;DKK
14/12/2022;HAVEHJ_Prog_Display_Jul_202212;2058.17;204489;1230;0.659;2179.65;EUR
13/10/2023;Havehjornet_Prog_Display_Alm_202310_kopi;17757.16;253386;968;0.85;22712.85;DKK
17/08/2025;hh_dk_Prog_Display_Alm_202508;29808.40;945675;1666;0.572;19121.74;DKK
03/08/2025;HH_Prog_Display_Alm_202508_kopi;3021.49;35154;266;0.738;3419.28;DKK
01/05/2025;Havehjornet_Prog_Display_Havesaeson_202505;14040.38;208406;746;0.567;14778.73;DKK
19/07/2024;HAVEHJ_Prog_Video_Alm_202407;3958.03;115317;205;0.755;9345.16;DKK
29/08/2022;HH_Prog_Display_Alm_202208;18780.21;296283;2221;0.851;30816.39;DKK
31/10/2022;HH_Prog_Video_Alm_202210;4992.62;457241;2156;0.746;10540.91;EUR
21/03/2023;hh_dk_Prog_Video_Alm_202303;1162.98;120662;489;0.721;2551.80;EUR
02/08/2022;hh_dk_Prog_Display_Alm_202208;1143.79;125566;807;0.823;830.32;EUR
01/07/2023;HAVEHJ_Prog_Video_Alm_202307;6454.47;196205;385;0.637;15071.53;DKK
26/05/2024;HH_Prog_Video_Havesaeson_202405;25536.88;333720;1724;0.732;45307.96;DKK
27/06/2025;Havehjornet_Prog_Video_Havesaeson_202506;6714.39;159063;502;0.861;14256.25;DKK
08/11/2025;hh_dk_Prog_Display_BlackFriday_202511;15636.12;235211;1378;0.618;16944.79;DKK
17/06/2024;HH_Prog_Video_Havesaeson_202406;24896.30;681173;2198;0.809;47570.38;DKK
26/01/2022;hh_dk_Prog_Display_Alm_202201;9745.60;183127;872;0.87;13011.90;DKK
01/05/2024;hh_dk_Prog_Video_Havesaeson_202405;42469.01;984503;2315;0.751;83492.69;DKK
29/05/2022;Havehjornet_Prog_Display_Havesaeson_202205;2828.33;234831;2278;0.712;3464.94;EUR
27/12/2022;hh_dk_Prog_Display_Jul_202212;8451.60;206232;548;0.809;7719.00;DKK
03/09/2022;HAVEHJ_Prog_Video_Alm_202209;49325.98;1148774;3476;0.607;106840.18;DKK
10/07/2023;hh_dk_Prog_Display_Alm_202307;28363.48;582858;1707;0.839;30817.04;DKK
30/04/2022;HH_Prog_Video_Havesaeson_202204;34423.19;816340;1757;0.618;75648.32;DKK
12/11/2023;hh_dk_Prog_Video_BlackFriday_202311;32440.78;360928;1862;0.876;53863.13;DKK
06/03/2023;hh_dk_Prog_Display_Alm_202303;18696.57;209122;1098;0.713;24004.11;DKK
04/09/2024;HH_Prog_Display_Alm_202409;17916.42;527423;974;0.564;27070.25;DKK
10/10/2024;HAVEHJ_Prog_Display_Alm_202410;6712.34;79160;374;0.587;6825.89;DKK
06/08/2022;Havehjornet_Prog_Video_Alm_202208;6087.68;193240;709;0.711;12797.16;DKK
28/05/2022;Havehjornet_Prog_Video_Havesaeson_202205_kopi;27674.71;376059;1416;0.64;48947.99;DKK
11/08/2022;HAVEHJ_Prog_Display_Alm_202208;26635.33;612442;1814;0.847;25022.17;DKK
26/08/2024;Havehjornet_Prog_Display_Alm_202408;2781.43;602411;1131;0.802;4803.26;EUR
17/01/2022;HAVEHJ_Prog_Video_Alm_202201;15664.80;245903;920;0.842;25264.10;DKK
23/08/2025;Havehjornet_Prog_Display_Alm_202508;13104.14;159822;721;0.85;11994.27;DKK
15/01/2022;HH_Prog_Display_Alm_202201_kopi;32364.67;784075;2590;0.818;36048.04;DKK
15/06/2023;hh_dk_Prog_Display_Havesaeson_202306;2365.84;254851;934;0.684;1984.08;EUR
17/01/2023;HAVEHJ_Prog_Video_Alm_202301;10125.55;286051;719;0.554;15416.12;DKK
03/05/2022;HH_Prog_Video_Havesaeson_202205;13232.43;169313;742;0.836;24596.87;DKK
29/06/2023;Havehjornet_Prog_Display_Havesaeson_202306;13387.11;266559;1669;0.634;12186.15;DKK
31/01/2023;Havehjornet_Prog_Display_Alm_202301;19365.81;351289;996;0.741;24904.30;DKK
19/11/2023;hh_dk_Prog_Display_BlackFriday_202311_kopi;9070.61;140281;606;0.835;7732.38;DKK
31/07/2024;hh_dk_Prog_Display_Alm_202407;11848.32;201845;740;0.714;14354.31;DKK
07/06/2024;Havehjornet_Prog_Video_Havesaeson_202406;14551.56;187658;806;0.892;29793.57;DKK
18/04/2024;hh_dk_Prog_Display_Havesaeson_202404_kopi;10915.72;251526;1011;0.646;10390.80;DKK
11/06/2023;HAVEHJ_Prog_Display_Havesaeson_202306;13658.05;267282;1385;0.657;18421.84;DKK
26/07/2025;HAVEHJ_Prog_Display_Alm_202507;5240.82;59188;454;0.778;7544.65;DKK
08/07/2024;HAVEHJ_Prog_Display_Alm_202407;8433.25;141222;443;0.787;8102.54;DKK
01/02/2022;hh_dk_Prog_Display_Alm_202202_kopi;12923.29;208877;701;0.568;14939.28;DKK
31/05/2025;hh_dk_Prog_Display_Havesaeson_202505;14752.46;202842;1536;0.745;20663.26;DKK
27/08/2024;hh_dk_Prog_Video_Alm_202408;37550.94;978336;2443;0.889;75937.26;DKK
01/11/2022;HAVEHJ_Prog_Video_BlackFriday_202211;31347.67;514197;1846;0.69;58656.98;DKK
20/04/2025;Havehjornet_Prog_Display_Havesaeson_202504;11824.10;391858;623;0.793;16531.89;DKK
01/12/2022;Havehjornet_Prog_Video_Jul_202212;1350.17;207956;542;0.616;2461.18;EUR
30/01/2024;Havehjornet_Prog_Display_Alm_202401;3273.32;56141;196;0.634;4274.21;DKK
07/03/2023;HH_Prog_Video_Alm_202303;2132.45;190371;872;0.742;5407.98;EUR
23/01/2025;HH_Prog_Display_Alm_202501;13854.55;220248;805;0.645;16160.13;DKK
19/05/2024;HH_Prog_Video_Havesaeson_202405;28746.05;347097;1968;0.795;59668.71;DKK
28/12/2023;Havehjornet_Prog_Video_Jul_202312;35298.07;470169;2413;0.623;73850.59;DKK
18/12/2022;hh_dk_Prog_Video_Jul_202212;43152.65;533363;3252;0.678;69772.22;DKK
03/03/2022;Havehjornet_Prog_Video_Alm_202203;13675.54;161024;1087;0.66;23151.72;DKK
08/01/2024;hh_dk_Prog_Video_Alm_202401;2699.87;275667;1049;0.701;5844.57;EUR
28/06/2025;hh_dk_Prog_Video_Havesaeson_202506;13044.96;262903;1173;0.869;21656.40;DKK
20/06/2022;HH_Prog_Display_Havesaeson_202206;1583.90;231445;971;0.72;1937.96;EUR
31/05/2023;hh_dk_Prog_Display_Havesaeson_202305;24552.40;391047;1719;0.863;26232.22;DKK
13/11/2025;hh_dk_Prog_Video_BlackFriday_202511;49431.23;662323;3780;0.822;98777.34;DKK
27/12/2024;HAVEHJ_Prog_Display_Jul_202412;13743.48;224294;702;0.816;19341.70;DKK
11/03/2023;Havehjornet_Prog_Display_Alm_202303;2298.41;32092;150;0.673;3479.79;DKK
13/07/2025;HAVEHJ_Prog_Video_Alm_202507_kopi;1607.48;184276;1202;0.733;2985.99;EUR
29/05/2024;Havehjornet_Prog_Display_Havesaeson_202405;19910.61;322898;1038;0.662;26673.30;DKK
21/06/2024;hh_dk_Prog_Display_Havesaeson_202406;16217.90;249408;1897;0.658;23680.72;DKK
29/07/2024;HAVEHJ_Prog_Video_Alm_202407;708.01;169727;627;0.71;1355.22;EUR
22/01/2023;HAVEHJ_Prog_Display_Alm_202301;726.13;77661;584;0.865;1125.46;EUR
10/02/2025;HAVEHJ_Prog_Display_Alm_202502;7977.81;193256;532;0.733;6431.05;DKK
18/06/2022;HH_Prog_Video_Havesaeson_202206;2018.47;396050;1385;0.645;4341.31;EUR
23/09/2023;HH_Prog_Display_Alm_202309;19311.59;556167;1042;0.616;18715.21;DKK
08/11/2024;HH_Prog_Display_BlackFriday_202411;6925.99;85250;648;0.845;10949.99;DKK
08/10/2023;hh_dk_Prog_Display_Alm_202310;10822.33;139835;761;0.858;18130.13;DKK
21/04/2025;hh_dk_Prog_Display_Havesaeson_202504;16832.12;474638;958;0.831;23950.97;DKK
27/10/2025;HAVEHJ_Prog_Video_Alm_202510;4735.55;466639;2010;0.754;10799.31;EUR
26/03/2024;HH_Prog_Video_Alm_202403;11812.14;279684;827;0.826;23963.35;DKK
16/09/2025;hh_dk_Prog_Video_Alm_202509;25056.08;410294;1450;0.789;54186.43;DKK
23/02/2022;hh_dk_Prog_Display_Alm_202202;1921.19;371033;1321;0.727;1916.97;EUR
23/01/2022;HH_Prog_Display_Alm_202201;2758.96;303776;1272;0.675;4294.06;EUR
20/12/2023;hh_dk_Prog_Display_Jul_202312;22286.03;459540;1601;0.885;26794.60;DKK
29/09/2023;HAVEHJ_Prog_Video_Alm_202309;4030.13;115923;410;0.642;8577.00;DKK
17/04/2022;Havehjornet_Prog_Video_Havesaeson_202204;23906.92;301143;1329;0.587;53297.50;DKK
25/09/2022;Havehjornet_Prog_Display_Alm_202209;16179.12;211876;861;0.727;19002.99;DKK
23/09/2024;Havehjornet_Prog_Video_Alm_202409;16066.97;304458;1109;0.787;31881.69;DKK
03/02/2022;HH_Prog_Video_Alm_202202;18101.12;295641;1393;0.665;31308.91;DKK
23/03/2025;Havehjornet_Prog_Display_Alm_202503;21557.24;561551;1460;0.565;31807.16;DKK
28/07/2024;HAVEHJ_Prog_Video_Alm_202407;12143.64;331408;1224;0.786;25966.76;DKK
27/02/2025;Havehjornet_Prog_Display_Alm_202502;15571.03;431094;885;0.76;19522.61;DKK
29/11/2023;Havehjornet_Prog_Video_BlackFriday_202311;32665.29;821418;3034;0.662;55563.08;DKK
19/09/2024;Havehjornet_Prog_Display_Alm_202409;482.13;83590;359;0.599;720.58;EUR
16/10/2025;hh_dk_Prog_Video_Alm_202510;4587.82;123647;240;0.649;7967.99;DKK
24/05/2025;Havehjornet_Prog_Display_Havesaeson_202505;20587.47;230928;2249;0.703;32164.51;DKK
31/12/2022;hh_dk_Prog_Display_Jul_202212;11493.50;184859;785;0.687;13502.49;DKK
04/05/2022;HH_Prog_Video_Havesaeson_202205;17642.18;217722;1170;0.74;47474.08;DKK
17/09/2024;HH_Prog_Display_Alm_202409;16062.60;265753;1229;0.894;12602.48;DKK
24/07/2025;HAVEHJ_Prog_Display_Alm_202507;14640.73;212963;788;0.771;16246.23;DKK
05/12/2025;HH_Prog_Video_Jul_202512;38802.52;525871;4559;0.831;69159.56;DKK
31/03/2025;Havehjornet_Prog_Display_Alm_202503;12885.05;206722;1175;0.68;11863.43;DKK
08/06/2025;HH_Prog_Display_Havesaeson_202506;14805.85;178014;1173;0.867;12173.60;DKK
19/11/2022;Havehjornet_Prog_Display_BlackFriday_202211;6959.98;118594;615;0.873;8135.40;DKK
13/05/2025;Havehjornet_Prog_Video_Havesaeson_202505_kopi;22165.58;579578;1243;0.724;39247.13;DKK
15/10/2022;HH_Prog_Video_Alm_202210;35682.36;967188;2209;0.652;70738.82;DKK
26/01/2025;HH_Prog_Video_Alm_202501;42419.83;513303;3305;0.625;57781.28;DKK
07/03/2022;hh_dk_Prog_Display_Alm_202203_kopi;11835.27;385391;1325;0.7;10629.14;DKK
06/02/2022;Havehjornet_Prog_Video_Alm_202202;2408.47;277805;1579;0.577;5295.17;EUR
21/12/2023;HH_Prog_Display_Jul_202312;13332.53;204628;1087;0.884;9692.24;DKK
31/08/2025;Havehjornet_Prog_Video_Alm_202508;16370.10;232588;848;0.87;35078.44;DKK
11/12/2023;HH_Prog_Video_Jul_202312;36923.72;878707;2850;0.793;70837.47;DKK
06/02/2025;hh_dk_Prog_Display_Alm_202502;19149.69;276761;1708;0.614;14876.64;DKK
05/06/2025;Havehjornet_Prog_Display_Havesaeson_202506;8748.36;200752;795;0.619;9603.62;DKK
03/07/2022;HH_Prog_Display_Alm_202207;1164.76;135785;788;0.883;1108.87;EUR
14/06/2023;hh_dk_Prog_Display_Havesaeson_202306;10163.96;257588;553;0.556;11430.37;DKK
25/03/2024;HAVEHJ_Prog_Display_Alm_202403;9918.23;117789;1127;0.696;10767.36;DKK
05/01/2024;HAVEHJ_Prog_Display_Alm_202401;2417.94;207842;1778;0.885;2863.79;EUR
30/11/2025;hh_dk_Prog_Display_BlackFriday_202511;12812.66;228724;1074;0.641;16347.20;DKK
04/11/2022;hh_dk_Prog_Video_BlackFriday_202211;37393.33;543255;2812;0.621;92553.02;DKK
14/03/2024;HAVEHJ_Prog_Display_Alm_202403;17550.21;285741;1631;0.749;24125.90;DKK
10/11/2023;HH_Prog_Video_BlackFriday_202311;3605.97;364992;1397;0.887;6338.06;EUR
16/11/2024;HH_Prog_Display_BlackFriday_202411;6616.39;74396;352;0.604;6117.38;DKK
30/09/2022;HH_Prog_Display_Alm_202209;23304.34;394566;2255;0.864;23506.62;DKK
12/02/2023;HH_Prog_Video_Alm_202302;12329.07;151544;1158;0.588;26153.41;DKK
14/05/2022;HH_Prog_Display_Havesaeson_202205;13878.16;166061;1731;0.66;17228.60;DKK
09/11/2022;Havehjornet_Prog_Video_BlackFriday_202211;41641.35;506045;3354;0.783;77369.40;DKK
19/01/2025;HH_Prog_Display_Alm_202501;1868.80;179454;1082;0.649;1850.66;EUR
06/10/2024;HAVEHJ_Prog_Display_Alm_202410;8570.71;269707;847;0.777;13605.80;DKK
20/02/2022;hh_dk_Prog_Display_Alm_202202;14552.24;351067;791;0.691;18079.30;DKK
30/05/2022;Havehjornet_Prog_Display_Havesaeson_202205;33536.37;1039087;3107;0.712;38742.92;DKK
18/01/2025;HAVEHJ_Prog_Video_Alm_202501;28983.08;757918;1633;0.644;59144.88;DKK
16/07/2023;HH_Prog_Video_Alm_202307;14601.54;214547;734;0.839;23700.73;DKK
23/04/2023;HAVEHJ_Prog_Video_Havesaeson_202304;30678.58;929545;1580;0.636;87645.26;DKK
28/07/2025;hh_dk_Prog_Video_Alm_202507;5186.57;105764;426;0.689;10163.95;DKK
30/12/2024;HAVEHJ_Prog_Video_Jul_202412;43326.77;545845;3788;0.607;80533.12;DKK
06/07/2022;HH_Prog_Display_Alm_202207;8974.31;113147;631;0.771;8720.09;DKK
13/01/2022;Havehjornet_Prog_Display_Alm_202201;10102.47;193563;592;0.768;9614.76;DKK
13/11/2024;Havehjornet_Prog_Display_BlackFriday_202411;1155.86;125165;462;0.681;1628.46;EUR
25/07/2022;Havehjornet_Prog_Display_Alm_202207;11957.67;143441;1254;0.831;8317.27;DKK
17/02/2022;HAVEHJ_Prog_Video_Alm_202202_kopi;41513.91;905136;2848;0.9;80337.95;DKK
22/03/2022;Havehjornet_Prog_Video_Alm_202203;14048.91;379360;826;0.795;23661.45;DKK
05/08/2024;hh_dk_Prog_Display_Alm_202408;8105.09;180431;465;0.837;13018.99;DKK
12/10/2022;hh_dk_Prog_Video_Alm_202210;14863.58;326984;912;0.565;25455.11;DKK
22/07/2024;hh_dk_Prog_Display_Alm_202407;25209.26;469269;2452;0.569;22873.59;DKK
24/06/2023;hh_dk_Prog_Display_Havesaeson_202306;30054.64;868245;3325;0.649;36842.48;DKK
15/07/2024;HH_Prog_Video_Alm_202407;9541.82;118476;715;0.679;21563.97;DKK
16/07/2022;HAVEHJ_Prog_Video_Alm_202207;25251.28;300163;1938;0.747;29571.44;DKK
22/04/2022;hh_dk_Prog_Video_Havesaeson_202204_kopi;28161.95;422396;2065;0.85;60296.03;DKK
08/12/2024;HH_Prog_Display_Jul_202412;13411.36;235054;1556;0.554;22375.88;DKK
10/11/2022;HH_Prog_Display_BlackFriday_202211;12278.17;212249;649;0.777;11149.68;DKK
19/02/2023;Havehjornet_Prog_Video_Alm_202302;12173.28;239274;1209;0.592;22282.65;DKK
25/12/2024;HAVEHJ_Prog_Video_Jul_202412;18211.32;346447;1771;0.822;36507.05;DKK
02/12/2024;hh_dk_Prog_Video_Jul_202412;47649.78;1284155;2498;0.845;58262.04;DKK
10/04/2022;hh_dk_Prog_Video_Havesaeson_202204;1395.95;184660;527;0.602;2150.49;EUR
20/10/2025;HAVEHJ_Prog_Display_Alm_202510;11841.13;321364;968;0.767;16395.35;DKK
01/03/2022;HAVEHJ_Prog_Display_Alm_202203;12957.02;164609;1247;0.779;12334.66;DKK
01/11/2023;Havehjornet_Prog_Video_BlackFriday_202311;34146.16;400219;3075;0.588;68421.69;DKK
02/06/2024;hh_dk_Prog_Video_Havesaeson_202406;12115.62;148871;643;0.784;19887.06;DKK
27/04/2023;Havehjornet_Prog_Display_Havesaeson_202304;13974.26;321794;904;0.685;9593.17;DKK
02/09/2022;hh_dk_Prog_Video_Alm_202209;39666.10;882530;3799;0.575;75921.35;DKK
29/08/2023;HAVEHJ_Prog_Display_Alm_202308;5593.18;174542;413;0.61;6088.33;DKK
17/06/2024;HAVEHJ_Prog_Display_Havesaeson_202406;16384.58;299504;1666;0.753;18180.97;DKK
03/05/2024;Havehjornet_Prog_Display_Havesaeson_202405_kopi;29920.08;438459;1961;0.649;38763.94;DKK
17/03/2025;hh_dk_Prog_Video_Alm_202503;12369.09;179412;1195;0.733;27435.59;DKK
27/10/2024;HAVEHJ_Prog_Video_Alm_202410;15818.49;416917;1267;0.775;36608.33;DKK
09/02/2025;HAVEHJ_Prog_Video_Alm_202502;38225.90;784166;2425;0.726;85476.22;DKK
09/05/2024;hh_dk_Prog_Display_Havesaeson_202405;18414.01;273242;1055;0.84;27033.20;DKK
01/04/2024;HAVEHJ_Prog_Display_Havesaeson_202404;24077.25;725809;1371;0.631;32418.36;DKK
08/12/2023;HAVEHJ_Prog_Video_Jul_202312;52199.96;743170;2787;0.69;75307.48;DKK
01/03/2023;hh_dk_Prog_Display_Alm_202303;34293.24;733671;2817;0.564;44763.77;DKK
15/09/2024;Havehjornet_Prog_Video_Alm_202409;18258.25;213318;1501;0.865;34879.69;DKK
29/05/2025;HAVEHJ_Prog_Display_Havesaeson_202505;11047.95;165994;557;0.748;12135.61;DKK
30/11/2022;HH_Prog_Display_BlackFriday_202211;6563.59;88348;364;0.718;7674.85;DKK
11/04/2022;HH_Prog_Display_Havesaeson_202204;16151.47;373962;994;0.833;27207.59;DKK
21/05/2024;Havehjornet_Prog_Display_Havesaeson_202405;6939.03;139920;516;0.736;8780.67;DKK
04/02/2023;hh_dk_Prog_Video_Alm_202302;28817.82;581503;1504;0.648;54975.62;DKK
05/04/2025;HAVEHJ_Prog_Display_Havesaeson_202504;10594.21;137899;685;0.866;9646.68;DKK
26/11/2025;HH_Prog_Display_BlackFriday_202511;17436.23;234018;974;0.789;15979.70;DKK
22/05/2024;Havehjornet_Prog_Display_Havesaeson_202405_kopi;4118.47;70588;360;0.885;4816.47;DKK
05/10/2022;Havehjornet_Prog_Display_Alm_202210;11120.26;168338;660;0.852;10768.32;DKK
04/12/2025;HAVEHJ_Prog_Video_Jul_202512_kopi;18975.56;269031;2069;0.637;30674.37;DKK
28/10/2024;HAVEHJ_Prog_Display_Alm_202410;11710.93;188577;1126;0.695;17581.99;DKK
20/10/2023;HH_Prog_Video_Alm_202310;10587.12;222063;889;0.779;17111.11;DKK
14/08/2022;hh_dk_Prog_Display_Alm_202208;16003.29;360000;817;0.59;23990.06;DKK
30/11/2024;HAVEHJ_Prog_Display_BlackFriday_202411;7781.53;99652;391;0.645;5634.67;DKK
06/08/2022;HH_Prog_Display_Alm_202208_kopi;9968.30;141280;939;0.827;11414.49;DKK
11/08/2024;hh_dk_Prog_Display_Alm_202408_kopi;18060.44;212853;1991;0.594;25911.92;DKK
18/09/2024;Havehjornet_Prog_Video_Alm_202409;32315.57;404562;3260;0.687;68293.27;DKK
13/07/2024;hh_dk_Prog_Video_Alm_202407;4156.59;89214;274;0.836;7966.39;DKK
17/04/2025;hh_dk_Prog_Video_Havesaeson_202504_kopi;24254.57;394314;1262;0.614;50512.87;DKK
11/06/2024;Havehjornet_Prog_Display_Havesaeson_202406_kopi;21688.53;280168;1487;0.857;20582.01;DKK
07/04/2025;hh_dk_Prog_Video_Havesaeson_202504;6412.70;610136;3037;0.777;12279.23;EUR
27/11/2025;Havehjornet_Prog_Video_BlackFriday_202511_kopi;35595.04;639988;3127;0.582;72955.94;DKK
10/04/2023;HH_Prog_Display_Havesaeson_202304;6430.18;78529;323;0.795;8729.40;DKK
06/02/2025;HAVEHJ_Prog_Video_Alm_202502;3521.34;654661;1665;0.653;8158.49;EUR
24/11/2023;HAVEHJ_Prog_Video_BlackFriday_202311;6620.61;1148775;4808;0.623;12176.73;EUR
26/09/2025;HH_Prog_Display_Alm_202509_kopi;19651.05;466292;1055;0.856;27781.00;DKK
07/06/2022;Havehjornet_Prog_Display_Havesaeson_202206;36462.86;719161;3304;0.628;35832.79;DKK
03/03/2025;HH_Prog_Video_Alm_202503;22898.15;464036;2757;0.858;27442.28;DKK
18/12/2025;Havehjornet_Prog_Display_Jul_202512;17678.33;571839;1338;0.756;19810.49;DKK
31/01/2024;hh_dk_Prog_Display_Alm_202401;24473.16;359104;2189;0.827;30601.31;DKK
06/05/2022;Havehjornet_Prog_Video_Havesaeson_202205;25463.96;356471;1371;0.65;56183.43;DKK
16/01/2025;hh_dk_Prog_Video_Alm_202501;11492.50;234685;1024;0.88;23680.99;DKK
03/01/2023;HH_Prog_Display_Alm_202301;19817.42;296240;1377;0.869;23501.78;DKK
16/06/2025;HH_Prog_Display_Havesaeson_202506;16577.29;265840;1561;0.695;23130.61;DKK
07/01/2023;Havehjornet_Prog_Video_Alm_202301;26435.64;327587;1445;0.844;31907.62;DKK
14/06/2024;HAVEHJ_Prog_Video_Havesaeson_202406;18758.00;322729;1679;0.871;34581.75;DKK
12/02/2023;HH_Prog_Display_Alm_202302;12721.67;383158;772;0.738;15164.46;DKK
19/04/2025;HAVEHJ_Prog_Display_Havesaeson_202504;25498.98;512428;2788;0.795;31343.13;DKK
12/07/2022;hh_dk_Prog_Video_Alm_202207;17253.95;217345;1859;0.574;39745.77;DKK
24/05/2022;hh_dk_Prog_Display_Havesaeson_202205;14489.69;182571;1746;0.791;19206.49;DKK
26/10/2024;hh_dk_Prog_Video_Alm_202410;4605.27;946450;1763;0.789;8142.80;EUR
31/10/2022;Havehjornet_Prog_Display_Alm_202210;18199.29;223686;929;0.552;23581.97;DKK
30/12/2025;Havehjornet_Prog_Display_Jul_202512;14748.14;332036;862;0.661;19368.85;DKK
01/12/2025;HAVEHJ_Prog_Video_Jul_202512;21824.67;282674;1858;0.718;49201.07;DKK
03/01/2022;HH_Prog_Video_Alm_202201;6716.67;183993;627;0.899;11588.03;DKK
12/08/2024;Havehjornet_Prog_Display_Alm_202408;20082.85;270401;2207;0.671;18226.09;DKK
12/04/2025;HH_Prog_Display_Havesaeson_202504;13427.52;159302;1092;0.677;14915.62;DKK
15/05/2025;Havehjornet_Prog_Display_Havesaeson_202505;18398.98;237782;2055;0.741;20378.17;DKK
09/01/2022;Havehjornet_Prog_Display_Alm_202201;15089.18;250895;1268;0.858;13493.04;DKK
06/08/2025;HH_Prog_Video_Alm_202508;15200.06;344188;879;0.745;20145.59;DKK
25/06/2025;hh_dk_Prog_Video_Havesaeson_202506;3988.75;86503;424;0.557;7969.48;DKK
28/05/2025;hh_dk_Prog_Video_Havesaeson_202505;9432.77;1874065;3657;0.835;14203.54;EUR
05/02/2023;hh_dk_Prog_Display_Alm_202302;12651.16;218347;1047;0.817;13049.19;DKK
25/03/2023;Havehjornet_Prog_Display_Alm_202303;7080.72;79645;495;0.677;9655.00;DKK
15/07/2022;HAVEHJ_Prog_Video_Alm_202207;12032.96;199551;895;0.563;27024.76;DKK
23/02/2024;hh_dk_Prog_Display_Alm_202402;517.25;53003;194;0.719;531.13;EUR
03/03/2024;HH_Prog_Video_Alm_202403;6065.51;1406844;2299;0.751;15803.03;EUR
12/09/2024;Havehjornet_Prog_Video_Alm_202409;31289.66;783617;1640;0.583;85660.49;DKK
12/04/2025;HH_Prog_Video_Havesaeson_202504;10137.94;220640;966;0.877;21323.16;DKK
13/03/2025;Havehjornet_Prog_Display_Alm_202503;2483.78;284734;1323;0.759;2440.58;EUR
16/09/2023;HH_Prog_Display_Alm_202309_kopi;9225.48;117773;482;0.746;9153.95;DKK
10/11/2023;Havehjornet_Prog_Display_BlackFriday_202311;5023.32;83607;603;0.74;5172.95;DKK
28/03/2025;Havehjornet_Prog_Video_Alm_202503;2941.81;407731;1358;0.753;4421.89;EUR
08/11/2023;Havehjornet_Prog_Video_BlackFriday_202311;34235.61;581362;2615;0.599;89568.29;DKK
27/05/2023;HH_Prog_Display_Havesaeson_202305;12607.97;157862;776;0.804;13901.01;DKK
25/11/2023;HAVEHJ_Prog_Video_BlackFriday_202311;5290.34;545051;2711;0.754;7823.74;EUR
07/02/2022;Havehjornet_Prog_Display_Alm_202202;7278.07;93408;476;0.885;7786.91;DKK
16/03/2025;HH_Prog_Display_Alm_202503_kopi;17923.44;237249;1090;0.655;15296.25;DKK
30/08/2023;HH_Prog_Video_Alm_202308_kopi;33598.49;658593;1940;0.897;67672.14;DKK
26/08/2025;Havehjornet_Prog_Video_Alm_202508;13814.26;351912;1379;0.737;23680.16;DKK
19/03/2024;Havehjornet_Prog_Display_Alm_202403;937.58;97772;474;0.634;944.69;EUR
24/03/2023;hh_dk_Prog_Video_Alm_202303;13359.80;381619;698;0.551;24714.87;DKK
05/09/2023;Havehjornet_Prog_Display_Alm_202309_kopi;28975.68;449569;2173;0.856;38162.76;DKK
03/07/2025;HH_Prog_Display_Alm_202507;6480.78;110289;346;0.561;7881.44;DKK
07/02/2022;Havehjornet_Prog_Video_Alm_202202;30258.62;339315;2261;0.747;54797.75;DKK
22/02/2025;Havehjornet_Prog_Video_Alm_202502;68146.38;821186;4032;0.59;134128.28;DKK
18/12/2023;HH_Prog_Display_Jul_202312;9069.08;262542;549;0.778;12154.77;DKK
19/12/2022;HAVEHJ_Prog_Display_Jul_202212;8181.12;107880;576;0.782;10855.08;DKK
18/07/2023;HAVEHJ_Prog_Display_Alm_202307;6259.06;89220;541;0.752;5332.98;DKK
17/09/2023;HAVEHJ_Prog_Video_Alm_202309;17259.31;296879;1010;0.835;39713.44;DKK
23/02/2024;HH_Prog_Video_Alm_202402;26550.62;714666;3114;0.608;46526.36;DKK
06/10/2023;HAVEHJ_Prog_Video_Alm_202310;28148.67;745022;1527;0.585;55648.25;DKK
15/01/2025;HAVEHJ_Prog_Display_Alm_202501;11344.47;159419;1223;0.882;11509.08;DKK
19/05/2022;HH_Prog_Video_Havesaeson_202205;2287.08;548714;1520;0.595;4288.32;EUR
24/07/2023;hh_dk_Prog_Display_Alm_202307;1624.92;234513;776;0.765;2613.61;EUR
26/07/2022;HAVEHJ_Prog_Video_Alm_202207;2548.68;56756;171;0.875;4828.85;DKK
17/12/2022;hh_dk_Prog_Video_Jul_202212;21655.97;250143;1201;0.663;47194.28;DKK
06/04/2023;hh_dk_Prog_Display_Havesaeson_202304;1079.28;102184;716;0.88;1250.75;EUR
23/03/2024;Havehjornet_Prog_Video_Alm_202403;20971.44;234541;1293;0.882;38241.04;DKK
28/07/2022;Havehjornet_Prog_Display_Alm_202207_kopi;13118.82;192043;1128;0.61;13220.53;DKK
18/04/2024;HAVEHJ_Prog_Video_Havesaeson_202404;10711.53;2349179;6783;0.829;27880.48;EUR
05/11/2024;HH_Prog_Video_BlackFriday_202411;4037.08;566876;1586;0.84;7369.32;EUR
12/11/2025;hh_dk_Prog_Video_BlackFriday_202511_kopi;1423.01;204745;663;0.671;2669.84;EUR
03/07/2023;HAVEHJ_Prog_Video_Alm_202307;28453.58;357364;2983;0.791;65709.73;DKK
04/08/2025;HAVEHJ_Prog_Display_Alm_202508;10599.81;164488;575;0.879;13479.31;DKK
31/10/2024;hh_dk_Prog_Display_Alm_202410;8965.70;155343;636;0.787;12924.78;DKK
28/12/2023;hh_dk_Prog_Display_Jul_202312;17458.55;265882;1026;0.807;22474.34;DKK
31/07/2023;Havehjornet_Prog_Display_Alm_202307;1753.33;240483;1585;0.692;1579.33;EUR
20/09/2023;HH_Prog_Video_Alm_202309;33616.61;592816;2635;0.78;52639.04;DKK
05/09/2024;Havehjornet_Prog_Display_Alm_202409;17304.80;375006;1132;0.609;19209.87;DKK
18/06/2022;hh_dk_Prog_Display_Havesaeson_202206;2307.00;194283;948;0.775;2280.18;EUR
25/02/2025;HH_Prog_Display_Alm_202502;969.47;137875;810;0.749;1526.90;EUR
15/08/2023;HAVEHJ_Prog_Display_Alm_202308;18104.83;286152;1021;0.89;19897.16;DKK
29/11/2025;Havehjornet_Prog_Video_BlackFriday_202511;26089.49;423008;2090;0.572;47998.70;DKK
04/04/2022;HH_Prog_Display_Havesaeson_202204;7960.18;116137;588;0.862;8573.06;DKK
20/08/2024;HH_Prog_Display_Alm_202408;16033.76;265778;1250;0.651;25854.82;DKK
09/02/2022;HAVEHJ_Prog_Video_Alm_202202;11572.53;231205;1166;0.865;26894.68;DKK
20/10/2025;HH_Prog_Video_Alm_202510;2633.70;412460;2194;0.755;5541.01;EUR
01/01/2023;hh_dk_Prog_Video_Alm_202301;16295.33;258949;941;0.844;17815.96;DKK
13/06/2024;hh_dk_Prog_Video_Havesaeson_202406;19911.75;560099;1292;0.889;49258.83;DKK
25/08/2023;HAVEHJ_Prog_Video_Alm_202308;26265.16;437475;1590;0.818;61763.05;DKK
24/04/2025;HAVEHJ_Prog_Video_Havesaeson_202504;43371.62;1357722;2171;0.672;71775.60;DKK
20/08/2025;HAVEHJ_Prog_Display_Alm_202508;11352.36;165573;648;0.798;11945.27;DKK
06/07/2024;Havehjornet_Prog_Display_Alm_202407;7141.78;82801;615;0.851;9799.46;DKK
25/05/2023;HH_Prog_Display_Havesaeson_202305;647.84;69120;285;0.894;803.62;EUR
25/09/2022;Havehjornet_Prog_Video_Alm_202209;36753.13;558383;3051;0.587;82606.66;DKK
16/10/2023;HAVEHJ_Prog_Display_Alm_202310;26316.14;619332;2331;0.618;19377.88;DKK
31/10/2025;hh_dk_Prog_Video_Alm_202510;26291.44;424874;1402;0.79;56587.07;DKK
06/09/2022;Havehjornet_Prog_Display_Alm_202209;18084.09;203893;1122;0.665;16089.58;DKK
06/03/2025;hh_dk_Prog_Display_Alm_202503_kopi;19033.71;314834;1742;0.645;15839.25;DKK
03/04/2025;HH_Prog_Display_Havesaeson_202504;21096.74;303602;2261;0.596;28042.39;DKK
29/01/2025;hh_dk_Prog_Display_Alm_202501;3862.65;69909;336;0.613;4322.78;DKK
22/08/2023;Havehjornet_Prog_Video_Alm_202308;10328.85;207545;933;0.633;24940.23;DKK
03/10/2025;hh_dk_Prog_Video_Alm_202510;21567.61;246296;1634;0.582;40215.89;DKK
28/01/2024;hh_dk_Prog_Video_Alm_202401;19878.71;281707;1627;0.682;43978.24;DKK
25/04/2024;Havehjornet_Prog_Video_Havesaeson_202404;20689.47;348010;1205;0.844;40588.47;DKK
25/11/2024;HH_Prog_Video_BlackFriday_202411;22430.84;269387;1430;0.588;32445.45;DKK
29/09/2022;HH_Prog_Display_Alm_202209_kopi;18306.58;284662;933;0.843;18890.74;DKK
28/10/2023;HH_Prog_Display_Alm_202310;15454.97;200526;1315;0.624;16158.84;DKK
28/10/2022;Havehjornet_Prog_Video_Alm_202210;3914.77;441172;3565;0.759;10956.45;EUR
10/08/2024;HAVEHJ_Prog_Video_Alm_202408;3206.53;41147;309;0.829;6050.07;DKK
11/07/2024;HH_Prog_Display_Alm_202407;11811.92;148020;1406;0.701;11362.20;DKK
18/07/2022;hh_dk_Prog_Display_Alm_202207;9604.36;133697;974;0.658;12888.17;DKK
16/05/2024;Havehjornet_Prog_Video_Havesaeson_202405;26044.81;465729;1559;0.777;49544.14;DKK
18/08/2022;HH_Prog_Display_Alm_202208;18171.87;305634;1036;0.681;17416.17;DKK
08/06/2024;HH_Prog_Video_Havesaeson_202406;4562.58;399173;2569;0.615;8118.13;EUR
18/03/2023;HAVEHJ_Prog_Display_Alm_202303;22942.31;431122;2491;0.744;31492.08;DKK
08/09/2024;hh_dk_Prog_Display_Alm_202409;16773.30;221721;1148;0.77;21076.74;DKK
12/11/2024;HAVEHJ_Prog_Video_BlackFriday_202411_kopi;47210.56;541108;3974;0.63;113618.59;DKK
19/08/2024;Havehjornet_Prog_Display_Alm_202408;1611.63;207958;1337;0.693;1793.69;EUR
21/01/2022;HAVEHJ_Prog_Video_Alm_202201;20659.66;231291;1157;0.834;48086.08;DKK
07/05/2023;HH_Prog_Video_Havesaeson_202305;52039.66;933853;4353;0.723;61158.86;DKK
28/01/2023;hh_dk_Prog_Display_Alm_202301;16429.73;423505;845;0.633;23877.23;DKK
02/07/2025;HAVEHJ_Prog_Display_Alm_202507_kopi;10176.89;296659;666;0.599;12951.52;DKK
09/11/2025;hh_dk_Prog_Video_BlackFriday_202511;4518.31;421475;1984;0.618;6938.62;EUR
26/02/2025;hh_dk_Prog_Video_Alm_202502;20651.01;280504;1380;0.874;53600.95;DKK
23/06/2024;HH_Prog_Video_Havesaeson_202406_kopi;6635.73;102112;569;0.847;13867.93;DKK
01/02/2025;hh_dk_Prog_Video_Alm_202502;32994.84;626628;2994;0.628;41337.82;DKK
25/11/2022;HH_Prog_Video_BlackFriday_202211;8985.94;153799;501;0.618;18500.19;DKK
12/05/2025;hh_dk_Prog_Video_Havesaeson_202505;25325.39;640802;2283;0.839;38064.22;DKK
30/05/2025;HH_Prog_Video_Havesaeson_202505;34804.57;496558;2396;0.695;53579.58;DKK
06/06/2022;hh_dk_Prog_Video_Havesaeson_202206;24107.17;300275;1658;0.647;39321.21;DKK
21/06/2023;Havehjornet_Prog_Display_Havesaeson_202306;15106.16;195034;1138;0.825;18079.59;DKK
10/06/2022;hh_dk_Prog_Display_Havesaeson_202206;9487.52;234122;894;0.596;8522.47;DKK
12/07/2024;HAVEHJ_Prog_Video_Alm_202407;1081.12;90985;611;0.766;1872.79;EUR
28/11/2025;HAVEHJ_Prog_Display_BlackFriday_202511;9414.25;240003;810;0.654;11136.65;DKK
03/03/2022;HH_Prog_Display_Alm_202203;18427.40;280083;1801;0.678;28102.13;DKK
09/10/2022;HAVEHJ_Prog_Display_Alm_202210;9416.69;279637;884;0.743;9856.07;DKK
21/11/2024;Havehjornet_Prog_Video_BlackFriday_202411;25435.05;431509;1523;0.784;69677.96;DKK
16/02/2023;HH_Prog_Video_Alm_202302;21493.39;300494;1110;0.652;38807.90;DKK
08/07/2024;HH_Prog_Video_Alm_202407;3809.28;72367;268;0.688;7926.41;DKK
27/05/2023;hh_dk_Prog_Video_Havesaeson_202305;40755.28;462239;3366;0.775;91940.47;DKK
24/09/2023;Havehjornet_Prog_Video_Alm_202309;42827.07;639168;4382;0.893;87780.30;DKK
26/05/2023;HAVEHJ_Prog_Display_Havesaeson_202305;12870.45;212991;1497;0.858;17581.93;DKK
23/12/2022;HAVEHJ_Prog_Video_Jul_202212;37908.32;438267;4040;0.816;74482.01;DKK
24/11/2024;hh_dk_Prog_Display_BlackFriday_202411;9880.31;324544;593;0.573;12530.95;DKK
09/12/2025;Havehjornet_Prog_Video_Jul_202512;55463.92;1023879;5013;0.752;110089.41;DKK
28/06/2023;HAVEHJ_Prog_Video_Havesaeson_202306;11205.24;169496;789;0.588;21234.88;DKK
23/06/2023;HAVEHJ_Prog_Display_Havesaeson_202306;3087.05;58624;180;0.768;2628.79;DKK
20/04/2025;Havehjornet_Prog_Video_Havesaeson_202504;27093.05;349094;1795;0.853;48419.30;DKK
26/09/2024;HH_Prog_Display_Alm_202409;17641.65;279180;1849;0.664;24382.46;DKK
09/03/2025;HH_Prog_Video_Alm_202503_kopi;27953.13;862808;1943;0.648;58370.54;DKK
10/09/2022;HAVEHJ_Prog_Display_Alm_202209;13464.60;236012;1591;0.63;13927.51;DKK
27/01/2022;HAVEHJ_Prog_Display_Alm_202201_kopi;8923.79;219164;832;0.821;10752.91;DKK
09/08/2022;HH_Prog_Video_Alm_202208;1277.82;128985;813;0.852;2186.92;EUR
20/04/2022;HH_Prog_Display_Havesaeson_202204;13661.62;408512;712;0.767;13975.28;DKK
25/05/2024;HH_Prog_Video_Havesaeson_202405;24034.71;307016;1425;0.552;49857.15;DKK
13/02/2024;Havehjornet_Prog_Video_Alm_202402;15067.24;233680;931;0.82;22355.58;DKK
31/10/2024;hh_dk_Prog_Video_Alm_202410;16532.75;230419;1252;0.584;19239.17;DKK
31/01/2025;HH_Prog_Video_Alm_202501;20199.23;634086;2211;0.738;41779.01;DKK
04/12/2025;HAVEHJ_Prog_Display_Jul_202512;10164.77;140205;711;0.816;8204.19;DKK
04/04/2022;Havehjornet_Prog_Video_Havesaeson_202204;6934.43;122962;843;0.735;12884.99;DKK
19/01/2024;HH_Prog_Display_Alm_202401;3602.74;372090;1530;0.576;2836.95;EUR
09/01/2025;hh_dk_Prog_Video_Alm_202501;12243.99;137390;707;0.626;27040.45;DKK
28/12/2024;Havehjornet_Prog_Display_Jul_202412;7632.46;229779;723;0.8;7489.52;DKK
12/01/2023;HH_Prog_Display_Alm_202301;4274.52;124017;234;0.782;4307.15;DKK
14/08/2025;HH_Prog_Video_Alm_202508;39459.91;860347;2807;0.735;91453.26;DKK
05/05/2025;HH_Prog_Display_Havesaeson_202505;3180.68;392615;1882;0.625;3990.05;EUR
11/09/2023;hh_dk_Prog_Display_Alm_202309_kopi;19760.29;265420;1206;0.665;25248.13;DKK
22/05/2022;HH_Prog_Video_Havesaeson_202205_kopi;23823.78;661411;1847;0.603;37971.80;DKK
10/02/2022;Havehjornet_Prog_Video_Alm_202202;10049.09;209097;783;0.857;12119.57;DKK
27/08/2025;hh_dk_Prog_Video_Alm_202508;12625.78;396504;706;0.786;25304.83;DKK
26/03/2025;HH_Prog_Display_Alm_202503;6290.80;187495;467;0.898;8548.01;DKK
27/07/2023;hh_dk_Prog_Video_Alm_202307;13074.14;148459;1216;0.841;29511.87;DKK
26/09/2022;HH_Prog_Video_Alm_202209_kopi;11180.71;288726;1075;0.63;20339.09;DKK
07/05/2022;hh_dk_Prog_Display_Havesaeson_202205;17610.16;318474;1272;0.569;21280.44;DKK
07/10/2025;hh_dk_Prog_Video_Alm_202510;17571.67;286042;990;0.877;34242.37;DKK
04/06/2022;HH_Prog_Video_Havesaeson_202206;14909.82;185207;980;0.652;39819.67;DKK
18/02/2022;hh_dk_Prog_Video_Alm_202202;28541.56;429243;2309;0.586;67369.99;DKK
21/05/2024;HAVEHJ_Prog_Video_Havesaeson_202405;44130.41;502147;2291;0.634;84765.58;DKK
13/02/2025;HAVEHJ_Prog_Video_Alm_202502;35739.52;645089;2778;0.63;70827.95;DKK
06/05/2023;HAVEHJ_Prog_Video_Havesaeson_202305;4632.31;107079;254;0.76;10662.31;DKK
16/07/2023;hh_dk_Prog_Display_Alm_202307;11003.84;180102;555;0.844;12155.45;DKK
26/10/2023;HH_Prog_Video_Alm_202310;24114.82;423043;2166;0.812;28015.16;DKK
11/01/2022;HAVEHJ_Prog_Video_Alm_202201;5075.63;72834;355;0.865;7082.57;DKK
17/12/2024;HH_Prog_Video_Jul_202412;19175.01;300155;1729;0.776;52790.22;DKK
07/09/2025;hh_dk_Prog_Display_Alm_202509;7624.82;126261;473;0.809;7783.48;DKK
03/06/2022;hh_dk_Prog_Video_Havesaeson_202206;29548.77;434339;1714;0.651;70144.19;DKK
10/09/2023;HH_Prog_Display_Alm_202309_kopi;3020.72;38620;215;0.777;2981.75;DKK
06/12/2024;Havehjornet_Prog_Display_Jul_202412;21289.11;480012;2033;0.596;21652.44;DKK
19/05/2025;Havehjornet_Prog_Display_Havesaeson_202505;15811.54;304133;971;0.627;22427.86;DKK
23/02/2023;hh_dk_Prog_Display_Alm_202302;11807.75;196074;1476;0.875;11277.56;DKK
11/03/2025;HAVEHJ_Prog_Display_Alm_202503;17485.22;225733;1863;0.603;23597.04;DKK
26/06/2023;HH_Prog_Video_Havesaeson_202306;15336.71;348444;1018;0.742;28658.34;DKK
06/11/2024;HAVEHJ_Prog_Video_BlackFriday_202411;2404.20;201951;1042;0.789;4871.63;EUR
27/09/2023;HAVEHJ_Prog_Video_Alm_202309;13710.76;241670;723;0.587;30102.42;DKK
09/08/2025;Havehjornet_Prog_Display_Alm_202508;14549.25;265154;1517;0.742;22342.73;DKK
13/07/2022;Havehjornet_Prog_Display_Alm_202207;19920.79;294256;1511;0.849;29154.98;DKK
29/12/2023;hh_dk_Prog_Display_Jul_202312;6798.10;186944;549;0.734;11791.25;DKK
24/05/2025;HH_Prog_Video_Havesaeson_202505;42340.76;710934;4205;0.735;87452.79;DKK
12/04/2024;hh_dk_Prog_Video_Havesaeson_202404;14589.64;170156;746;0.552;23335.29;DKK
26/11/2023;Havehjornet_Prog_Display_BlackFriday_202311;10210.37;145520;537;0.8;15480.60;DKK
29/08/2024;hh_dk_Prog_Video_Alm_202408;28823.72;512951;1690;0.762;49133.86;DKK
12/03/2024;HH_Prog_Video_Alm_202403;9810.32;184889;730;0.852;18441.19;DKK
01/05/2022;HH_Prog_Display_Havesaeson_202205;30423.59;785259;3122;0.59;41336.85;DKK
31/07/2022;Havehjornet_Prog_Video_Alm_202207;3214.02;38647;210;0.654;4869.33;DKK
13/09/2025;hh_dk_Prog_Display_Alm_202509;4783.90;60632;538;0.592;4843.88;DKK
20/07/2024;HH_Prog_Video_Alm_202407;5826.69;81205;318;0.557;12608.30;DKK
27/09/2024;hh_dk_Prog_Display_Alm_202409;7740.69;115864;912;0.576;9328.00;DKK
07/12/2022;HH_Prog_Display_Jul_202212;784.75;166203;516;0.645;1238.02;EUR
29/06/2024;HH_Prog_Display_Havesaeson_202406;6244.54;132178;383;0.891;9739.83;DKK
13/01/2023;HH_Prog_Video_Alm_202301;22799.68;267407;1506;0.617;47135.51;DKK
21/10/2025;HAVEHJ_Prog_Display_Alm_202510;1579.53;261779;863;0.575;2038.61;EUR
20/02/2023;Havehjornet_Prog_Video_Alm_202302;31608.80;370240;2131;0.803;47719.17;DKK
10/12/2023;Havehjornet_Prog_Video_Jul_202312;30540.76;367398;1866;0.56;69562.17;DKK
28/03/2023;hh_dk_Prog_Video_Alm_202303;682.72;111464;399;0.696;1535.88;EUR
10/01/2023;HAVEHJ_Prog_Display_Alm_202301_kopi;7107.84;137814;382;0.6;8138.05;DKK
26/07/2022;HAVEHJ_Prog_Display_Alm_202207;11609.44;143135;672;0.728;12661.13;DKK
01/07/2022;Havehjornet_Prog_Video_Alm_202207;14189.85;201203;1230;0.803;18024.24;DKK
23/07/2024;HH_Prog_Video_Alm_202407;4887.41;97737;263;0.598;9228.92;DKK
08/12/2025;HH_Prog_Video_Jul_202512;4496.12;489475;2214;0.833;8819.27;EUR
05/10/2025;HAVEHJ_Prog_Display_Alm_202510;27611.01;587301;1527;0.857;42081.06;DKK
06/03/2024;Havehjornet_Prog_Display_Alm_202403;10437.22;147737;947;0.852;14960.09;DKK
03/12/2025;HH_Prog_Display_Jul_202512;20988.75;574560;1422;0.867;25101.67;DKK
26/02/2022;HH_Prog_Display_Alm_202202;7025.84;83881;387;0.611;8496.56;DKK
14/07/2025;hh_dk_Prog_Display_Alm_202507;13805.49;220002;1567;0.647;17920.82;DKK
13/11/2025;hh_dk_Prog_Display_BlackFriday_202511;3845.54;428285;1450;0.861;4507.39;EUR
15/08/2025;Havehjornet_Prog_Video_Alm_202508;13522.50;286170;717;0.609;32119.54;DKK
01/02/2022;HAVEHJ_Prog_Video_Alm_202202_kopi;44091.64;530054;5027;0.589;64611.06;DKK
11/10/2023;HH_Prog_Video_Alm_202310;3515.74;647020;1364;0.882;6614.84;EUR
13/10/2022;HAVEHJ_Prog_Display_Alm_202210_kopi;9379.68;132273;697;0.565;13266.47;DKK
03/11/2022;hh_dk_Prog_Video_BlackFriday_202211;1685.14;165770;995;0.76;3566.73;EUR
03/01/2026;Havehjornet_Prog_Video_Alm_202601_kopi;7110.33;102381;451;0.847;12801.19;DKK
26/01/2025;hh_dk_Prog_Display_Alm_202501;12708.59;247692;1497;0.609;19773.36;DKK
20/10/2022;hh_dk_Prog_Display_Alm_202210;7871.43;216966;440;0.761;9323.63;DKK
15/10/2024;HAVEHJ_Prog_Video_Alm_202410;14219.10;270702;775;0.667;31616.19;DKK
09/12/2023;Havehjornet_Prog_Video_Jul_202312;19644.69;358968;1284;0.564;37141.44;DKK
02/01/2023;HH_Prog_Display_Alm_202301;6257.86;168600;593;0.665;6686.66;DKK
04/01/2022;HH_Prog_Video_Alm_202201_kopi;6672.22;89917;337;0.686;13347.85;DKK
15/04/2022;HH_Prog_Video_Havesaeson_202204;13041.64;205524;807;0.562;23179.91;DKK
15/05/2025;Havehjornet_Prog_Video_Havesaeson_202505;25164.44;398677;2177;0.831;43214.33;DKK
30/07/2024;HAVEHJ_Prog_Video_Alm_202407;9647.89;210613;535;0.723;22731.57;DKK
20/12/2024;HAVEHJ_Prog_Video_Jul_202412_kopi;21191.79;266712;2424;0.878;36726.44;DKK
09/01/2024;hh_dk_Prog_Video_Alm_202401;2235.72;271764;1133;0.836;4184.07;EUR
06/03/2022;HH_Prog_Video_Alm_202203;18562.58;230688;1500;0.571;37349.36;DKK
31/07/2023;hh_dk_Prog_Video_Alm_202307;9925.04;221050;1018;0.884;15626.11;DKK
17/04/2025;HAVEHJ_Prog_Display_Havesaeson_202504_kopi;13813.86;156054;718;0.621;15515.32;DKK
31/03/2022;Havehjornet_Prog_Display_Alm_202203;19640.08;560724;1737;0.692;19607.20;DKK
05/05/2023;hh_dk_Prog_Video_Havesaeson_202305;22026.46;571630;1836;0.823;48368.23;DKK
08/08/2022;HAVEHJ_Prog_Video_Alm_202208;17955.33;293857;1087;0.794;25105.84;DKK
08/11/2022;hh_dk_Prog_Video_BlackFriday_202211;29357.49;593870;1670;0.658;42826.63;DKK
18/07/2024;Havehjornet_Prog_Video_Alm_202407;10606.71;184751;1033;0.728;14342.76;DKK
08/02/2022;Havehjornet_Prog_Video_Alm_202202;32981.17;392714;3534;0.869;55500.33;DKK
15/04/2025;HAVEHJ_Prog_Display_Havesaeson_202504;13735.40;163795;753;0.829;19600.76;DKK
22/08/2023;Havehjornet_Prog_Display_Alm_202308;13509.42;276324;734;0.894;13795.17;DKK
26/10/2022;Havehjornet_Prog_Display_Alm_202210;6759.18;97228;383;0.571;9659.08;DKK
07/05/2024;Havehjornet_Prog_Video_Havesaeson_202405;34999.46;448624;2044;0.799;82097.08;DKK
27/02/2025;Havehjornet_Prog_Video_Alm_202502;27697.77;642681;2212;0.842;27098.91;DKK
09/10/2022;Havehjornet_Prog_Video_Alm_202210;7683.02;140333;734;0.72;13214.97;DKK
28/08/2025;HAVEHJ_Prog_Video_Alm_202508;35270.75;1094306;3467;0.801;69373.56;DKK
10/10/2022;Havehjornet_Prog_Display_Alm_202210;22793.68;526314;1790;0.653;24932.08;DKK
02/10/2022;HAVEHJ_Prog_Display_Alm_202210;13583.75;451783;1260;0.611;12644.46;DKK
20/02/2022;HH_Prog_Video_Alm_202202_kopi;10059.57;150839;509;0.886;22687.06;DKK
05/08/2025;Havehjornet_Prog_Video_Alm_202508;5152.47;80676;627;0.755;12070.03;DKK
30/03/2024;Havehjornet_Prog_Video_Alm_202403;11159.13;140983;617;0.68;20411.98;DKK
24/10/2024;hh_dk_Prog_Video_Alm_202410;16402.04;204756;1998;0.709;29079.71;DKK
09/05/2025;Havehjornet_Prog_Display_Havesaeson_202505;6307.61;76178;317;0.771;5813.93;DKK
22/04/2025;Havehjornet_Prog_Display_Havesaeson_202504;11123.01;148313;1144;0.772;8947.23;DKK
15/11/2024;Havehjornet_Prog_Display_BlackFriday_202411;24573.54;307682;1543;0.847;29757.76;DKK
10/12/2025;hh_dk_Prog_Display_Jul_202512;14985.42;336407;755;0.724;17005.61;DKK
19/04/2024;HAVEHJ_Prog_Video_Havesaeson_202404;13086.70;162617;744;0.648;22509.86;DKK
11/09/2023;HH_Prog_Video_Alm_202309;4732.59;533767;3253;0.687;11254.26;EUR
07/05/2022;HH_Prog_Video_Havesaeson_202205;31833.09;659587;2450;0.758;74402.79;DKK
20/06/2023;HAVEHJ_Prog_Display_Havesaeson_202306;18875.51;302842;1095;0.792;19481.42;DKK
10/10/2023;hh_dk_Prog_Video_Alm_202310;17157.46;224661;1277;0.759;27560.99;DKK
07/04/2024;HH_Prog_Video_Havesaeson_202404;1555.87;289646;997;0.762;2107.31;EUR
20/05/2022;HAVEHJ_Prog_Display_Havesaeson_202205;4272.41;425065;1680;0.556;6081.31;EUR
08/01/2025;HAVEHJ_Prog_Display_Alm_202501;12967.75;308825;1459;0.566;18002.59;DKK
24/01/2022;Havehjornet_Prog_Display_Alm_202201;1284.94;33367;77;0.623;1890.53;DKK
31/03/2023;hh_dk_Prog_Display_Alm_202303;19820.16;239148;1166;0.595;30069.18;DKK
24/03/2024;hh_dk_Prog_Display_Alm_202403;16738.35;347664;899;0.564;20138.68;DKK
19/08/2022;HAVEHJ_Prog_Video_Alm_202208;22660.00;380283;1988;0.851;40385.52;DKK
03/12/2022;HH_Prog_Display_Jul_202212;10489.71;145914;669;0.681;8624.22;DKK
30/01/2024;HH_Prog_Video_Alm_202401;8335.95;705957;5151;0.656;11871.51;EUR
27/08/2023;HH_Prog_Video_Alm_202308;33535.34;522067;2077;0.878;58561.24;DKK
17/05/2024;hh_dk_Prog_Display_Havesaeson_202405;22201.18;703643;1753;0.838;34210.31;DKK
08/04/2025;hh_dk_Prog_Video_Havesaeson_202504;14157.18;203954;960;0.877;25781.30;DKK
01/01/2023;Havehjornet_Prog_Display_Alm_202301;11148.81;274040;1223;0.67;14177.36;DKK
29/10/2022;Havehjornet_Prog_Display_Alm_202210;17816.21;361422;1372;0.659;17280.46;DKK
01/08/2022;HH_Prog_Video_Alm_202208;13589.70;176074;1216;0.592;18685.42;DKK
14/08/2024;Havehjornet_Prog_Display_Alm_202408;7197.30;114621;362;0.871;8449.42;DKK
14/11/2025;hh_dk_Prog_Display_BlackFriday_202511;2172.72;259595;1278;0.578;2114.63;EUR
18/05/2023;Havehjornet_Prog_Display_Havesaeson_202305_kopi;9480.77;117644;498;0.788;11851.53;DKK
14/11/2024;hh_dk_Prog_Display_BlackFriday_202411;4146.89;60011;236;0.554;4418.17;DKK
01/01/2025;Havehjornet_Prog_Display_Alm_202501;8709.38;127316;475;0.789;10530.77;DKK
21/12/2023;HH_Prog_Video_Jul_202312;24295.94;381507;1334;0.7;47688.97;DKK
24/07/2022;HH_Prog_Video_Alm_202207;10716.09;256355;559;0.867;17271.71;DKK
08/12/2023;hh_dk_Prog_Display_Jul_202312_kopi;13101.78;332768;967;0.761;25528.78;DKK
13/04/2023;HH_Prog_Video_Havesaeson_202304;19817.22;479282;1940;0.888;50773.52;DKK
19/12/2025;HAVEHJ_Prog_Display_Jul_202512;768.56;93588;293;0.879;1005.70;EUR
09/05/2024;HH_Prog_Video_Havesaeson_202405;19863.19;328068;1645;0.79;40082.27;DKK
14/02/2023;Havehjornet_Prog_Video_Alm_202302;39594.85;530769;2166;0.748;84453.92;DKK
13/04/2022;HH_Prog_Display_Havesaeson_202204;22523.49;369336;1352;0.685;35967.77;DKK
27/08/2025;hh_dk_Prog_Display_Alm_202508;15398.78;339821;865;0.55;15392.61;DKK
30/01/2023;hh_dk_Prog_Video_Alm_202301;24882.30;642019;1522;0.827;58611.48;DKK
24/10/2024;HH_Prog_Display_Alm_202410;18360.84;438632;1245;0.787;22126.73;DKK
20/12/2022;hh_dk_Prog_Video_Jul_202212;21428.24;327455;1091;0.894;46597.98;DKK
23/06/2025;hh_dk_Prog_Display_Havesaeson_202506;5025.97;61581;593;0.825;3817.50;DKK
06/06/2024;HH_Prog_Video_Havesaeson_202406;34479.34;454821;2078;0.726;63586.18;DKK
13/07/2023;hh_dk_Prog_Display_Alm_202307;9410.01;240348;650;0.701;14323.16;DKK
19/12/2024;Havehjornet_Prog_Display_Jul_202412;14908.05;387463;984;0.73;22195.75;DKK
14/06/2025;HH_Prog_Display_Havesaeson_202506;15696.76;343291;1001;0.61;20945.60;DKK
17/10/2025;hh_dk_Prog_Display_Alm_202510;14716.90;236529;1417;0.806;14241.50;DKK
29/03/2022;HH_Prog_Display_Alm_202203;11630.08;144088;770;0.712;15312.48;DKK
23/04/2024;Havehjornet_Prog_Video_Havesaeson_202404;12315.50;284530;736;0.854;22349.06;DKK
23/12/2024;hh_dk_Prog_Display_Jul_202412;7892.90;225005;396;0.758;11738.15;DKK
23/11/2024;HH_Prog_Video_BlackFriday_202411;27834.68;834933;1700;0.73;58924.60;DKK
07/06/2022;HAVEHJ_Prog_Video_Havesaeson_202206;37122.79;731961;2262;0.701;66683.44;DKK
22/03/2025;HAVEHJ_Prog_Video_Alm_202503;7576.60;110586;383;0.626;14459.51;DKK
07/12/2025;HAVEHJ_Prog_Display_Jul_202512;6832.30;170741;546;0.64;7603.77;DKK
28/06/2024;hh_dk_Prog_Display_Havesaeson_202406;12689.82;160611;648;0.874;21801.30;DKK
15/04/2024;Havehjornet_Prog_Display_Havesaeson_202404;1446.33;299967;606;0.771;1797.10;EUR
10/05/2022;Havehjornet_Prog_Display_Havesaeson_202205;23005.20;440788;1328;0.603;31762.16;DKK
11/12/2022;HAVEHJ_Prog_Video_Jul_202212;55538.74;744810;3358;0.572;111351.41;DKK
23/05/2022;hh_dk_Prog_Video_Havesaeson_202205;23951.71;291463;1745;0.702;48262.57;DKK
21/05/2025;HAVEHJ_Prog_Video_Havesaeson_202505;41659.69;575185;3330;0.838;84801.96;DKK
15/03/2024;HAVEHJ_Prog_Display_Alm_202403;14699.27;183470;1112;0.765;18187.26;DKK
12/10/2023;HH_Prog_Video_Alm_202310_kopi;20541.67;267279;2186;0.837;32269.24;DKK
11/03/2022;HAVEHJ_Prog_Video_Alm_202203;5226.83;115530;341;0.635;6980.15;DKK
24/11/2024;Havehjornet_Prog_Video_BlackFriday_202411;23357.85;635161;1282;0.826;37274.40;DKK
23/03/2022;HH_Prog_Display_Alm_202203;388.04;41547;234;0.622;343.08;EUR
25/07/2023;HAVEHJ_Prog_Video_Alm_202307;8417.89;163207;899;0.841;15947.72;DKK
20/09/2025;hh_dk_Prog_Video_Alm_202509;19603.74;601128;2284;0.772;41512.22;DKK
04/01/2023;HAVEHJ_Prog_Display_Alm_202301;12950.71;207240;1465;0.806;15910.73;DKK
01/08/2022;HAVEHJ_Prog_Display_Alm_202208;3901.37;75154;203;0.763;5796.53;DKK
17/04/2024;Havehjornet_Prog_Video_Havesaeson_202404;32337.91;362548;2029;0.894;58984.93;DKK
21/06/2023;HH_Prog_Video_Havesaeson_202306;40826.62;516270;2234;0.863;93982.98;DKK
05/06/2023;Havehjornet_Prog_Video_Havesaeson_202306;3903.96;645724;3332;0.76;7767.92;EUR
19/05/2024;HH_Prog_Display_Havesaeson_202405;11206.48;131726;1182;0.812;13232.91;DKK
03/10/2023;HAVEHJ_Prog_Display_Alm_202310;21768.26;381004;1897;0.826;16522.80;DKK
02/01/2023;HH_Prog_Video_Alm_202301;22210.14;315839;1350;0.61;36689.90;DKK
28/08/2022;HAVEHJ_Prog_Video_Alm_202208;29363.36;590000;1871;0.866;57426.95;DKK
25/10/2024;Havehjornet_Prog_Display_Alm_202410;20554.68;261236;1340;0.886;25367.91;DKK
23/12/2025;Havehjornet_Prog_Display_Jul_202512;14638.20;172381;1303;0.873;15023.28;DKK
19/03/2025;HH_Prog_Display_Alm_202503;11800.01;154440;772;0.756;12603.54;DKK
29/04/2024;HH_Prog_Display_Havesaeson_202404;14105.79;237822;734;0.77;22134.40;DKK
17/03/2022;HH_Prog_Display_Alm_202203;15715.35;454225;837;0.593;13650.63;DKK
06/01/2024;Havehjornet_Prog_Video_Alm_202401;16453.90;189834;977;0.757;36416.72;DKK
26/03/2022;HH_Prog_Video_Alm_202203;16888.58;458858;1158;0.609;27606.03;DKK
31/12/2022;HH_Prog_Video_Jul_202212;15300.09;454940;1259;0.776;26440.10;DKK
21/04/2022;HAVEHJ_Prog_Display_Havesaeson_202204;10538.55;195530;1002;0.858;10366.61;DKK
28/11/2023;Havehjornet_Prog_Video_BlackFriday_202311;20762.68;231175;1203;0.605;47835.56;DKK
29/01/2022;HH_Prog_Video_Alm_202201;11369.79;134549;661;0.678;25078.14;DKK
16/10/2024;hh_dk_Prog_Display_Alm_202410;9274.10;126752;639;0.743;12595.39;DKK
19/08/2022;HH_Prog_Display_Alm_202208;9513.74;143847;924;0.721;12549.39;DKK
15/06/2023;HAVEHJ_Prog_Video_Havesaeson_202306;20242.93;450749;1326;0.767;38384.50;DKK
27/08/2022;Havehjornet_Prog_Video_Alm_202208;17111.92;532157;1917;0.595;34403.00;DKK
15/02/2025;HH_Prog_Display_Alm_202502;20866.76;378599;1707;0.768;32265.48;DKK
13/06/2025;Havehjornet_Prog_Display_Havesaeson_202506;3241.26;404599;1301;0.851;4264.11;EUR
09/07/2024;HAVEHJ_Prog_Video_Alm_202407;7493.24;100249;639;0.626;18297.95;DKK
05/02/2024;Havehjornet_Prog_Display_Alm_202402;8370.26;135925;434;0.64;10811.20;DKK
24/07/2025;hh_dk_Prog_Video_Alm_202507_kopi;10414.46;263484;1017;0.68;20438.29;DKK
10/12/2023;HAVEHJ_Prog_Display_Jul_202312;32154.25;990773;2222;0.732;31043.11;DKK
20/07/2023;HAVEHJ_Prog_Display_Alm_202307;17628.24;568694;1345;0.572;24164.59;DKK
05/09/2024;Havehjornet_Prog_Video_Alm_202409;8223.46;96756;719;0.55;20051.86;DKK
06/12/2025;hh_dk_Prog_Display_Jul_202512;27731.26;557258;2461;0.742;30102.72;DKK
23/11/2024;Havehjornet_Prog_Display_BlackFriday_202411;23888.42;658718;1317;0.814;21220.88;DKK
18/05/2022;Havehjornet_Prog_Video_Havesaeson_202205;64330.16;1671431;6524;0.866;114343.67;DKK
23/11/2025;hh_dk_Prog_Video_BlackFriday_202511;40519.59;1224176;4024;0.566;68297.01;DKK
25/10/2023;HH_Prog_Display_Alm_202310;7856.61;205005;974;0.641;7825.74;DKK
26/03/2024;hh_dk_Prog_Display_Alm_202403;10263.35;208047;988;0.592;8825.16;DKK
11/08/2024;Havehjornet_Prog_Video_Alm_202408;33973.53;551080;3795;0.828;88834.89;DKK
02/01/2025;hh_dk_Prog_Video_Alm_202501_kopi;2091.92;257223;1364;0.862;5453.68;EUR
24/12/2024;HAVEHJ_Prog_Display_Jul_202412;3491.34;59436;237;0.843;4014.99;DKK
31/08/2022;hh_dk_Prog_Display_Alm_202208;5730.98;64573;378;0.669;6981.86;DKK
27/04/2024;HH_Prog_Display_Havesaeson_202404;6002.29;88583;366;0.854;6041.14;DKK
